학원명,법정동명,과목명,강사채용ID
동화세상에듀코,서울 동대문,수학,573
제스(J.E.S)영어학원,서울 송파구,영어,574
유베스트학원,인천 서구,국어,575
김미현국어학원,서울 양천구,국어,576
수학의힘 강동 본원,서울 강동구,영어,577
나무아카데미,서울 강남구,국어,578
세정스카이학원,서울 강남구,수학,579
스카이(SKY)영수학원,부산 강서구,영어,580
에듀코,서울 동대문,국어,581
프로매쓰(꽃피는수학),경기 용인시,수학,582
셈율수학학원,경기 성남시,수학,583
수타민 수학학원,인천 부평구,수학,584
텔레오입시전문학원,서울 강남구,사회계열,585
드림하이영어학원,서울 동작구,국어,586
막강학원.막강수학,경기 화성시,수학,587
개념폴리아학원 서초관,서울 서초구,수학,588
광진ELC어학원,서울 광진구,영어,589
채움학원,경기 부천시,영어,590
고앤정수학학원,서울 강남구,수학,591
주식회사 포스에듀,경기 용인시,영어,592
영매쓰수학학원,서울 강남구,수학,593
임팩트7영어학원,경기 부천시,국어,594
프라임에듀학원,서울 강남구,수학,595
한강와이즈만영재교육학원,경기 김포시,수학,596
피앤케이학원,서울 강남구,수학,597
GnB,인천 서구,영어,598
탑 고려보습학원,서울 광진구,수학,599
다마스쿠스 학원,서울 관악구,영어,600
미래탐구학원,서울 강남구,과학계열,601
대한논리속독학원,경기 하남시,국어,602
비원에듀,인천 서구,영어,603
진건양쌤학원,경기 남양주,영어,604
하이스트학원,서울 양천구,수학,605
주식회사 교연학원/LFA키...,인천 서구,영어,606
일신학원,서울 영등포,영어,607
(주)EDUCO,서울 동대문,국어,608
한맥국어전문학원,서울 마포구,국어,609
청라 드림교육센터,인천 서구,영어,610
신수학영어학원,인천 남동구,영어,611
필탑학원,서울 구로구,수학,612
오세용 어학원,서울 송파구,영어,613
정진학원,경기 수원시,수학,614
SNU수학학원,경기 성남시,수학,615
오르다영수전문학원,인천 동구,영어,616
미사중앙삼성영어&탑매쓰...,경기 하남시,영어,617
서울탑수학학원,경기 부천시,수학,618
시대인재교육,경기 안산시,영어,619
대학입시외국어학원,경기 시흥시,영어,620
뿌리와샘,제주 제주시,국어,621
지엔탑학원,경기 안양시,수학,622
에스학원,서울 강남구,수학,623
파란영어학원,경기 고양시,영어,624
목동엠폴리,서울 양천구,영어,625
대치동수스터디학원,경기 파주시,영어,626
다산 YBM잉글루,경기 남양주,영어,627
제이스카이학원,경기 남양주,수학,628
세진에듀학원,서울 강북구,영어,629
린쌤영어학원,경기 수원시,영어,630
아산올림피아드,충남 아산시,수학,631
지피지기학원,서울 영등포,수학,632
종로학원 하늘교육,경기 수원시,수학,633
이라랭귀지학원,경기 화성시,영어,634
YBM교육,경기 구리시,영어,635
해나샘영어,경기 구리시,영어,636
맥영수전문학원,경기 화성시,수학,637
이산국어 논술 학원,경기 화성시,국어,638
창의력발전소&주인공,경기 김포시,수학,639
종로엠스쿨학원,경기 오산시,수학,640
TNC수학원,서울 송파구,수학,641
한수위국어학원,경기 화성시,국어,642
수미상관한국어학원,서울 강남구,국어,643
오롬수학학원,경기 남양주,수학,644
연세수학원,서울 송파구,수학,645
백선화수학학원,경기 성남시,수학,646
전문가집단,서울 노원구,수학,647
스터디온학원,경기 화성시,수학,648
히파티아수학학원,서울 양천구,수학,649
하이퍼리뷰학원,서울 강남구,국어,650
다니엘수학보습학원,서울 송파구,수학,651
매쓰블릭수학학원,인천 부평구,수학,652
민정수학전문학원,서울 서대문,수학,653
가온국악보습학원,서울 강남구,수학,654
써큘러스리더 학습클리닉,서울 노원구,영어,655
와이즈만영재교육성남센터,경기 성남시,수학,656
이신학원,경기 안양시,영어,657
코람데오 어학원,서울 강동구,영어,658
연세이룸학원,서울 구로구,영어,659
구조분석영어학원,서울 마포구,영어,660
칼수학전문학원,경기 화성시,수학,661
함께하는수학학원,경기 안산시,영어,662
정현석 수학명가 학원,서울 송파구,수학,663
월성YEP영어학원,대구 달서구,영어,664
평내지1230학원,경기 남양주,영어,665
깊은생각국어학원,경기 고양시,영어,666
아이린영어학원,서울 노원구,영어,667
광수학,경기 고양시,수학,668
서원학원,경기 용인시,수학,669
탑지성학원,경기 수원시,영어,670
에스엠에듀,인천 남동구,수학,671
◈SD명문학원◈,경기 광명시,영어,672
세인학원,경기 광명시,수학,673
사하STRT,부산 사하구,수학,674
CSJ영어학원,서울 강남구,영어,675
더웨이즈수학앤영어학원,대구 북구,수학,676
이지엠학원,서울 관악구,수학,677
이상숙어학원,서울 성북구,영어,678
인천원탑영수전문학원,인천 남동구,영어,679
Julie 영어수학,서울 중랑구,영어,680
(주)동화세상에듀코,대구 남구,방문학습지,681
강의하는 아이들,서울 강남구,관리직,682
미들하이이스턴학원,인천 남동구,영어,683
여의도JS학원,서울 동작구,영어,684
TM 학원,경기 구리시,영어,685
그루영어,서울 서초구,영어,686
송도노른자프레임수학학원,인천 연수구,수학,687
차오름국어 씨엔에이논술,경기 광명시,국어,688
청어람국어 입시학원,경기 부천시,국어,689
리앤슨잉글리쉬,서울 성북구,영어,690
쎈수학러닝센터공터영어학...,경기 구리시,수학,691
김영화영어학원,경기 고양시,영어,692
우리에듀,경기 파주시,영어,693
하이블영수학원,경기 용인시,수학,694
일산식사 소마사고력 수학...,경기 고양시,수학,695
에스엔티학원,서울 강남구,영어,696
참수학학원,서울 양천구,수학,697
성북종로학원,서울 성북구,국어,698
삼성영어화서화양학원,경기 수원시,영어,699
이강학원,경기 수원시,수학,700
삽자루수학학원,서울 양천구,수학,701
천지인입시학원,경기 김포시,수학,702
이지베스트학원,경기 고양시,수학,703
비트영어학원,서울 노원구,영어,704
시매쓰영재교육학원,부산 해운대,수학,705
다원수타수학학원,서울 노원구,수학,706
생각하는황소 동작학원,서울 동작구,수학,707
시매쓰 오산센터,경기 오산시,수학,708
연세학원,경기 평택시,수학,709
EnP학원,경기 용인시,수학,710
뉴교연학원,경기 고양시,수학,711
맨투맨학원,경기 남양주,영어,712
서윤희 입시영어학원,경기 고양시,영어,713
대한논리속독고덕학원,서울 강동구,국어,714
LUCY어학원,경기 용인시,영어,715
플로우교육,경기 성남시,수학,716
MATH200,경기 고양시,수학,717
홍익보습학원,서울 은평구,수학,718
JTC어학원,경기 의정부,영어,719
고대수학원,인천 연수구,수학,720
비욘드잉글리쉬,경기 부천시,영어,721
하이스트 금천,서울 금천구,국어,722
이룸수학학원,경기 화성시,수학,723
나정향영어학원,서울 동대문,수학,724
동화세상 에듀코,인천 부평구,자기주도/학습코칭,725
이튼클래스,서울 광진구,국어,726
이엠학원,경기 안양시,영어,727
MEKS학원,경기 시흥시,영어,728
킴스잉글리시,서울 성북구,영어,729
윤선생 스마트 랜드,경남 진주시,영어,730
엘제이엠수학원,서울 양천구,수학,731
열린학원,서울 금천구,수학,732
(주)입실론에듀,경기 성남시,수학,733
도농 시매쓰,경기 남양주,수학,734
온새미로입시학원,경기 파주시,국어,735
정인수학,서울 종로구,수학,736
에스클래스영어전문학원,서울 서대문,영어,737
이룸학원,경기 평택시,수학,738
뮤엠영어세곡학원,서울 강남구,영어,739
공부독립,경기 부천시,수학,740
청람학원,서울 광진구,수학,741
가온국어논술학원,서울 동대문,국어,742
에버그린학원,충남 천안시,영어,743
마스터제이학원,경기 수원시,수학,744
패럴랙스 학원,대구 수성구,영어,745
이엔에스영어학원,경기 성남시,영어,746
강대  학원,서울 양천구,영어,747
에스학원,서울 서초구,수학,748
페르마수학보습학원,서울 서초구,수학,749
EiE 서창캠퍼스,인천 남동구,영어,750
매스토크,서울 마포구,수학,751
Yes학원,경기 남양주,수학,752
찬수학전문학원,경기 광명시,수학,753
운정 연솔학원,경기 파주시,수학,754
탑아카데미학원,경남 창원시,영어,755
생각하는 황소 화정,경기 고양시,수학,756
강북 세일학원,서울 성북구,수학,757
효성수학학원,서울 강남구,수학,758
김태형영어학원,경기 파주시,영어,759
고대학원,경기 화성시,국어,760
삼광학원,경기 의정부,영어,761
마테마타수학학원,경기 고양시,수학,762
유라영어학원,경기 광명시,영어,763
강한수학학원,경기 남양주,수학,764
김정은 수학,서울 영등포,수학,765
엠케이수학,서울 강북구,영어,766
일공구오국어학원,서울 광진구,국어,767
황은영국어 2관,경기 화성시,국어,768
아이필학원,인천 계양구,국어,769
대두수학학원,경기 성남시,국어,770
김샘수학&유베스타어학원,인천 연수구,영어,771
와이즈만영재교육 잠실센...,서울 송파구,수학,772
sky미래연수학학원,서울 노원구,수학,773
대원학원,서울 양천구,수학,774
목동ILS,서울 양천구,영어,775
미래듀학원,인천 연수구,영어,776
수학보호구역,인천 서구,수학,777
(주)다원교육,서울 강남구,수학,778
선진수학보습학원,경기 부천시,수학,779
관악뉴스터디,서울 관악구,수학,780
본수학전문학원,서울 구로구,수학,781
탑씨크리트 교육,충남 천안시,국어,782
EiE비상매스캔학원,서울 강남구,영어,783
솔로몬 영재학원,인천 서구,영어,784
지앤비국제사관어학원,서울 은평구,영어,785
더완벽한수학학원,경기 김포시,수학,786
ILKI어학원,경기 남양주,영어,787
YBM 교육 어학원,경기 용인시,영어,788
동화세상 에듀코,서울 동대문,영어,789
센트럴1리딩클럽풍무학원,경기 김포시,영어,790
미래인재학원,경기 양주시,영어,791
유투엠수학학원,경기 광명시,수학,792
김지민영어학원,서울 노원구,영어,793
탑클래스종합학원,인천 서구,수학,794
엠앤이학원,경기 안산시,수학,795
제이포커스잉글리쉬,서울 서초구,영어,796
프렌잉글리시 &차이랑 일...,경기 고양시,영어회화/텝스/토플,797
진명학원,서울 관악구,수학,798
파머스영어능동캠퍼스학원,경기 화성시,영어,799
TE MATH,충남 천안시,국어,800
이원수학학원,경기 광명시,수학,801
도봉 강태우어학원,서울 도봉구,국어,802
윤선생 IGSE,서울 동작구,영어,803
겨자씨의꿈,경기 고양시,국어,804
자유자재학원 알파관,서울 노원구,수학,805
페르마수학학원 성북캠퍼...,서울 성북구,수학,806
세계로학원,서울 강서구,수학,807
대치스터디,서울 강남구,수학,808
더매쓰수학전문,서울 마포구,수학,809
미래엔 사고력수학,경기 성남시,수학,810
공주쌤수학학원,서울 성북구,수학,811
엘리하이어학원,경기 용인시,영어,812
YBM잉글루,서울 노원구,수학,813
강서펜타곤학원,서울 강서구,수학,814
올인학원,인천 서구,영어,815
TS학원,경기 용인시,영어,816
수도보습학원,서울 금천구,영어,817
Summit 영어,경기 성남시,영어,818
제이엠아이수학학원,경기 성남시,수학,819
고석용현탑학원,서울 강남구,수학,820
게이트 영재센터,경기 용인시,수학,821
SM에듀,서울 강남구,수학,822
국풍2000 석촌관,서울 송파구,국어,823
금오민족사관학원,경기 의정부,국어,824
보스턴영어수학학원,경기 고양시,수학,825
PTM영수전문학원,인천 서구,수학,826
메사인재관학원,서울 강남구,수학,827
현수학전문학원,인천 서구,수학,828
메타어학원,경기 군포시,영어,829
밀당영어,서울 마포구,수학,830
윤선생IGSE아카데미양산가...,경남 양산시,수학,831
리딩타운어학원&셀파수학,인천 계양구,영어,832
비욘드잉글리쉬 송도랜드...,경기 부천시,영어,833
대치프라임학원,경기 시흥시,영어,834
토크스테이션,서울 광진구,상담직,835
대치영어연구소,경기 성남시,영어,836
거산TOP수학학원,인천 부평구,수학,837
저스트원학원,인천 미추홀,수학,838
프리메카학원,인천 남동구,수학,839
오르다샘앤클래스광교학원,경기 수원시,수학,840
대방웰이스턴영어,서울 동작구,영어,841
에스알어학원,경기 성남시,영어,842
성동뉴타운 소마학원,서울 성동구,수학,843
easy윤 수학영어,인천 부평구,영어,844
Real 수학학원,서울 서초구,수학,845
Alfa of Math,인천 연수구,수학,846
투스카이수학과학학원,인천 서구,수학,847
비오비에듀학원,경기 평택시,수학,848
킹스키즈어학원,경기 안산시,영어,849
정성학원,서울 성북구,영어,850
줄리킴영어학원,인천 연수구,영어,851
Study Factory,경기 하남시,영어,852
지엘에스에듀,서울 강남구,영어,853
동백정철어학원,경기 용인시,영어,854
설연고학원,경기 용인시,수학,855
샤인학원,서울 양천구,국어,856
중앙학원,서울 광진구,영어,857
은 수학영어학원,경기 부천시,수학,858
한수위학원,경기 성남시,수학,859
뿌리깊은국어학원,부산 해운대,국어,860
메이저수학학원,서울 서초구,수학,861
halo 헤일로수학과학학원,경기 안양시,수학,862
포레스픽 영어학원,서울 강서구,영어,863
육일수학학원,인천 남동구,수학,864
바른영어학원,인천 연수구,영어,865
팬더쌤영수전문학원,경기 의정부,수학,866
상상이상학원,세종 ,국어,867
날개달기 국어,경기 고양시,국어,868
강동하이레벨수학학원,서울 강동구,수학,869
코어에듀,서울 강남구,수학,870
(주) 서초아발론,서울 서초구,영어,871
Habit 9 어학원,서울 강남구,영어,872
CDC(Catholic Dreams & Ch...,서울 양천구,수학,873
서강영어학원,경기 성남시,영어,874
SAGE 영어학원,서울 동작구,영어,875
스카이 학원,경기 성남시,영어,876
더쎈학원,경기 김포시,수학,877
제이원에듀,제주 제주시,수학,878
미투스카이 수학전문학원,서울 강남구,수학,879
사이매쓰학원,경기 김포시,수학,880
이룸영어,서울 강남구,영어,881
일류학원,서울 중랑구,영어,882
더쎈영수학원,서울 특별시,영어,883
연세위너스학원,경기 고양시,수학,884
이도수학,인천 연수구,수학,885
루체테어학원 가재울캠퍼...,서울 서대문,영어,886
플랜에이수학학원,경기 의정부,수학,887
빌더스 인텐시브,경기 용인시,영어,888
G1230(양주점),경기 양주시,수학,889
에듀피아,인천 미추홀,영어,890
엠베스트SE 이산캠퍼스,경기 화성시,영어,891
멘토아카데미,서울 영등포,수학,892
아이엠지잉글리시,서울 은평구,수학,893
민병철주니어학원,서울 관악구,영어,894
The큰수학학원,서울 동대문,수학,895
파스칼학원,인천 서구,국어,896
유클리드 수학전문학원,대전 서구,수학,897
해솔학원,서울 은평구,영어,898
하이클래스 입시학원,인천 서구,수학,899
알파영어,서울 은평구,영어,900
ELL학원,인천 남동구,영어,901
지티지 수학학원,경기 성남시,수학,902
math153수학학원,경기 부천시,수학,903
메리트수학학원,서울 강동구,수학,904
닥터수밀크잉글리쉬,경기 용인시,영어,905
앤써학원,경기 파주시,수학,906
(주)잇올,서울 서초구,국어,907
힘수학,경기 김포시,수학,908
삼성영어창일교실학원,서울 도봉구,영어,909
유신해법학원,인천 남동구,영어,910
플랜에이수학,경기 성남시,수학,911
명문학원,경기 고양시,영어,912
마이러닝랩 입시학원,경기 성남시,국어,913
M2수학학원,경기 시흥시,수학,914
아발론랭콘광주태전어학원,경기 광주시,영어,915
다른학원,서울 강남구,국어,916
진아트잉글리쉬,서울 송파구,영어,917
웰 영수 전문학원,경기 김포시,영어,918
현앤장수학학원,경기 구리시,수학,919
스피드영어학원,인천 연수구,영어,920
개런티영어학원,경기 화성시,영어,921
위에듀어학원,서울 서초구,영어,922
SAC잉글리시아이영어학원,인천 연수구,영어,923
FTK잉글리쉬,서울 강동구,영어,924
(주)종로학원하늘교육,서울 용산구,수학,925
리드N영어수학학원,경기 남양주,수학,926
지니리영어학원,경기 광명시,영어,927
FLA영어입시전문학원,인천 연수구,영어,928
다니엘 학원,경기 파주시,수학,929
신혜영,경기 성남시,수학,930
이앤서학원,경기 파주시,영어,931
백년나무교육,서울 강남구,수학,932
(주)건강한학습연구소,서울 구로구,국어,933
수학대장 방배캠퍼스,서울 서초구,수학,934
김동수학원,경기 파주시,수학,935
11월의혁명 영어전문학원,서울 양천구,영어,936
U2M감일캠퍼스,경기 하남시,수학,937
(주) 아이진로,서울 동작구,수학,938
쌤종합학원,경기 수원시,영어,939
(주)대치입시앤컨설팅학원,충남 천안시,수학,940
매씽에듀,서울 노원구,수학,941
류다현 수학전문학원,서울 양천구,수학,942
무결학원,인천 서구,수학,943
주노영어,서울 동대문,영어,944
올리고 영수학원,경기 안산시,영어,945
lns수학학원,서울 도봉구,수학,946
미스터 밥 수학 학원,충남 아산시,수학,947
IELC어학원,인천 서구,영어,948
수학사이다학원,인천 남동구,수학,949
청명학원,서울 강남구,과학계열,950
미래를 여는 창,경기 성남시,수학,951
대월아카데미,경기 안산시,영어,952
EduStone,제주 서귀포,영어,953
시그마베스트학원,서울 강남구,수학,954
현대해법영어보습학원,경기 부천시,영어,955
SNU 영수과 전문학원,인천 남동구,수학,956
대치학원,경기 수원시,국어,957
에이플러스,인천 서구,수학,958
국제어학원당산캠퍼스,서울 영등포,영어,959
권진희국어학원,대구 수성구,국어,960
삼성영어셀레나학원,서울 강동구,영어,961
파이수학,서울 양천구,수학,962
재니 학원,경기 고양시,영어,963
와이키즈 마포센터,서울 마포구,수학,964
박쌤학원,인천 부평구,영어,965
교원더퍼스트플래너스수학...,부산 부산진,수학,966
매쓰플랜수학전문학원,서울 노원구,수학,967
중앙학원,서울 서초구,수학,968
주식회사 와이디아카데미,서울 강서구,영어,969
모스트학원,서울 도봉구,수학,970
인사이트학원,경기 광주시,수학,971
(주)아인슈타인교육,서울 강남구,수학,972
수학사랑학원,경기 용인시,수학,973
JYP영어학원,서울 금천구,영어,974
강남펜타스학원,서울 성북구,국어,975
수학몬스터대치학원,서울 강남구,수학,976
프랩학원,경기 파주시,수학,977
EIE 고려대국제어학원,경기 고양시,영어,978
멘토초중보습학원,경기 부천시,영어,979
웨스턴영어학원,서울 은평구,영어,980
홍수학영어입시학원,경기 부천시,수학,981
ELI어학원,경기 용인시,영어,982
와이즈만 관악센터,서울 관악구,수학,983
맨투맨학원호원센터,경기 의정부,수학,984
강한학원,서울 동작구,수학,985
몬스터교육,경기 화성시,수학,986
문희영어학원,경기 남양주,영어,987
일로드수학학원,경기 수원시,수학,988
뉴스트학원,서울 광진구,영어,989
드림수학전문학원,경기 용인시,수학,990
BLAST어학원,경기 화성시,영어,991
LETS영어수학전문학원,경기 화성시,수학,992
청담클루빌영어학원,서울 양천구,영어,993
최고수보습학원,서울 노원구,수학,994
명인학원,대전 서구,수학,995
민락맨투맨학원,경기 의정부,국어,996
강남SK학원,서울 강남구,국어,997
대치학원,서울 구로구,영어,998
캐슬The오름수학,서울 강동구,수학,999
미래학원,경기 광주시,영어,1000
공신수학학원,서울 강서구,영어,1001
더블유 수학학원,서울 강동구,수학,1002
이지스터디학원,서울 은평구,수학,1003
티앤비영수전문학원,경기 안산시,수학,1004
[중계]청담어학원,서울 노원구,영어,1005
일타수학학원,경기 김포시,수학,1006
영어종결센터,경기 파주시,영어,1007
잉글리시에그노원,서울 노원구,영어,1008
고려EIE 마석 송라 캠퍼스,경기 남양주,영어,1009
APSUN앞선영어,경기 성남시,영어,1010
이경직 입시국어 클리닉,경기 화성시,국어,1011
오롬어학원,경기 남양주,영어,1012
강의하는 아이들 백마캠퍼...,경기 고양시,수학,1013
잉글리시버드,서울 마포구,영어,1014
정상수학,경기 군포시,수학,1015
더나은학원,경기 수원시,수학,1016
명석수학전문학원,서울 강남구,수학,1017
"쿤 어학원, 쿤 수학학원",경기 화성시,수학,1018
아이엘(IL)영어n수학보습...,서울 강동구,영어,1019
정철영어주니어서산캠퍼스,충남 서산시,수학,1020
BT수학학원,경기 남양주,수학,1021
생각하는수학플러스어학원,경기 광명시,수학,1022
정철영어주니어동호어학원,대구 동구,영어,1023
탑스카이학원,경기 이천시,영어,1024
인피니트영수전문학원,부산 북구,수학,1025
정왕냉정센수학윤선생시흥...,경기 시흥시,수학,1026
수지에이프릴어학원,경기 용인시,영어,1027
생각수학,경기 고양시,수학,1028
수학공감학원,경기 수원시,수학,1029
공부자신감,경기 용인시,수학,1030
더오름학원,경기 화성시,수학,1031
삼성영어해법수학이문학원,서울 동대문,수학,1032
정철어학원 Jr.,인천 남동구,영어,1033
JY 잉글리쉬아카데미,경기 용인시,영어,1034
(주)동화세상에듀코,서울 마포구,국어,1035
현준쌤수학학원,경기 김포시,수학,1036
이엠스쿨학원,충북 청주시,수학,1037
맨투맨영수학원,경기 안산시,수학,1038
시대에듀,경기 하남시,수학,1039
지앤조영수학원,경기 고양시,영어,1040
이지피지영어,경기 성남시,영어,1041
엠리더스향남학원,경기 화성시,수학,1042
바른학원,경기 광주시,영어,1043
잉글리쉬무무고잔제5학습...,경기 안산시,영어,1044
아이비츠학원,경기 수원시,영어,1045
신사고영어보습학원,경기 부천시,영어,1046
필과수수학과학학원,서울 도봉구,영어,1047
The System 영수전문,경기 화성시,수학,1048
배진영수전문학원,경기 평택시,영어,1049
천종현사고력수학,서울 송파구,수학,1050
제카영어학원,경기 용인시,영어,1051
영어종결센터 소사벌학원,경기 평택시,영어,1052
광명 소마사고력 수학학원,경기 광명시,수학,1053
삼성영어 쎈수학 러닝센터...,경기 하남시,영어,1054
후곡에듀플렉스학원,경기 고양시,자기주도/학습코칭,1055
티엘수능입시학원,서울 서초구,수학,1056
EIE 고려대 국제어학원 김...,경기 김포시,영어,1057
하이영수학원,인천 부평구,영어,1058
EKEDU(주),경기 성남시,영어,1059
나랏말씀국어학원,서울 광진구,국어,1060
영어종결센터 하안학원,경기 광명시,영어,1061
이스턴어학원,경기 김포시,영어,1062
서울에듀학원,경기 남양주,수학,1063
소리영어수리수학,충북 청주시,영어,1064
라온학원,경기 의정부,수학,1065
더채움수학전문학원,서울 광진구,수학,1066
블러썸영어학원,인천 연수구,영어,1067
지노수학과학 학원,경기 하남시,수학,1068
대치동토모수학,경기 성남시,수학,1069
에벤학원,경기 화성시,수학,1070
GnB영어전문학원(부평캠퍼...,인천 계양구,영어,1071
양나무수학학원,경기 수원시,수학,1072
신승환영어학원,경기 평택시,영어,1073
서울탑텐 학습센터,제주 서귀포,수학,1074
참된인재학원,경기 부천시,영어,1075
이룸 국영수 학원,인천 계양구,국어,1076
대한논리속독염창학원,서울 강서구,독서/논술,1077
청운학원,경기 의정부,영어,1078
더채움해법영어수학학원,인천 서구,수학,1079
이현주어학원,서울 마포구,영어,1080
갈매지앤비영어학원,경기 구리시,영어,1081
차수학앤국풍2000학원,경기 시흥시,수학,1082
춘천종로엠스쿨,강원 춘천시,수학,1083
더웰학원,경기 수원시,수학,1084
하이츠수학,서울 마포구,영어,1085
TMS이룸수학학원,인천 연수구,수학,1086
아이비프렙&아르케 아카데...,서울 종로구,영어,1087
루시앤입시학원,대구 북구,영어,1088
아이디어스 아카데미,서울 구로구,수학,1089
한솔플라톤(한솔교육),서울 마포구,독서/논술,1090
자호수학,경기 화성시,수학,1091
프린스턴수학전문,경기 의정부,수학,1092
제니스학원,부산 사하구,수학,1093
삼성영어,인천 계양구,수학,1094
한국영재교육센터수학학원,경기 성남시,수학,1095
리즈멘토 스터디,경기 김포시,영어,1096
일퍼센트수학원,경기 광주시,수학,1097
평촌설연고학원,경기 안양시,수학,1098
대성학원,인천 서구,수학,1099
아이빅학원,경기 용인시,수학,1100
평내카이로스 수학학원,경기 남양주,수학,1101
수학의숲,서울 양천구,수학,1102
해법독서논술 김주희국어,경기 성남시,국어,1103
수만휘기숙학원본원,경기 안성시,수학,1104
이스턴어학원,경기 김포시,영어,1105
(주)막강수학,서울 강남구,수학,1106
삼성영어 서울서북부지사,서울 마포구,수학,1107
비투게더,경기 의정부,영어,1108
성공의신화학원,경기 시흥시,국어,1109
한정원수학영어학원,경기 남양주,수학,1110
혜윰플러스학원,경기 화성시,영어,1111
잉글리시아이 학원,경기 용인시,영어,1112
메가스터디교육,서울 서초구,국어,1113
뉴베리어학원,경남 진주시,영어,1114
카이스트수학과학 학원,제주 서귀포,수학,1115
뮤엠영어곤지암학원,경기 광주시,영어,1116
아발론신도림어학원,서울 구로구,국어,1117
김요안수학학원,서울 광진구,수학,1118
헤일리학원,서울 서초구,영어,1119
한솔영어수학학원,인천 남동구,수학,1120
에모리 영어,서울 강남구,영어,1121
정선수학전문학원,서울 송파구,수학,1122
