,academy_name,title,local,subject,start_date,end_date
0,동화세상에듀코,온라인면접/재택강의/시간 조율 가능/신입 가능,서울 동대문,수학,09.19,09.26
1,제스(J.E.S)영어학원,[제스(J.E.S) 어학원] 초중등 영어 전임 강사 모집 (송파/급구),서울 송파구,영어,09.19,10.02
2,유베스트학원,인천 국어 선생님 꼭 봐주세요!,인천 서구,국어,09.19,10.10
3,김미현국어학원,[목동] 중.고등 국어 강사님 모십니다.,서울 양천구,국어,09.18,10.17
4,수학의힘 강동 본원,영어 수학 선생님을 모십니다,서울 강동구,영어,09.18,채용시
5,나무아카데미,"2021년도 수능, 내신 집필진 모집 (국어 내근)",서울 강남구,국어,09.18,09.23
6,세정스카이학원,[대치세정학원] 대치동 초등 수학/과학 강사 채용 공고,서울 강남구,수학,09.18,10.17
7,스카이(SKY)영수학원,영어 전임선생님을 구합니다.,부산 강서구,영어,09.18,채용시
8,에듀코,코로나없이 전국재택수업근무 비대면 화상수업 국어영어수학과학,서울 동대문,국어,09.18,채용시
9,프로매쓰(꽃피는수학),수지상현동 수학학원(주5일)-초중등부,경기 용인시,수학,09.18,10.06
10,셈율수학학원,위례) 초중등 수학선생님 모집합니다.,경기 성남시,수학,09.18,10.18
11,수타민 수학학원,성실하신 수학선생님 모십니다.,인천 부평구,수학,09.18,10.07
12,텔레오입시전문학원,중등 수학강사 및 학생부컨설턴트(사탐/논술 경험자) 채용!,서울 강남구,사회계열,09.18,09.29
13,드림하이영어학원,동작구  국어 중고등(토일 : 시간조율가능),서울 동작구,국어,09.18,채용시
14,막강학원.막강수학,"초.중,고 수학강사를 모십니다.",경기 화성시,수학,09.18,10.18
15,개념폴리아학원 서초관,"서초,잠실,베트남 수학강사,상담직 모집",서울 서초구,수학,09.18,09.22
16,광진ELC어학원,초중등부 영어강사 모십니다.,서울 광진구,영어,09.18,채용시
17,채움학원,[경기 부천시] [전임] [월~토] [중1~고2 영어],경기 부천시,영어,09.18,채용시
18,고앤정수학학원,"초,중등부 수학 강사 모집",서울 강남구,수학,09.18,10.03
19,주식회사 포스에듀,[수지] 초/중등 영어선생님 모집,경기 용인시,영어,09.18,09.29
20,영매쓰수학학원,초중등 수학강사 모집합니다,서울 강남구,수학,09.18,10.09
21,임팩트7영어학원,초중/중고 영어강사 구인 [부천상동],경기 부천시,국어,09.18,10.18
22,프라임에듀학원,화목토 수학 파트강사 구합니다,서울 강남구,수학,09.18,10.03
23,한강와이즈만영재교육학원,한강와이즈만에서 초등 사고력수학선생님을 모십니다.,경기 김포시,수학,09.18,10.09
24,피앤케이학원,대치동 피앤케이수학학원에서 수학 선생님 모십니다.,서울 강남구,수학,09.18,10.18
25,GnB,"[초]영어파트,[중고]영어보조,[초중고]수학전임,데스크-인천서구",인천 서구,영어,09.18,10.03
26,탑 고려보습학원,[광진구] [월수금] 중등부 수학 파트강사 모십니다.,서울 광진구,수학,09.18,09.25
27,다마스쿠스 학원,월/수/금 중등부 영어 선생님을 모십니다.,서울 관악구,영어,09.18,10.18
28,미래탐구학원,"(주)타임교육_대치 미래탐구 중2,3센터 수과 강사 모집",서울 강남구,과학계열,09.17,10.17
29,대한논리속독학원,국어 (독서논술) 전임강사 모집,경기 하남시,국어,09.17,10.17
30,비원에듀,서구청라/마전동 영어/국어선생님모십니다,인천 서구,영어,09.17,10.02
31,진건양쌤학원,영어선생님 모십니다^^,경기 남양주,영어,09.17,10.17
32,하이스트학원,하이스트 목동본원 강사채용,서울 양천구,수학,09.17,10.17
33,주식회사 교연학원/LFA키...,중/고등 영어.국어 선생님 모십니다^^,인천 서구,영어,09.17,10.08
34,일신학원,"[외대어학원]김포 한신캠퍼스, 영등포 문래캠퍼스 개원 멤버채용",서울 영등포,영어,09.17,10.17
35,(주)EDUCO,"♥1:1 전문강사 모집(국어,영어,수학,과학,사회)♥",서울 동대문,국어,09.17,10.17
36,한맥국어전문학원,[마포구 국어]  중등부 전임1분/ 고등부 전임1분  모십니다.,서울 마포구,국어,09.17,채용시
37,청라 드림교육센터,"[ 드림 영,수학원 ] 영어,수학 강사 모집(파트.전임, 매니저)",인천 서구,영어,09.17,10.06
38,신수학영어학원,열정으로 가득하신 고등부 영어 파트 선생님 모십니다^^,인천 남동구,영어,09.17,채용시
39,필탑학원,수학(중3~고2.주5일)전임.초빙,서울 구로구,수학,09.17,채용시
40,오세용 어학원,초중등부 영어선생님(전임/주5일 근무),서울 송파구,영어,09.17,10.06
41,정진학원,대입전문 MK정진학원 고등부 영어 / 수학 강사 모집,경기 수원시,수학,09.17,채용시
42,SNU수학학원,SNU 수학학원 수학선생님을 모십니다.,경기 성남시,수학,09.17,10.17
43,오르다영수전문학원,중등 영어 소규모 클래스수업/초등 수업 보조 선생님 구합니다.,인천 동구,영어,09.17,10.02
44,미사중앙삼성영어&탑매쓰...,"초,중등 영어 강사 채용 (전임 또는 파트)",경기 하남시,영어,09.17,채용시
45,서울탑수학학원,★ 초/중/고 수학 선생님을 모십니다 ★,경기 부천시,수학,09.17,채용시
46,시대인재교육,"영어 강사(초,중등, 고등부) 고등부 년봉 4,000만원",경기 안산시,영어,09.17,채용시
47,대학입시외국어학원,단과!열정!초중수학 관리자  중고 영/수/과학샘 /전문경영인환영,경기 시흥시,영어,09.17,10.10
48,뿌리와샘,입시학원 뿌리와샘에서 함께 비전을 선택하실 강사님을 모십니다,제주 제주시,국어,09.17,10.17
49,지엔탑학원,[안양]중등 수학강사 모집,경기 안양시,수학,09.17,09.23
50,에스학원,[에스학원] 수학/영어/국어/과탐/사탐/상담실장님을 모십니다.,서울 강남구,수학,09.17,채용시
51,파란영어학원,중고등 강사님 모십니다.,경기 고양시,영어,09.17,09.24
52,목동엠폴리,목동엠폴리 초중등 문법 수능독해강사 채용,서울 양천구,영어,09.17,10.17
53,대치동수스터디학원,"[파주] 초중등 영어선생님, 수학선생님 모십니다.",경기 파주시,영어,09.17,채용시
54,다산 YBM잉글루,남양주 다산신도시 영어코칭강사 구합니다,경기 남양주,영어,09.17,10.17
55,제이스카이학원,고등수학강사(월400만원+인센티브),경기 남양주,수학,09.17,10.17
56,세진에듀학원,"[초6, 중등부] 영어/수학 선생님(파트) 모십니다.",서울 강북구,영어,09.17,채용시
57,린쌤영어학원,[수원 광교] 초등부 중등부 영어강사 채용합니다,경기 수원시,영어,09.17,채용시
58,아산올림피아드,"[아산] 올림피아드 수학학원에서 (중,고등부) 전임 강사 채용",충남 아산시,수학,09.17,채용시
59,지피지기학원,수학 중고등부 파트 강사 구합니다,서울 영등포,수학,09.17,채용시
60,종로학원 하늘교육,"[교사모집] 종로학원하늘교육 유아,초,중,고 과외식방문수업",경기 수원시,수학,09.17,10.02
61,이라랭귀지학원,수업하실 때 즐거운 선생님과 새로운 학원을 만듭니다,경기 화성시,영어,09.17,10.02
62,YBM교육,[YBM교육] 1:1 영어/수학 과외 교사 채용(구리시),경기 구리시,영어,09.17,09.24
63,해나샘영어,영어,경기 구리시,영어,09.17,10.02
64,맥영수전문학원,"[병점,동탄] 화이팅넘치는  영어 수학 선생님 모십니다!",경기 화성시,수학,09.17,10.07
65,이산국어 논술 학원,동탄 이산국어전문학원에서 중.고등 선생님을 모십니다.,경기 화성시,국어,09.17,채용시
66,창의력발전소&주인공,초중등 사고력 수학 선생님 모십니다.,경기 김포시,수학,09.17,10.14
67,종로엠스쿨학원,오산 종로엠스쿨 수학 강사 모집 (전임/파트),경기 오산시,수학,09.17,09.29
68,TNC수학원,잠실TNC수학원 [초등부/중등부 수학선생님],서울 송파구,수학,09.17,10.06
69,한수위국어학원,"화성 동탄) 중등1, 2학년  주말 파트(토,일) 주1회 또는 주2회",경기 화성시,국어,09.17,09.25
70,수미상관한국어학원,"[강남구 대치동] 국어 @ 주말1일, 주말2일, 선생님~",서울 강남구,국어,09.17,09.23
71,오롬수학학원,초등/중등 수학 전임 및 파트 강사 채용,경기 남양주,수학,09.17,09.25
72,연세수학원,[송파구] 수학 강사(초중등/초등 전임) 모집 [5주차 휴무],서울 송파구,수학,09.17,10.16
73,백선화수학학원,열정적인 초중등부/중고등부 선생님을 모십니다주5일 가능),경기 성남시,수학,09.17,10.13
74,전문가집단,전문가집단에서 중고등부 수학 강사님을 모십니다 노원구 중계동,서울 노원구,수학,09.17,10.07
75,스터디온학원,동탄2 호수공원 수학  초중등부 여자 선생님 모십니다.,경기 화성시,수학,09.17,채용시
76,히파티아수학학원,(주5일 월~금 전임) 수학 초등쌤 중등쌤 개별진도,서울 양천구,수학,09.17,10.17
77,하이퍼리뷰학원,대치동 하이퍼리뷰학원. 고등부/재수생 강사 모집,서울 강남구,국어,09.17,09.27
78,다니엘수학보습학원,"[송파구] 초, 중 수학선생님 모십니다.",서울 송파구,수학,09.17,채용시
79,매쓰블릭수학학원,초중등부 수학 전임선생님을 모십니다.,인천 부평구,수학,09.16,09.26
80,민정수학전문학원,열정이 많으신 중고등부 및 고등부 선생님을 모십니다,서울 서대문,수학,09.16,10.16
81,가온국악보습학원,중등부 수학 선생님 구합니다 (주4일 비율제),서울 강남구,수학,09.16,10.10
82,써큘러스리더 학습클리닉,함께 성장할 영어 선생님을 찾고 있습니다!,서울 노원구,영어,09.16,09.23
83,와이즈만영재교육성남센터,와이즈만영재교육에서  수학.과학(초.중)  선생님을 모십니다.,경기 성남시,수학,09.16,09.23
84,이신학원,이신학원과 함께할 영어 파트 강사님을 모집합니다.,경기 안양시,영어,09.16,채용시
85,코람데오 어학원,실력있는 초/중 영어 내신선생님을 모십니다,서울 강동구,영어,09.16,10.16
86,연세이룸학원,영어 수학 선생님 모십니다.,서울 구로구,영어,09.16,09.23
87,구조분석영어학원,**중등부/중고등부 영어 강사님을 파트/전임 모십니다**,서울 마포구,영어,09.16,09.23
88,칼수학전문학원,동탄 나루상가 칼수학전문학원에서 함께 성장할 인재를 모십니다,경기 화성시,수학,09.16,채용시
89,함께하는수학학원,고등부 1명 영어선생님 모십니다.,경기 안산시,영어,09.16,10.16
90,정현석 수학명가 학원,중고등부 수학 숨은 실력자를 찾습니다.,서울 송파구,수학,09.16,10.06
91,월성YEP영어학원,가르치는 일에 열정있는 영어 선생님 모집,대구 달서구,영어,09.16,채용시
92,평내지1230학원,초중 영어선생님 모십니다.,경기 남양주,영어,09.16,10.16
93,깊은생각국어학원,풍동 이젠학원에서 중등부 영어 강사님 모십니다.,경기 고양시,영어,09.16,10.16
94,아이린영어학원,함께 성장할 영어선생님 모십니다.,서울 노원구,영어,09.16,채용시
95,광수학,"주5일 중등부(수학전임,파트)  선생님 모십니다!",경기 고양시,수학,09.16,09.22
96,서원학원,"국어선생님, 수학선생님을 모십니다.",경기 용인시,수학,09.16,10.16
97,탑지성학원,하반기.고등부 영어강사모집.세류동,경기 수원시,영어,09.16,09.20
98,에스엠에듀,고등영어 전임  선생님 모십니다.,인천 남동구,수학,09.16,채용시
99,◈SD명문학원◈,[광명] 초등영어선생님 모십니다  - SD명문학원,경기 광명시,영어,09.16,채용시
100,세인학원,(광명) 고등부 수학 선생님 모십니다.,경기 광명시,수학,09.16,10.14
101,사하STRT,밝은 수학 강사님을 모십니다..,부산 사하구,수학,09.16,10.16
102,CSJ영어학원,"대치동 CSJ 영어학원 - 월화목금 영어강사 (중,고)",서울 강남구,영어,09.16,10.01
103,더웨이즈수학앤영어학원,대구 북구 초 중등 수학강사 모집,대구 북구,수학,09.16,10.16
104,이지엠학원,"EGM에서 초,중등 수학 강사님을 모십니다",서울 관악구,수학,09.16,10.16
105,이상숙어학원,초/중등부 월수금 파트타임 강사를 모십니다.,서울 성북구,영어,09.16,10.01
106,인천원탑영수전문학원,[인천] 초등 전문 영어 회화 강사님을 모십니다.,인천 남동구,영어,09.16,09.23
107,Julie 영어수학,초중등 영어 선생님 모십니다. 어학원 경력자 우대,서울 중랑구,영어,09.16,10.13
108,(주)동화세상에듀코,[전국]영어 수학 국어 과학 온라인수업 및 학원강사모집,대구 남구,방문학습지,09.16,10.11
109,강의하는 아이들,수학전문 강의하는아이들 직영원 채용,서울 강남구,관리직,09.16,채용시
110,미들하이이스턴학원,상생인연) 초등 중등 전임교사 1분을 구합니다.,인천 남동구,영어,09.16,10.16
111,여의도JS학원,초/중 영어 선생님 모집합니다,서울 동작구,영어,09.16,채용시
112,TM 학원,영어학원 선생님 모십니다.,경기 구리시,영어,09.16,10.16
113,그루영어,교포/원어민 position 모집 - 초등부,서울 서초구,영어,09.16,10.12
114,송도노른자프레임수학학원,송도수학학원 초/중등 수학강사 채용,인천 연수구,수학,09.16,10.16
115,차오름국어 씨엔에이논술,"초등 논술,중등 논술, 고등국어 전임 파트, 상담 실장 모집",경기 광명시,국어,09.16,채용시
116,청어람국어 입시학원,중고등부 국어 선생님 모십니다.,경기 부천시,국어,09.16,09.20
117,리앤슨잉글리쉬,정릉 최고 초중전문 영어학원에서 열정있는 선생님 모십니다~,서울 성북구,영어,09.16,채용시
118,쎈수학러닝센터공터영어학...,구리/갈매/초등부 수학 선생님,경기 구리시,수학,09.15,10.15
119,김영화영어학원,"실력있는 중, 고등부선생님 모십니다 (파트)",경기 고양시,영어,09.15,채용시
120,우리에듀,중 / 고등부 영어 선생님 구인입니다.,경기 파주시,영어,09.15,09.22
121,하이블영수학원,[용인시 처인구] 인포데스크 / 영어 / 수학 선생님을 모십니다,경기 용인시,수학,09.15,10.15
122,일산식사 소마사고력 수학...,"일산식사[1관]마두[2관] 소마 사고력수학,교과수업 선생님 모집",경기 고양시,수학,09.15,10.15
123,에스엔티학원,SNT에듀 TOFFL 선생님을 모십니다.,서울 강남구,영어,09.15,09.30
124,참수학학원,참수학학원에서 좋은 초중등 선생님을 모십니다.,서울 양천구,수학,09.15,채용시
125,성북종로학원,성북종로학원 재학생관에서 중등국어 파트강사를 모십니다.,서울 성북구,국어,09.15,09.30
126,삼성영어화서화양학원,영어 선생님 모집합니다.,경기 수원시,영어,09.15,09.22
127,이강학원,"중고등부 수학, 영어, 국어 선생님을 모십니다.",경기 수원시,수학,09.15,10.08
128,삽자루수학학원,[메가스터디 삽자루수학학원] 중등부 수학 선생님을 모십니다.,서울 양천구,수학,09.15,채용시
129,천지인입시학원,"고등 수학강사, 고등 영어강사 천지인과 함께 성장합시다",경기 김포시,수학,09.15,채용시
130,이지베스트학원,능력 최고 대우!! 수학/중고등 영어 선생님 모집(이지베스트학),경기 고양시,수학,09.15,10.08
131,비트영어학원,[노원/중계] 고등부 영어과 전임 및 파트 강사 모집,서울 노원구,영어,09.15,10.02
132,시매쓰영재교육학원,시매쓰 해운대 센텀점 수학강사 모십니다.,부산 해운대,수학,09.15,채용시
133,다원수타수학학원,[중게동 수학학원] 주6일/ 중고등부 전임 수학선생님 모집,서울 노원구,수학,09.15,10.15
134,생각하는황소 동작학원,생각하는 황소 동작 수학학원 교사 및 자습지도교사 모집,서울 동작구,수학,09.15,채용시
135,시매쓰 오산센터,시매쓰 오산센터에서 신규/경력 강사를 모집합니다.,경기 오산시,수학,09.15,10.10
136,연세학원,[단과]평택연세학원 수학강사 채용,경기 평택시,수학,09.15,10.15
137,EnP학원,EnP수학학원과 함께 할 초중등부 수학선생님을 모십니다.,경기 용인시,수학,09.15,채용시
138,뉴교연학원,"중,고등 수학선생님 모십니다.(경력자 우대)",경기 고양시,수학,09.15,채용시
139,맨투맨학원,"초6, 중등부 영어 선생님 모집",경기 남양주,영어,09.15,10.15
140,서윤희 입시영어학원,중고등부 강사님 1분 모십니다 (전임),경기 고양시,영어,09.15,채용시
141,대한논리속독고덕학원,"초등부 국어, 독서논술 강사, 관리자 등 전임, 파트 모십니다",서울 강동구,국어,09.15,10.09
142,LUCY어학원,발랄한 영어실력자 모셔요!!,경기 용인시,영어,09.15,채용시
143,플로우교육,[분당]수학의 아침 초등관 분야별 선생님을 모십니다,경기 성남시,수학,09.15,채용시
144,MATH200,초중등부 및 중고등부 수학샘 모십니다,경기 고양시,수학,09.15,10.14
145,홍익보습학원,초등수학 강사선생님을 모십니다,서울 은평구,수학,09.15,채용시
146,JTC어학원,중등부 영어 선생님 모십니다.,경기 의정부,영어,09.15,10.15
147,고대수학원,"고대수학원 중고등전임1명,초등월수금,화목파트1명 모집",인천 연수구,수학,09.15,10.13
148,비욘드잉글리쉬,역곡 비욘드잉글리쉬 전임강사 및 파트강사 모집,경기 부천시,영어,09.15,10.14
149,하이스트 금천,하이스트와 함께 성장할 유능한 강사님을 초빙합니다,서울 금천구,국어,09.15,10.10
150,이룸수학학원,수학 선생님 모십니다.,경기 화성시,수학,09.15,10.15
151,나정향영어학원,중고등 수학강사 모집,서울 동대문,수학,09.15,09.30
152,동화세상 에듀코,(주)동화세상 에듀코 인천지사 신입/경력 코치 모집,인천 부평구,자기주도/학습코칭,09.15,오늘마감
153,이튼클래스,중고등부 영어/국어/수학/과학선생님을 모십니다-광진 자양,서울 광진구,국어,09.15,10.15
154,이엠학원,☆ 박달이엠학원-중등부 영어/수학 선생님을 모십니다 ★,경기 안양시,영어,09.15,채용시
155,MEKS학원,경기 시흥시 고등부 영어강사 모집,경기 시흥시,영어,09.15,10.15
156,킴스잉글리시,초중고 영어 전임강사(연봉4000),서울 성북구,영어,09.15,10.15
157,윤선생 스마트 랜드,진주 유아 영어 초등영어 선생님 모십니다.,경남 진주시,영어,09.14,채용시
158,엘제이엠수학원,"[양천구] 초,중 수학전임 선생님 모집합니다!",서울 양천구,수학,09.14,10.10
159,열린학원,초등부 수학선생님을 모십니다.,서울 금천구,수학,09.14,채용시
160,(주)입실론에듀,"초등부, 중등부  수학선생님 모십니다.",경기 성남시,수학,09.14,채용시
161,도농 시매쓰,시매쓰 다산센터 초등 수학선생님을 모십니다.,경기 남양주,수학,09.14,09.25
162,온새미로입시학원,국어. 영어.수학  선생님을 모집합니다.,경기 파주시,국어,09.14,10.13
163,정인수학,"초,중등부 수학 전문 강사 모집합니다",서울 종로구,수학,09.14,채용시
164,에스클래스영어전문학원,"중등부  주4일/주5일 전임샘을 모십니다,",서울 서대문,영어,09.14,09.25
165,이룸학원,이룸학원 수학강사 모집,경기 평택시,수학,09.14,10.14
166,뮤엠영어세곡학원,영어학원 전임 및 파트 선생님(뮤엠영어),서울 강남구,영어,09.14,10.08
167,공부독립,2021 하반기 업계 최고 대우로 수학 전임선생님을 모십니다.,경기 부천시,수학,09.14,채용시
168,청람학원,중/고수학파트 선생님 모십니다,서울 광진구,수학,09.14,09.29
169,가온국어논술학원,[국어] 중등/고등 전임 강사님을 모십니다.,서울 동대문,국어,09.14,채용시
170,에버그린학원,중고등입시전문 에버그린 학원에서 영어강사 모집합니다.,충남 천안시,영어,09.14,10.14
171,마스터제이학원,수학강사를 모십니다.(경기 수원),경기 수원시,수학,09.14,채용시
172,패럴랙스 학원,"초등 영어선생님, 기다립니다.",대구 수성구,영어,09.14,10.14
173,이엔에스영어학원,열정있는 영어선생님 모십니다.,경기 성남시,영어,09.14,10.14
174,강대  학원,목동 교육의 자존심 - “강대 학원” 경력직 강사 모집,서울 양천구,영어,09.14,채용시
175,에스학원,[에스학원반포관] 중등/고등 수학선생님 모십니다(전임),서울 서초구,수학,09.14,10.14
176,페르마수학보습학원,서초구 방배동 페르마 수학학원 초등부/중등부/고등부 강사 모집,서울 서초구,수학,09.14,09.29
177,EiE 서창캠퍼스,열정과 아이들의 애정이 가득한 어학원 선생님을 모십니다.,인천 남동구,영어,09.14,10.14
178,매스토크,고등 수학 선생님 모십니다,서울 마포구,수학,09.14,채용시
179,Yes학원,초.중등 [수학] 전임 선생님 채용합니다.,경기 남양주,수학,09.14,10.14
180,찬수학전문학원,중고등 전임 선생님 모십니다..,경기 광명시,수학,09.14,채용시
181,운정 연솔학원,"운정, 백마 중등 수학 고등 영어 선생님 모십니다",경기 파주시,수학,09.14,10.09
182,탑아카데미학원,프랜차이즈 어학원 초등영어강사님 모십니다.,경남 창원시,영어,09.14,09.21
183,생각하는 황소 화정,생각하는 황소 고양시 화정 수학학원 수학강사및 자습실지도교사,경기 고양시,수학,09.14,10.11
184,강북 세일학원,(중등부) 수학 선생님을 모십니다,서울 성북구,수학,09.14,채용시
185,효성수학학원,(주)효성수학 중고등부강사 및 상담실 직원 채용,서울 강남구,수학,09.14,채용시
186,김태형영어학원,[전임] [파트] 영어 중등선생님 모십니다.,경기 파주시,영어,09.14,10.14
187,고대학원,[초중등]국어 전임/파트(주3일)강사 (안산 수원 자차 25분 거리),경기 화성시,국어,09.13,10.13
188,삼광학원,급구: 초등부 영어/고등부영어/중등부수학 선생님을 모십니다.,경기 의정부,영어,09.13,10.02
189,마테마타수학학원,[초등부] 연 3000이상 보장,경기 고양시,수학,09.13,09.25
190,유라영어학원,광명시 철산동 영어전문학원 입니다~~~~~^^!!.,경기 광명시,영어,09.13,채용시
191,강한수학학원,중등부 화목토 파트 수학선생님을 모십니다.,경기 남양주,수학,09.13,10.13
192,김정은 수학,김정은수학 더퍼스트 영등포 신길관 수학강사 모집,서울 영등포,수학,09.13,10.09
193,엠케이수학,중등~고1 영어 선생님 모십니다,서울 강북구,영어,09.13,10.13
194,일공구오국어학원,가온국어 논술 학원에서 중등부 선생님을 모십니다.,서울 광진구,국어,09.13,10.01
195,황은영국어 2관,동탄 중고등부 국어 과학 선생님 모십니다,경기 화성시,국어,09.13,10.12
196,아이필학원,중고등 국어강사 모십니다,인천 계양구,국어,09.13,10.13
197,대두수학학원,국어 강사님을 모십니다.,경기 성남시,국어,09.13,채용시
198,김샘수학&유베스타어학원,연수UbestA영어학원 초중등부영어선생님 모십니다.,인천 연수구,영어,09.13,10.13
199,와이즈만영재교육 잠실센...,실험 과학 및 사고력 수학 선생님과 데스크 선생님을 모십니다.,서울 송파구,수학,09.13,채용시
200,sky미래연수학학원,"(중계동)SKY미래연수학학원 중등부, 고등부 강사 모집",서울 노원구,수학,09.13,채용시
201,대원학원,"[목동] 수학전문학원 수학 전임강사, 상담실장님 구인합니다.",서울 양천구,수학,09.13,채용시
202,목동ILS,초등부 교수부장 구합니다,서울 양천구,영어,09.13,09.20
203,미래듀학원,중고등부  영어 강사 모집,인천 연수구,영어,09.13,10.13
204,수학보호구역,"[인천 청라] 중등, 고등 수학선생님을 모집합니다",인천 서구,수학,09.13,채용시
205,(주)다원교육,수학의 바이블 이창희 원장과 함께하는 The 다원수학 강사채용,서울 강남구,수학,09.13,채용시
206,선진수학보습학원,부천(상동) 중고 수학 전임 여 선생님 모십니다.,경기 부천시,수학,09.13,채용시
207,관악뉴스터디,초중등부 수학전임 선생님 모십니다,서울 관악구,수학,09.13,10.13
208,본수학전문학원,관리력 좋으신 고등 수학 전임선생님 450이상 모십니다!,서울 구로구,수학,09.13,10.13
209,탑씨크리트 교육,충남  천안 아산 일등학원에서 초중고 선생님을 모십니다,충남 천안시,국어,09.13,채용시
210,EiE비상매스캔학원,영어로만 수업가능한 선생님(월수금) 모집,서울 강남구,영어,09.13,10.13
211,솔로몬 영재학원,초/중 영어 선생님 모십니다,인천 서구,영어,09.13,10.13
212,지앤비국제사관어학원,중 .고등부  영어 강사 (경력) 모집합니다,서울 은평구,영어,09.13,10.13
213,더완벽한수학학원,"초등 월, 수, 금  선생님 모십니다.",경기 김포시,수학,09.13,채용시
214,ILKI어학원,2021 ILKI어학원 오전 영어유치부 내국인 담임강사,경기 남양주,영어,09.13,채용시
215,YBM 교육 어학원,어학원 초중등 전임강사 및 채점 보조교사 (용인시 기흥구),경기 용인시,영어,09.13,채용시
216,동화세상 에듀코,화상 전화영어 강사를 모십니다,서울 동대문,영어,09.13,채용시
217,센트럴1리딩클럽풍무학원,영어 교사 구합니다,경기 김포시,영어,09.13,10.13
218,미래인재학원,"고등 영어/수학 전임 모십니다 (월급 400~450, 기간 후 비율제",경기 양주시,영어,09.13,10.13
219,유투엠수학학원,"[광명시] 수학선생님,보조선생님 모십니다",경기 광명시,수학,09.12,09.21
220,김지민영어학원,김지민 영어학원 - 고등부 강사 모집,서울 노원구,영어,09.12,09.27
221,탑클래스종합학원,[인천 서구 가좌동]초중등부 수학 선생님 모십니다.,인천 서구,수학,09.12,10.12
222,엠앤이학원,수학 및  관리급 선생님 구인,경기 안산시,수학,09.12,10.12
223,제이포커스잉글리쉬,J.Focus English 초/중/고등부 강사/상담관리 직원 모집,서울 서초구,영어,09.12,10.12
224,프렌잉글리시 &차이랑 일...,Native speaker 원어민 강사를 모십니다.,경기 고양시,영어회화/텝스/토플,09.12,채용시
225,진명학원,고등부 수학 전임강사 모집합니다.,서울 관악구,수학,09.12,오늘마감
226,파머스영어능동캠퍼스학원,영어도서관 선생님-영어선생님 모집,경기 화성시,영어,09.12,10.12
227,TE MATH,TE STUDY 국어 영어 수학 강사 충원,충남 천안시,국어,09.12,채용시
228,이원수학학원,철산역의 이원수학에서 함께하실 선생님을 모십니다.,경기 광명시,수학,09.12,09.30
229,도봉 강태우어학원,고등부 국어 비율제 선생님- 서울  강태우고등관,서울 도봉구,국어,09.11,채용시
230,윤선생 IGSE,밝고 성실한 영어선생님 모십니다(월수금),서울 동작구,영어,09.11,10.11
231,겨자씨의꿈,"중등국어/초중등 독서지도(전임,파트) 강사 채용",경기 고양시,국어,09.11,09.26
232,자유자재학원 알파관,[중계동 자유자재학원 알파관] 고등부 수학강사 모집,서울 노원구,수학,09.11,10.11
233,페르마수학학원 성북캠퍼...,초/중/고 수학 강사,서울 성북구,수학,09.11,10.11
234,세계로학원,수학(초/중) 강사모집,서울 강서구,수학,09.11,09.26
235,대치스터디,"과외강사 모집(수학,영어,국어 - 서울 및 경기도 전역",서울 강남구,수학,09.11,10.11
236,더매쓰수학전문,초등수학교육 지도교사 모집,서울 마포구,수학,09.11,채용시
237,미래엔 사고력수학,미래엔 아담리즈 사고력 수학학원에서 선생님을 모십니다,경기 성남시,수학,09.11,채용시
238,공주쌤수학학원,[길음뉴타운] 수학 초중등 전임 선생님 모십니다.,서울 성북구,수학,09.11,채용시
239,엘리하이어학원,영어강사/전임/파트/초등영어/죽전/보정동,경기 용인시,영어,09.11,채용시
240,YBM잉글루,초 중등 수학선생님을 모십니다.(월수금 파트),서울 노원구,수학,09.10,09.30
241,강서펜타곤학원,수학/영어 초.중.고 선생님을 채용합니다.,서울 강서구,수학,09.10,09.25
242,올인학원,중등부 영어파트 선생님 구합니다.,인천 서구,영어,09.10,채용시
243,TS학원,용인 수지 중고등 영어강사 채용합니다,경기 용인시,영어,09.10,10.03
244,수도보습학원,[금천구 독산동] 초등부/중등부 영어 전임강사 모집,서울 금천구,영어,09.10,채용시
245,Summit 영어,초*중등 영어 학원의 비젼을 같이 할  파트 강사님 모심,경기 성남시,영어,09.10,채용시
246,제이엠아이수학학원,(분당 야탑) JMI 수학학원 중등부 수학선생님을 모집합니다,경기 성남시,수학,09.10,10.09
247,고석용현탑학원,[대치동]고석용현탑 국/영/수/과탐 강사 모집,서울 강남구,수학,09.10,10.10
248,게이트 영재센터,수학/과학 선생님 모십니다,경기 용인시,수학,09.10,10.10
249,SM에듀,sm에듀와 함께 성장할 강사님 모십니다.,서울 강남구,수학,09.10,채용시
250,국풍2000 석촌관,"국풍2000석촌관에서 중,고등부 국어 선생님을 모십니다.",서울 송파구,국어,09.10,10.10
251,금오민족사관학원,민족사관학원에서 선생님을 모십니다.,경기 의정부,국어,09.10,10.10
252,보스턴영어수학학원,"초중등 수학선생님 모십니다(화,목요일)",경기 고양시,수학,09.10,채용시
253,PTM영수전문학원,청라 PTM학원 중등 수학 선생님 모십니다.,인천 서구,수학,09.10,10.10
254,메사인재관학원,대치동 중등학원에서 함께하실 성실한 강사를 모십니다!,서울 강남구,수학,09.10,10.10
255,현수학전문학원,열정 넘치는 선생님 모십니다.,인천 서구,수학,09.10,10.10
256,메타어학원,"초,중등 영어 강사 채용(파트타임)",경기 군포시,영어,09.10,채용시
257,밀당영어,"밀당수학 대규모 채용, 수학 온택트 선생님(학습관리자)",서울 마포구,수학,09.10,채용시
258,윤선생IGSE아카데미양산가...,초중등 수학학원 강사님 모십니다.,경남 양산시,수학,09.10,채용시
259,리딩타운어학원&셀파수학,계양구 정규직 영어선생님을 모십니다!!,인천 계양구,영어,09.10,09.25
260,비욘드잉글리쉬 송도랜드...,비욘드잉글리쉬 부천 상동 캠퍼스 초등 전임 선생님 모십니다.,경기 부천시,영어,09.10,채용시
261,대치프라임학원,[확장] 대치프라임학원  영어 수학 과학 선생님 모집,경기 시흥시,영어,09.10,채용시
262,토크스테이션,"[화상영어1위 토크스테이션] 학원운영, 행정업무 팀원 모집",서울 광진구,상담직,09.09,10.09
263,대치영어연구소,[송파/성남 위례]초중등 문법 독해 영어선생님 모십니다.,경기 성남시,영어,09.09,09.24
264,거산TOP수학학원,[중등수학][주3일파트 화목토][인천부평구삼산동],인천 부평구,수학,09.09,채용시
265,저스트원학원,초등부 수학선생님을 모십니다.,인천 미추홀,수학,09.09,채용시
266,프리메카학원,(인천 남동구 )초중수학샘 구해요,인천 남동구,수학,09.09,10.09
267,오르다샘앤클래스광교학원,오르다샘앤클래스광교학원교사모집,경기 수원시,수학,09.09,채용시
268,대방웰이스턴영어,초.중 영어 전임. 파트  추가모집.,서울 동작구,영어,09.09,09.24
269,에스알어학원,어학원 강사 모십니다.,경기 성남시,영어,09.09,10.09
270,성동뉴타운 소마학원,성동뉴타운 소마 사고력수학 선생님 모집(월~금),서울 성동구,수학,09.09,10.09
271,easy윤 수학영어,초중 영어전임선생님 모십니다.,인천 부평구,영어,09.09,10.09
272,Real 수학학원,■ 리얼수학학원 ■ 서초/대치 전임연구원,서울 서초구,수학,09.09,채용시
273,Alfa of Math,초등중등 수학선생님 찾습니다,인천 연수구,수학,09.09,09.24
274,투스카이수학과학학원,청라수학과학 투스카이 학원의 25번째 선생님이 되어주세요,인천 서구,수학,09.09,09.24
275,비오비에듀학원,[중등부] 수학 선생님 모십니다,경기 평택시,수학,09.09,채용시
276,킹스키즈어학원,초등영어교사 모집,경기 안산시,영어,09.09,10.09
277,정성학원,"고등부 영어,수학 선생님 모십니다.",서울 성북구,영어,09.09,채용시
278,줄리킴영어학원,송도 줄리킴영어학원에서 중고등부 선생님 모십니다.,인천 연수구,영어,09.09,10.09
279,Study Factory,중등부 영어선생님을 찾고 있습니다.,경기 하남시,영어,09.09,10.09
280,지엘에스에듀,압구정 - 초등영어학원 교수부장 채용- 경력직,서울 강남구,영어,09.09,채용시
281,동백정철어학원,"초,중등 영어 강사님모집(전임강사님)",경기 용인시,영어,09.09,10.09
282,설연고학원,[용인시/수학] 미래를 함께하실 선생님을 모십니다,경기 용인시,수학,09.09,10.09
283,샤인학원,고등부 국어 파트(여) 주2일 모십니다.,서울 양천구,국어,09.09,10.07
284,중앙학원,중등 영어 피트선생님을 모십니다,서울 광진구,영어,09.09,10.09
285,은 수학영어학원,고등부 전임 수학 선생님                  모십니다.,경기 부천시,수학,09.09,채용시
286,한수위학원,- 초등중등 영어 선생님 모집 -,경기 성남시,수학,09.09,09.24
287,뿌리깊은국어학원,파트타임 국어 선생님을 모십니다.,부산 해운대,국어,09.08,채용시
288,메이저수학학원,[반포 중고등부 전임 수학선생님] 기본급400만+인센티브,서울 서초구,수학,09.08,10.08
289,halo 헤일로수학과학학원,헤일로수학과학학원에서 수학선생님을 모십니다.,경기 안양시,수학,09.08,채용시
290,포레스픽 영어학원,초등전문영어학원 한국인 강사 모집,서울 강서구,영어,09.08,10.08
291,육일수학학원,인천 구월동에서 중고등부 수학쌤을 모십니다,인천 남동구,수학,09.08,채용시
292,바른영어학원,"초,중등 영어 강사님을 모십니다 :)",인천 연수구,영어,09.08,채용시
293,팬더쌤영수전문학원,"초등/중고등 영어,수학.과학,국어 강사 모십니다.",경기 의정부,수학,09.08,09.23
294,상상이상학원,상상이상에서 열정 가득한 국어 쌤을 모십니다,세종 ,국어,09.08,10.08
295,날개달기 국어,일산 후곡 날개달기 국어,경기 고양시,국어,09.08,채용시
296,강동하이레벨수학학원,"강동구 수학학원-중고등부 수학강사 모집(정규직,전임)",서울 강동구,수학,09.08,10.08
297,코어에듀,전과목 전문 과외 선생님을 모십니다.,서울 강남구,수학,09.08,10.08
298,(주) 서초아발론,[서울 ] 초등 영어 선생님 모십니다,서울 서초구,영어,09.08,10.08
299,Habit 9 어학원,[Habit 9] 대치동 메이저 어학원에서 선생님과 스탭 모집,서울 강남구,영어,09.08,09.28
300,CDC(Catholic Dreams & Ch...,"CDC 교육센터에서 중등 - 고등 국어, 수학 선생님을 모십니다.",서울 양천구,수학,09.08,채용시
301,서강영어학원,위례서강영어학원에서 중등부 월수금 파트 강사님 모십니다,경기 성남시,영어,09.08,09.23
302,SAGE 영어학원,초등 영어선생님을 초빙합니다.,서울 동작구,영어,09.08,채용시
303,스카이 학원,"분당 이매역 근처  초 중 고 영수 선생님 전임, 파트 모집합니다",경기 성남시,영어,09.08,10.08
304,더쎈학원,초 중등 수학 강사님 초빙 (김포시 풍무동),경기 김포시,수학,09.08,채용시
305,제이원에듀,수학강사 파트or전담선생님 모집합니다.,제주 제주시,수학,09.08,09.23
306,미투스카이 수학전문학원,[대치동수학전문] 배우며 성장할 수 있는 학원 (중등부/고등부),서울 강남구,수학,09.08,10.08
307,사이매쓰학원,열정적인 수학 선생님을 모십니다.,경기 김포시,수학,09.08,10.08
308,이룸영어,영어 초등 중등 전임강사,서울 강남구,영어,09.08,채용시
309,일류학원,초중등 영어 파트 선생님 모십니다.,서울 중랑구,영어,09.07,채용시
310,더쎈영수학원,중/고등부를 담당하실 영어선생님을 모십니다.,서울 특별시,영어,09.07,09.23
311,연세위너스학원,중등부 수학 강사 모십니다,경기 고양시,수학,09.07,10.07
312,이도수학,새롭게 시작하는 송도 이도수학에서 수학선생님을 찾고 있습니다,인천 연수구,수학,09.07,10.07
313,루체테어학원 가재울캠퍼...,[루체테어학원 가재울캠퍼스] 초중등 전임강사 모집,서울 서대문,영어,09.07,채용시
314,플랜에이수학학원,"[의정부]초등,중등 겸임 수학선생님 모집중입니다.",경기 의정부,수학,09.07,10.07
315,빌더스 인텐시브,"[용인]중고등 영어 전임(280만원,월-목),화목파트샘(130만원)",경기 용인시,영어,09.07,채용시
316,G1230(양주점),일품 학원에서 함께 하실 수학 선생님 모십니다.,경기 양주시,수학,09.07,채용시
317,에듀피아,"에듀피아학원에서 초,중등부 강사를 모집합니다.",인천 미추홀,영어,09.07,10.07
318,엠베스트SE 이산캠퍼스,초중등 영어 보조 선생님 모집힙니다 [2동탄],경기 화성시,영어,09.07,10.07
319,멘토아카데미,[여의도] 초등 수학 선생님 모집합니다. (전임),서울 영등포,수학,09.07,채용시
320,아이엠지잉글리시,"수학 전임,파트",서울 은평구,수학,09.07,10.07
321,민병철주니어학원,[민병철어학원] 초등영어선생님과 중등영어선생님 모집,서울 관악구,영어,09.07,10.01
322,The큰수학학원,수학전임/파트(초/중/고등부) 선생님을 모십니다.,서울 동대문,수학,09.07,채용시
323,파스칼학원,[인천서구] 파스칼학원 중고등 국어 선생님 모십니다,인천 서구,국어,09.07,10.03
324,유클리드 수학전문학원,수학 중고 전임 강사님을 모십니다.,대전 서구,수학,09.07,09.22
325,해솔학원,[서울 은평구][중고등부영어][주6일 전임][경력1년이상],서울 은평구,영어,09.07,채용시
326,하이클래스 입시학원,[인천청라] 초/중등 수학,인천 서구,수학,09.07,09.22
327,알파영어,영어 선생님 모십니다,서울 은평구,영어,09.07,10.07
328,ELL학원,"초, 중 영어 선생님 모십니다!",인천 남동구,영어,09.07,09.22
329,지티지 수학학원,GTG수학에서 사고력 선생님을 모십니다.,경기 성남시,수학,09.07,채용시
330,math153수학학원,초.중등부 수학강사 모십니다,경기 부천시,수학,09.07,채용시
331,메리트수학학원,확장이전으로 함께 성장할  수학학원 초중수학강사  모십니다,서울 강동구,수학,09.07,10.07
332,닥터수밀크잉글리쉬,매니저 급 초중등 영어강사 모집,경기 용인시,영어,09.07,채용시
333,앤써학원,"함께 성장할 수학, 영어 선생님을 모십니다.",경기 파주시,수학,09.06,10.06
334,(주)잇올,[본사] 2021년 9월 잇올그룹 운영본부 교과팀 공개채용 (전국),서울 서초구,국어,09.06,10.06
335,힘수학,아이들은 사랑으로 이끌어 주실 선생님을 찾고 있습니다!!,경기 김포시,수학,09.06,10.06
336,삼성영어창일교실학원,초 중등부 영어 강사,서울 도봉구,영어,09.06,09.21
337,유신해법학원,초/중등 영어 선생님 모십니다,인천 남동구,영어,09.06,10.06
338,플랜에이수학,2관 개관으로 실력있는 선생님 모십니다.(초등/중등/데스크),경기 성남시,수학,09.06,10.06
339,명문학원,초중 영어 강사 파트/주 4일,경기 고양시,영어,09.06,10.06
340,마이러닝랩 입시학원,판교 관리형 입시학원 국영수 전문과외 선생님을 모집합니다,경기 성남시,국어,09.06,10.06
341,M2수학학원,배곧 M2수학학원에서 함께 하실 유능한 선생님 모십니다.,경기 시흥시,수학,09.06,10.06
342,아발론랭콘광주태전어학원,아발론랭콘태전어학원 초중등영어선생님 모십니다.,경기 광주시,영어,09.06,10.06
343,다른학원,[중고등부][영어1명][국어1명][압구정동][다른학원],서울 강남구,국어,09.06,10.04
344,진아트잉글리쉬,초등영어학원 월~금 풀타임 강사 모집,서울 송파구,영어,09.06,채용시
345,웰 영수 전문학원,초.중등  영어 전임 선생님을   모집  합니다,경기 김포시,영어,09.06,채용시
346,현앤장수학학원,성실한 수학 선생님을 모십니다.,경기 구리시,수학,09.06,09.26
347,스피드영어학원,중고등  전임 강사 모집합니다(내신/문법/독해),인천 연수구,영어,09.06,10.06
348,개런티영어학원,Guarantee English,경기 화성시,영어,09.06,10.04
349,위에듀어학원,영어유치부 한국인 담임선생님을 모집합니다.,서울 서초구,영어,09.06,10.06
350,SAC잉글리시아이영어학원,"송도 SAC시스템학원 영어 중,고 주5일 기본급300+알파.",인천 연수구,영어,09.06,채용시
351,FTK잉글리쉬,[패스트랙키즈 강동] 영어 유치원에서 인재를 모집합니다,서울 강동구,영어,09.06,채용시
352,(주)종로학원하늘교육,"초등, 중등 용산지역 수학 과학 과외 지도교사 모집.",서울 용산구,수학,09.06,09.21
353,리드N영어수학학원,초등 / 초중등 수학 전임 강사 모집,경기 남양주,수학,09.06,채용시
354,지니리영어학원,"[광명] 초등부 전임(1명), 중고등부 전임(1명) 선생님",경기 광명시,영어,09.05,09.29
355,FLA영어입시전문학원,FLA영어입시전문학원 중등부 고등부 영어강사 모집,인천 연수구,영어,09.05,채용시
356,다니엘 학원,초중(수학) 열정이 있는 선생님을 모십니다.(주5일근무),경기 파주시,수학,09.05,채용시
357,신혜영,중고 수학학원 질문 조교쌤 구합니다.,경기 성남시,수학,09.05,채용시
358,이앤서학원,초.중 영어.수학선생님 모십니다,경기 파주시,영어,09.05,10.05
359,백년나무교육,대치동 학원에서 수학 선생님 모십니다 [기본급 350~500+비율제],서울 강남구,수학,09.05,10.05
360,(주)건강한학습연구소,꼴찌에서 2달 만에 1등한 비법/1:1과외 /1:N 특강/온라인 재택,서울 구로구,국어,09.05,09.23
361,수학대장 방배캠퍼스,수학대장학원 방배3관 전임 강사 채용(주5일),서울 서초구,수학,09.04,09.25
362,김동수학원,함께 근무하실 중등부 수학 선생님을 모십니다.,경기 파주시,수학,09.04,채용시
363,11월의혁명 영어전문학원,(목동)중고등 영어 선생님을 모십니다.,서울 양천구,영어,09.04,09.24
364,U2M감일캠퍼스,올림피아드교육 유투엠)하남 감일캠퍼스 초/중등 수학강사 모집,경기 하남시,수학,09.04,10.01
365,(주) 아이진로,[프리랜서] 취업인적성(수리파트) 강사 모집,서울 동작구,수학,09.04,10.04
366,쌤종합학원,초중고 영어강사 모집,경기 수원시,영어,09.03,채용시
367,(주)대치입시앤컨설팅학원,[천안] 수학 전임 선생님 모십니다 (동종업계 최고 대우),충남 천안시,수학,09.03,10.03
368,매씽에듀,고등 수학강사 모집 / Pay로 업계 최고 대우를 해드리겠습니다,서울 노원구,수학,09.03,채용시
369,류다현 수학전문학원,[양천구 목동] [수학] [초/중/고],서울 양천구,수학,09.03,09.25
370,무결학원,[인천청라] 무결학원 (학원강사/보습학원/수학) 채용합니다,인천 서구,수학,09.03,10.03
371,주노영어,[동대문구] 월.수.금 초/중 영어강사모집,서울 동대문,영어,09.03,10.03
372,올리고 영수학원,안산) 중고등부 영어 선생님 구합니다. (단기/2개월/주3일),경기 안산시,영어,09.03,09.29
373,lns수학학원,[도봉구 방학동][전임 ] [주6일 월~토 ] [중2~고2 수학 ],서울 도봉구,수학,09.03,10.03
374,미스터 밥 수학 학원,초등 / 중등 수학강사 모집합니다,충남 아산시,수학,09.03,10.01
375,IELC어학원,"청라 IELC 어학원, 영어강사 모집합니다!",인천 서구,영어,09.03,09.22
376,수학사이다학원,초중 수학강사모집,인천 남동구,수학,09.03,10.03
377,청명학원,"중-고등 과학 선생님,  중고등 국어 선생님",서울 강남구,과학계열,09.03,10.03
378,미래를 여는 창,분당지역 초중 수학강사 모십니다.^^,경기 성남시,수학,09.03,10.01
379,대월아카데미,중고등부 영어 강사모집,경기 안산시,영어,09.03,10.03
380,EduStone,( 광고 ) 에듀스톤,제주 서귀포,영어,09.03,10.03
381,시그마베스트학원,초중고 수학선생님  모십니다.,서울 강남구,수학,09.03,채용시
382,현대해법영어보습학원,영어강사모집,경기 부천시,영어,09.03,10.02
383,SNU 영수과 전문학원,초중등  영어수학 파트 또는 전임,인천 남동구,수학,09.03,10.03
384,대치학원,국/영/수 선생님 모십니다,경기 수원시,국어,09.03,10.03
385,에이플러스,열정있고 성실한 수학선생님 모십니다.,인천 서구,수학,09.02,09.30
386,국제어학원당산캠퍼스,초등부 정규 영어 강사/파트 강사/ 파트 관리(채점) 강사,서울 영등포,영어,09.02,10.02
387,권진희국어학원,권진희 국어학원 중고등부 전임 강사 채용합니다.,대구 수성구,국어,09.02,10.02
388,삼성영어셀레나학원,초중등 영어 선생님 모십니다.,서울 강동구,영어,09.02,채용시
389,파이수학,화곡역 / 신월 / 강서 중고등부 수학강사 구합니다,서울 양천구,수학,09.02,10.02
390,재니 학원,"일산 백마지역 영어 전임 ,파트  재니학원",경기 고양시,영어,09.02,채용시
391,와이키즈 마포센터,와이키즈 마포센터 유아수학과학 교사 채용,서울 마포구,수학,09.02,채용시
392,박쌤학원,영어선생님을 모십니다.,인천 부평구,영어,09.02,10.02
393,교원더퍼스트플래너스수학...,[초/중/고] 수학선생님 모십니다.,부산 부산진,수학,09.02,채용시
394,매쓰플랜수학전문학원,[노원구] 중등수학강사님 모십니다/파트가능,서울 노원구,수학,09.02,09.25
395,중앙학원,초/중 수학선생님을 모십니다.,서울 서초구,수학,09.02,09.30
396,주식회사 와이디아카데미,초중등영어 파트쌤(주5일) 모십니다.,서울 강서구,영어,09.02,채용시
397,모스트학원,[도봉구 방학동]중고등 수학 / 과학 선생님 모십니다.,서울 도봉구,수학,09.02,채용시
398,인사이트학원,"초,중등 수학강사",경기 광주시,수학,09.02,10.02
399,(주)아인슈타인교육,**초/중 수학선생님 모십니다**,서울 강남구,수학,09.02,10.02
400,수학사랑학원,"초/중등, 중/고등 전임 수학선생님 모십니다.",경기 용인시,수학,09.02,채용시
401,JYP영어학원,[금천] 초등 / 중1 영어 강사님 모십니다.,서울 금천구,영어,09.02,채용시
402,강남펜타스학원,국어 고등부 파트,서울 성북구,국어,09.01,채용시
403,수학몬스터대치학원,대치/서초/동탄 수학몬스터,서울 강남구,수학,09.01,채용시
404,프랩학원,초중등 수학강사 모집,경기 파주시,수학,09.01,채용시
405,EIE 고려대국제어학원,초 중고 각 전임 및 파트 구합니다!!!,경기 고양시,영어,09.01,10.01
406,멘토초중보습학원,초중고 영어샘,경기 부천시,영어,09.01,10.01
407,웨스턴영어학원,초중 전임   +  중.고등 전임 강사  구인중입니다.,서울 은평구,영어,09.01,채용시
408,홍수학영어입시학원,"중고  영어, 수학 전임 파트샘 구합니다.",경기 부천시,수학,09.01,채용시
409,ELI어학원,"(주)ELI어학원/확장충원/초중등영어/전임/죽전,보정/경력,신입",경기 용인시,영어,09.01,채용시
410,와이즈만 관악센터,수학 전임강사 채용 (서울대입구역),서울 관악구,수학,09.01,09.23
411,맨투맨학원호원센터,호원맨투맨학원에서 수학선생님을 모집합니다.,경기 의정부,수학,09.01,채용시
412,강한학원,초중등 수학선생님 모셔요.,서울 동작구,수학,09.01,10.01
413,몬스터교육,몬스터교육. 동탄 수학/국어 선생님 채용공고,경기 화성시,수학,09.01,채용시
414,문희영어학원,남양주시 별내동 문희영어학원 초중등 영어강사,경기 남양주,영어,09.01,채용시
415,일로드수학학원,초/중등 전임선생님 채용,경기 수원시,수학,09.01,채용시
416,뉴스트학원,초중등 영어쌤 모십니다.,서울 광진구,영어,09.01,10.01
417,드림수학전문학원,"수학(초,중등) /영어(중고등)강사모집합니다",경기 용인시,수학,09.01,09.25
418,BLAST어학원,서동탄역근처 어학원 초등/초중영어 선생님 모십니다.,경기 화성시,영어,09.01,채용시
419,LETS영어수학전문학원,[화성]초/중/고 수학 고정급 OR6:4비율제 선택,경기 화성시,수학,09.01,09.27
420,청담클루빌영어학원,열정적인 영어선생님을 모십니다.,서울 양천구,영어,08.31,09.30
421,최고수보습학원,초/중 수학전문학원 전임강사를 모십니다,서울 노원구,수학,08.31,09.27
422,명인학원,대치명인학원 - 명인스카이수학(대전) 수학강사 모집,대전 서구,수학,08.31,09.30
423,민락맨투맨학원,민락 맨투맨학원 초중등 국어영어수학 전임 파트 구합니다,경기 의정부,국어,08.31,채용시
424,강남SK학원,"국어(고등1년/월수금중,2회강의,2시간씩 )/나이 무관/수서역 3출",서울 강남구,국어,08.31,09.25
425,대치학원,"(중,고) 영어, 수학 선생님 ^^",서울 구로구,영어,08.31,09.30
426,캐슬The오름수학,The오름 수학학원에서 수학강사님을 모십니다.,서울 강동구,수학,08.31,09.30
427,미래학원,"중고등 영어선생님, 국어선생님 모십니다.",경기 광주시,영어,08.31,채용시
428,공신수학학원,"2021 초중고 영어전임,국어(비율제)/ 초등수학 월급제(파트)",서울 강서구,영어,08.31,09.26
429,더블유 수학학원,책임감 강하신 중고등 수학선생님을 모십니다.,서울 강동구,수학,08.31,09.30
430,이지스터디학원,초중 수학강사 급구,서울 은평구,수학,08.31,09.30
431,티앤비영수전문학원,초중담당수학 선생님 모십니다.,경기 안산시,수학,08.31,09.30
432,[중계]청담어학원,[청담어학원] 중계 직영브랜치 한인강사 채용,서울 노원구,영어,08.31,09.30
433,일타수학학원,"김포장기동 일타수학학원 중,고등부 선생님 모십니다.",경기 김포시,수학,08.31,09.30
434,영어종결센터,초중 메인강사,경기 파주시,영어,08.31,채용시
435,잉글리시에그노원,"잉글리시에그 노원센터 유아, 유치부 영어놀이 선생님 모집",서울 노원구,영어,08.31,09.30
436,고려EIE 마석 송라 캠퍼스,고려EIE 마석송라 캠퍼스 영어강사 구인,경기 남양주,영어,08.31,09.30
437,APSUN앞선영어,Apsun 앞선영어학원 초중등부 전임 OR 파트강사 초빙,경기 성남시,영어,08.31,09.30
438,이경직 입시국어 클리닉,[이경직 입시국어 클리닉] 2021학년도 후반기 국어 선생님 공채,경기 화성시,국어,08.31,09.30
439,오롬어학원,(남양주) 초/중등부 영어강사 전임 구인(인턴 포함),경기 남양주,영어,08.30,09.29
440,강의하는 아이들 백마캠퍼...,강의하는아이들 일산백마캠퍼스-중등선생님 모십니다.,경기 고양시,수학,08.30,채용시
441,잉글리시버드,[타임당 3만원] 100% 영어수업 토요일 유초등 수업 채용,서울 마포구,영어,08.30,채용시
442,정상수학,[산본] 초5~중2 수학 전임 선생님 모집합니다.,경기 군포시,수학,08.30,09.29
443,더나은학원,학생의 미래를 함께 바꿔 줄 선생님들을 모십니다.,경기 수원시,수학,08.30,09.29
444,명석수학전문학원,대치동 명석학원에서 수학강사을 구합니다.,서울 강남구,수학,08.30,채용시
445,"쿤 어학원, 쿤 수학학원","[화성시 향남읍] 초중등 수학강사1명, 영어강사1명.",경기 화성시,수학,08.30,09.29
446,아이엘(IL)영어n수학보습...,초중 영수 선생닙을 모십니다,서울 강동구,영어,08.30,09.29
447,정철영어주니어서산캠퍼스,수학 강사 급구,충남 서산시,수학,08.30,채용시
448,BT수학학원,중고등부 수학강사를 모집합니다.(남양주 진접),경기 남양주,수학,08.30,09.29
449,생각하는수학플러스어학원,생각하는 수학선생님(  보조강사 모집)- (수학),경기 광명시,수학,08.30,09.29
450,정철영어주니어동호어학원,정철어학원 강사분 구합니다,대구 동구,영어,08.30,09.29
451,탑스카이학원,경기도 이천시 초등부 영어선생님 모집,경기 이천시,영어,08.30,09.29
452,인피니트영수전문학원,"영어, 수학 선생님 채용합니다.",부산 북구,수학,08.30,09.29
453,정왕냉정센수학윤선생시흥...,시흥시 정왕동 초등 수학강사 모십니다.(3시~6시),경기 시흥시,수학,08.30,채용시
454,수지에이프릴어학원,April어학원에서 영어강사 모집합니다,경기 용인시,영어,08.30,09.29
455,생각수학,초등3학년~중1학년 수학 지도 선생님을 모십니다.,경기 고양시,수학,08.29,채용시
456,수학공감학원,매탄동 수학공감 학원에서 선생님을 모십니다,경기 수원시,수학,08.29,채용시
457,공부자신감,초/중 수학 전임선생님 모십니다,경기 용인시,수학,08.29,채용시
458,더오름학원,화성 향남 초등수학 보조선생님 구합니다,경기 화성시,수학,08.29,채용시
459,삼성영어해법수학이문학원,동대문구 이문동에서 수학 가르치실 강사 모십니다.,서울 동대문,수학,08.28,채용시
460,정철어학원 Jr.,구월정철어학원에서  함께 할 영어 선생님을 모십니다.,인천 남동구,영어,08.28,09.27
461,JY 잉글리쉬아카데미,JY 영어학원 초중등 전임강사 채용,경기 용인시,영어,08.28,09.27
462,(주)동화세상에듀코,"[마포,광명]와와학습코칭학원 초중고 온-오프수업  강사모집",서울 마포구,국어,08.28,채용시
463,현준쌤수학학원,현준쌤수학학원에서 중등부 젊은 수학선생님을 모십니다,경기 김포시,수학,08.28,채용시
464,이엠스쿨학원,초중등 수학 전임강사 구인합니다.,충북 청주시,수학,08.27,09.26
465,맨투맨영수학원,안산 초지동 수학 강사 모집합니다.,경기 안산시,수학,08.27,채용시
466,시대에듀,[하남] 초중등부 수학 경력강사모집. 기본급 300+인센티브,경기 하남시,수학,08.27,09.26
467,지앤조영수학원,월수금 1시~6시 초등영어선생님 구인입니다,경기 고양시,영어,08.27,09.26
468,이지피지영어,초등 소수원서수업,경기 성남시,영어,08.26,채용시
469,엠리더스향남학원,중등부 수학  영어강사님 모십니다.(파트 ),경기 화성시,수학,08.26,09.25
470,바른학원,초등 영어 선생님,경기 광주시,영어,08.26,09.25
471,잉글리쉬무무고잔제5학습...,영어)잉글리쉬무무) 단기급구알바 및 정규직 선생님 모십니다.,경기 안산시,영어,08.26,09.25
472,아이비츠학원,중등부 영어선생님을 모십니다~^^,경기 수원시,영어,08.26,채용시
473,신사고영어보습학원,신사고 입시 학원에서 영어 선생님을 모집합니다.,경기 부천시,영어,08.26,09.25
474,필과수수학과학학원,"중.고등영어, 초.중수학,국어 화학선생님을 모십니다.",서울 도봉구,영어,08.26,09.25
475,The System 영수전문,병점역 근처 영수단과학원에서 고등부 수학 선생님 찾습니다.,경기 화성시,수학,08.26,09.25
476,배진영수전문학원,평택 비전동 학원에서 단기 영어선생님 구합니다!!,경기 평택시,영어,08.26,09.25
477,천종현사고력수학,"유초등 수학 강사 모집(위례, 천종현수학연구소)",서울 송파구,수학,08.26,09.25
478,제카영어학원,중등부영어학원 전임강사모집,경기 용인시,영어,08.26,09.25
479,영어종결센터 소사벌학원,중고 영어 강사 모집,경기 평택시,영어,08.26,채용시
480,광명 소마사고력 수학학원,광명소마사고력수학 교사모집,경기 광명시,수학,08.26,채용시
481,삼성영어 쎈수학 러닝센터...,삼성영어 위례숲 교실에서 영어강사님 및 실장님을 초빙합니다.,경기 하남시,영어,08.26,채용시
482,후곡에듀플렉스학원,초중고 대상 학습 매니저 선생님 구합니다.,경기 고양시,자기주도/학습코칭,08.26,09.25
483,티엘수능입시학원,"서초구 중,고등 대상 학원 수학 선생님 모십니다.",서울 서초구,수학,08.26,채용시
484,EIE 고려대 국제어학원 김...,교수부장 및 팀장 중간관리자 채용합니다!!,경기 김포시,영어,08.26,09.25
485,하이영수학원,"영어 파트 타임/ 부평구청역(7호선) 인근/ 월, 수 4시간/ 월 70+",인천 부평구,영어,08.26,09.25
486,EKEDU(주),영어 내신 강사 및 토플 강사,경기 성남시,영어,08.26,채용시
487,나랏말씀국어학원,중등부 국어 선생님[전임 및 파트]을 모십니다.,서울 광진구,국어,08.26,09.25
488,영어종결센터 하안학원,중고등 영어 전임 선생님,경기 광명시,영어,08.26,채용시
489,이스턴어학원,영어 강사(보충교사) 모집합니다.  4시간근무,경기 김포시,영어,08.25,09.24
490,서울에듀학원,남양주시 평내동 중등수학선생님을 모십니다,경기 남양주,수학,08.25,09.24
491,소리영어수리수학,소리영어수리수학 학원에서 영어선생님 모십니다.,충북 청주시,영어,08.25,09.24
492,라온학원,녹양동 학원에서 초중고 수학 파트 선생님 구합니다.,경기 의정부,수학,08.25,09.24
493,더채움수학전문학원,"초,중등 선생님 구합니다",서울 광진구,수학,08.25,채용시
494,블러썸영어학원,"젊고 유능하신 중,고등부 영어 선생님을 모십니다.",인천 연수구,영어,08.25,09.24
495,지노수학과학 학원,하남시 수학과학전문학원에서 중등수학 선생님을 모셔봅니다,경기 하남시,수학,08.25,09.24
496,대치동토모수학,"인연을 믿습니다. 지원해 주세요!! (초등,중등 수학선생님 구인)",경기 성남시,수학,08.25,채용시
497,에벤학원,중.고등 수학 전임/파트 타임 강사,경기 화성시,수학,08.25,채용시
498,GnB영어전문학원(부평캠퍼...,인천 계산동 [ 초등~고1 영어선생님 ] 모십니다,인천 계양구,영어,08.25,오늘마감
499,양나무수학학원,초중고 수학 강사 구인,경기 수원시,수학,08.25,채용시
500,신승환영어학원,-급구-초.중등부 영어 강사 (평택),경기 평택시,영어,08.25,채용시
501,서울탑텐 학습센터,서귀포 서울탑텐학원에서 함께 성장할 선생님을 모십니다.,제주 서귀포,수학,08.25,채용시
502,참된인재학원,■[고등영어]전임 선생님을 모십니다.,경기 부천시,영어,08.25,09.23
503,이룸 국영수 학원,인천 계양구 국어 선생님 모십니다,인천 계양구,국어,08.25,09.24
504,대한논리속독염창학원,국어 독서 논술 선생님을 채용 중 입니다.,서울 강서구,독서/논술,08.24,채용시
505,청운학원,"[의정부 청운]수능 영어 강사 모집 (주2일) 수,금",경기 의정부,영어,08.24,채용시
506,더채움해법영어수학학원,초등 수학 영어 학원 선생님 구인합니다,인천 서구,수학,08.24,채용시
507,이현주어학원,이현주어학원에서 선생님을 채용합니다.,서울 마포구,영어,08.24,09.23
508,갈매지앤비영어학원,"초등, 중등 전임 영어선생님 구합니다.",경기 구리시,영어,08.24,채용시
509,차수학앤국풍2000학원,"초.중등부 수학 국어강사 , 고등부 수학강사 전임, 파트  모집",경기 시흥시,수학,08.24,09.23
510,춘천종로엠스쿨,종로엠스쿨 춘천직영점 영어/수학/상담 선생님 모집,강원 춘천시,수학,08.24,채용시
511,더웰학원,초/중등/고등부 수학강사 4분/영어강사2분  모십니다.,경기 수원시,수학,08.24,09.23
512,하이츠수학,이현주어학원에서 선생님을 채용합니다.,서울 마포구,영어,08.24,채용시
513,TMS이룸수학학원,[초/중등] 수학선생님을 모십니다.,인천 연수구,수학,08.24,채용시
514,아이비프렙&아르케 아카데...,중등부 내신 관리,서울 종로구,영어,08.24,09.23
515,루시앤입시학원,루시앤영어학원,대구 북구,영어,08.23,09.22
516,아이디어스 아카데미,수학 중등부 강사 모집합니다.,서울 구로구,수학,08.23,10.03
517,한솔플라톤(한솔교육),요즘 학교는 자기 생각을 묻고 답하는 플라톤 식,서울 마포구,독서/논술,08.23,09.22
518,자호수학,동탄 1신도시 수학학원에서 초중등 / 중고등선생님을 구합니다.,경기 화성시,수학,08.23,09.22
519,프린스턴수학전문,중고 수학강사를 채용중입니다.,경기 의정부,수학,08.23,09.22
520,제니스학원,수학 전임 선생님 구합니다.,부산 사하구,수학,08.23,채용시
521,삼성영어,초중 수학강사,인천 계양구,수학,08.23,채용시
522,한국영재교육센터수학학원,(종로학원하늘교육 분당정자) 초/중등 수학 강사 모집,경기 성남시,수학,08.23,09.22
523,리즈멘토 스터디,초중등 영어 선생님 모십니다!!,경기 김포시,영어,08.23,채용시
524,일퍼센트수학원,중등 / 고등 내신 대비 강사님 모십니다.,경기 광주시,수학,08.22,09.21
525,평촌설연고학원,"설연고학원 - 중, 고등부 수학 강사를모집합니다.",경기 안양시,수학,08.22,09.21
526,대성학원,[서인천 대성학원] 하반기 영어 수학 전임.파트선생님모집합니다,인천 서구,수학,08.22,09.21
527,아이빅학원,"초, 중등 수학강사 모집 주 2회(화, 금요일)",경기 용인시,수학,08.22,09.21
528,평내카이로스 수학학원,중등수학쌤,경기 남양주,수학,08.21,채용시
529,수학의숲,[목동 수학의숲] 초중고 주말 파트 수학 선생님/상담 선생님,서울 양천구,수학,08.21,채용시
530,해법독서논술 김주희국어,초중등국어논술 파트 강사 모집합니다.,경기 성남시,국어,08.21,09.20
531,수만휘기숙학원본원,기숙학원에서 열정적으로 학생들을 가르칠 강사님을 찾습니다,경기 안성시,수학,08.21,채용시
532,이스턴어학원,삼성영어에서 선생님 구합니다,경기 김포시,영어,08.21,채용시
533,(주)막강수학,"수학,영어 강사 모십니다.",서울 강남구,수학,08.21,채용시
534,삼성영어 서울서북부지사,초/중등 수학 선생님 모집,서울 마포구,수학,08.21,채용시
535,비투게더,온 오프 교육브랜드 비투게더 영어강사님 수학강사님 대모집,경기 의정부,영어,08.21,09.20
536,성공의신화학원,시흥은계지구 초등 논술 선생님 모십니다,경기 시흥시,국어,08.21,채용시
537,한정원수학영어학원,[남양주시 덕소][전임][주5일][중등수학],경기 남양주,수학,08.20,오늘마감
538,혜윰플러스학원,동탄2 초중 여자 전임선생님 모십니다. 근무시간1시~9시,경기 화성시,영어,08.20,채용시
539,잉글리시아이 학원,[용인 기흥구] 초등 / 중등 영어 선생님을 모십니다.,경기 용인시,영어,08.20,채용시
540,메가스터디교육,[메가스터디학원] 2022년 재수종합반 강사 공개채용,서울 서초구,국어,08.20,오늘마감
541,뉴베리어학원,중고등부 수업가능한 전임선생님 구인,경남 진주시,영어,08.20,채용시
542,카이스트수학과학 학원,서귀포 수학학원 초/중등 선생님 모십니다,제주 서귀포,수학,08.20,채용시
543,뮤엠영어곤지암학원,뮤엠영어 곤지암학원 영어선생님 모십니다.,경기 광주시,영어,08.20,오늘마감
544,아발론신도림어학원,마곡 케이투학원에서 중등부 국어선생님을 모십니다,서울 구로구,국어,08.20,채용시
545,김요안수학학원,광진구 자양동에서 근무하실 수학선생님을 모십니다.,서울 광진구,수학,08.20,오늘마감
546,헤일리학원,중고등부 영어 강사 모집,서울 서초구,영어,08.20,채용시
547,한솔영어수학학원,[비율제] 초/중등 수학선생님을 모십니다,인천 남동구,수학,08.20,채용시
548,에모리 영어,압구정쪽 영어 학원에서 백프로 영어 수업 가능한 선생님 찾아요,서울 강남구,영어,08.20,채용시
549,정선수학전문학원,고등부 수학강사님[전임]모집,서울 송파구,수학,08.10,채용시
