,학교종류,고등학교명,법정동,서울대합격자수
0,상업고등학교,경기상업고등학교,서울특별시 종로구,0
1,일반고등학교,경복고등학교,서울특별시 종로구,2
2,일반고등학교,경신고등학교,서울특별시 종로구,1
3,상업고등학교,대동세무고등학교,서울특별시 종로구,0
4,일반고등학교,대신고등학교,서울특별시 종로구,0
5,일반고등학교,덕성여자고등학교,서울특별시 종로구,3
6,일반고등학교,동성고등학교,서울특별시 종로구,2
7,일반고등학교,배화여자고등학교,서울특별시 종로구,5
8,일반고등학교,상명대학교사범대학부속여자고등학교,서울특별시 종로구,1
9,과학고등학교,서울과학고등학교,서울특별시 종로구,63
10,국제고등학교,서울국제고등학교,서울특별시 종로구,15
11,예술고등학교,서울예술고등학교,서울특별시 종로구,82
12,상업고등학교,서일국제경영고등학교,서울특별시 종로구,0
13,일반고등학교,중앙고등학교,서울특별시 종로구,1
14,상업고등학교,경기여자상업고등학교,서울특별시 중구,0
15,상업고등학교,대경상업고등학교,서울특별시 중구,0
16,공업고등학교,리라아트고등학교,서울특별시 중구,0
17,일반고등학교,성동고등학교,서울특별시 중구,0
18,공업고등학교,성동공업고등학교,서울특별시 중구,0
19,상업고등학교,성동글로벌경영고등학교,서울특별시 중구,0
20,일반고등학교,이화여자고등학교,서울특별시 중구,6
21,외국어고등학교,이화여자외국어고등학교,서울특별시 중구,4
22,일반고등학교,장충고등학교,서울특별시 중구,1
23,공업고등학교,한양공업고등학교,서울특별시 중구,0
24,일반고등학교,환일고등학교,서울특별시 중구,3
25,일반고등학교,배문고등학교,서울특별시 용산구,0
26,일반고등학교,보성여자고등학교,서울특별시 용산구,0
27,공업고등학교,서울디지텍고등학교,서울특별시 용산구,0
28,상업고등학교,선린인터넷고등학교,서울특별시 용산구,0
29,일반고등학교,성심여자고등학교,서울특별시 용산구,0
30,일반고등학교,신광여자고등학교,서울특별시 용산구,0
31,일반고등학교,오산고등학교,서울특별시 용산구,3
32,일반고등학교,용산고등학교,서울특별시 용산구,4
33,공업고등학교,용산공업고등학교,서울특별시 용산구,0
34,일반고등학교,중경고등학교,서울특별시 용산구,3
35,일반고등학교,경일고등학교,서울특별시 성동구,0
36,일반고등학교,금호고등학교,서울특별시 성동구,0
37,상업고등학교,덕수고등학교,서울특별시 성동구,1
38,일반고등학교,도선고등학교,서울특별시 성동구,0
39,일반고등학교,무학여자고등학교,서울특별시 성동구,1
40,공업고등학교,서울방송고등학교,서울특별시 성동구,0
41,일반고등학교,성수고등학교,서울특별시 성동구,0
42,공업고등학교,성수공업고등학교,서울특별시 성동구,0
43,일반고등학교,한양대학교사범대학부속고등학교,서울특별시 성동구,4
44,일반고등학교,건국대학교사범대학부속고등학교,서울특별시 광진구,3
45,일반고등학교,광남고등학교,서울특별시 광진구,7
46,일반고등학교,광양고등학교,서울특별시 광진구,0
47,일반고등학교,대원고등학교,서울특별시 광진구,2
48,일반고등학교,대원여자고등학교,서울특별시 광진구,6
49,외국어고등학교,대원외국어고등학교,서울특별시 광진구,55
50,일반고등학교,동국대학교사범대학부속여자고등학교,서울특별시 광진구,2
51,예술고등학교,선화예술고등학교,서울특별시 광진구,27
52,일반고등학교,자양고등학교,서울특별시 광진구,0
53,일반고등학교,경희고등학교,서울특별시 동대문구,3
54,일반고등학교,경희여자고등학교,서울특별시 동대문구,2
55,일반고등학교,대광고등학교,서울특별시 동대문구,3
56,일반고등학교,동국대학교사범대학부속고등학교,서울특별시 동대문구,2
57,상업고등학교,정화여자상업고등학교,서울특별시 동대문구,0
58,일반고등학교,청량고등학교,서울특별시 동대문구,0
59,상업고등학교,해성국제컨벤션고등학교,서울특별시 동대문구,0
60,일반고등학교,해성여자고등학교,서울특별시 동대문구,0
61,공업고등학교,휘경공업고등학교,서울특별시 동대문구,0
62,일반고등학교,휘경여자고등학교,서울특별시 동대문구,1
63,일반고등학교,휘봉고등학교,서울특별시 동대문구,0
64,일반고등학교,면목고등학교,서울특별시 중랑구,1
65,일반고등학교,송곡고등학교,서울특별시 중랑구,0
66,상업고등학교,송곡관광고등학교,서울특별시 중랑구,0
67,일반고등학교,송곡여자고등학교,서울특별시 중랑구,1
68,일반고등학교,신현고등학교,서울특별시 중랑구,1
69,일반고등학교,원묵고등학교,서울특별시 중랑구,0
70,상업고등학교,이화여자대학교병설미디어고등학교,서울특별시 중랑구,0
71,일반고등학교,중화고등학교,서울특별시 중랑구,0
72,일반고등학교,태릉고등학교,서울특별시 중랑구,1
73,일반고등학교,혜원여자고등학교,서울특별시 중랑구,3
74,일반고등학교,경동고등학교,서울특별시 성북구,0
75,일반고등학교,계성고등학교,서울특별시 성북구,1
76,일반고등학교,고려대학교사범대학부속고등학교,서울특별시 성북구,0
77,상업고등학교,고명경영고등학교,서울특별시 성북구,0
78,외국어고등학교,대일외국어고등학교,서울특별시 성북구,31
79,상업고등학교,동구마케팅고등학교,서울특별시 성북구,0
80,일반고등학교,서울대학교사범대학부설고등학교,서울특별시 성북구,3
81,공업고등학교,서울도시과학기술고등학교,서울특별시 성북구,0
82,일반고등학교,석관고등학교,서울특별시 성북구,0
83,일반고등학교,성신여자고등학교,서울특별시 성북구,1
84,일반고등학교,용문고등학교,서울특별시 성북구,1
85,일반고등학교,한성여자고등학교,서울특별시 성북구,1
86,일반고등학교,홍익대학교사범대학부속고등학교,서울특별시 성북구,4
87,일반고등학교,미양고등학교,서울특별시 강북구,0
88,일반고등학교,삼각산고등학교,서울특별시 강북구,0
89,상업고등학교,성암국제무역고등학교,서울특별시 강북구,0
90,일반고등학교,신일고등학교,서울특별시 강북구,5
91,일반고등학교,영훈고등학교,서울특별시 강북구,3
92,일반고등학교,창문여자고등학교,서울특별시 강북구,4
93,일반고등학교,혜화여자고등학교,서울특별시 강북구,0
94,일반고등학교,누원고등학교,서울특별시 도봉구,2
95,일반고등학교,도봉고등학교,서울특별시 도봉구,0
96,상업고등학교,서울문화고등학교,서울특별시 도봉구,0
97,외국어고등학교,서울외국어고등학교,서울특별시 도봉구,2
98,일반고등학교,선덕고등학교,서울특별시 도봉구,11
99,실업고등학교,세그루패션디자인고등학교,서울특별시 도봉구,0
100,일반고등학교,자운고등학교,서울특별시 도봉구,1
101,일반고등학교,정의여자고등학교,서울특별시 도봉구,1
102,일반고등학교,창동고등학교,서울특별시 도봉구,2
103,일반고등학교,효문고등학교,서울특별시 도봉구,0
104,공업고등학교,경기기계공업고등학교,서울특별시 노원구,0
105,공업고등학교,광운전자공업고등학교,서울특별시 노원구,0
106,일반고등학교,노원고등학교,서울특별시 노원구,1
107,일반고등학교,대진고등학교,서울특별시 노원구,9
108,일반고등학교,대진여자고등학교,서울특별시 노원구,6
109,상업고등학교,동산정보산업고등학교,서울특별시 노원구,0
110,공업고등학교,미래산업과학고등학교,서울특별시 노원구,0
111,일반고등학교,불암고등학교,서울특별시 노원구,4
112,일반고등학교,상계고등학교,서울특별시 노원구,2
113,일반고등학교,상명고등학교,서울특별시 노원구,1
114,일반고등학교,서라벌고등학교,서울특별시 노원구,7
115,공업고등학교,서울아이티고등학교,서울특별시 노원구,0
116,일반고등학교,수락고등학교,서울특별시 노원구,0
117,일반고등학교,염광고등학교,서울특별시 노원구,0
118,공업고등학교,염광여자메디텍고등학교,서울특별시 노원구,0
119,실업고등학교,영신간호비즈니스고등학교,서울특별시 노원구,0
120,일반고등학교,영신여자고등학교,서울특별시 노원구,4
121,일반고등학교,용화여자고등학교,서울특별시 노원구,4
122,일반고등학교,월계고등학교,서울특별시 노원구,1
123,공업고등학교,인덕공업고등학교,서울특별시 노원구,0
124,일반고등학교,재현고등학교,서울특별시 노원구,4
125,일반고등학교,청원고등학교,서울특별시 노원구,6
126,일반고등학교,청원여자고등학교,서울특별시 노원구,1
127,일반고등학교,한국삼육고등학교,서울특별시 노원구,1
128,일반고등학교,혜성여자고등학교,서울특별시 노원구,2
129,일반고등학교,대성고등학교,서울특별시 은평구,5
130,일반고등학교,동명여자고등학교,서울특별시 은평구,1
131,상업고등학교,동명여자정보산업고등학교,서울특별시 은평구,0
132,일반고등학교,선일여자고등학교,서울특별시 은평구,0
133,상업고등학교,선일이비즈니스고등학교,서울특별시 은평구,0
134,일반고등학교,선정고등학교,서울특별시 은평구,1
135,실업고등학교,선정국제관광고등학교,서울특별시 은평구,0
136,공업고등학교,세명컴퓨터고등학교,서울특별시 은평구,0
137,일반고등학교,숭실고등학교,서울특별시 은평구,2
138,일반고등학교,신도고등학교,서울특별시 은평구,1
139,공업고등학교,신진과학기술고등학교,서울특별시 은평구,0
140,실업고등학교,예일디자인고등학교,서울특별시 은평구,0
141,일반고등학교,예일여자고등학교,서울특별시 은평구,8
142,일반고등학교,은평고등학교,서울특별시 은평구,0
143,공업고등학교,은평메디텍고등학교,서울특별시 은평구,0
144,일반고등학교,진관고등학교,서울특별시 은평구,2
145,일반고등학교,충암고등학교,서울특별시 은평구,2
146,일반고등학교,하나고등학교,서울특별시 은평구,54
147,일반고등학교,가재울고등학교,서울특별시 서대문구,0
148,일반고등학교,명지고등학교,서울특별시 서대문구,4
149,일반고등학교,이화여자대학교사범대학부속이화금란고등학교,서울특별시 서대문구,6
150,일반고등학교,인창고등학교,서울특별시 서대문구,3
151,일반고등학교,중앙여자고등학교,서울특별시 서대문구,2
152,일반고등학교,한성고등학교,서울특별시 서대문구,2
153,과학고등학교,한성과학고등학교,서울특별시 서대문구,15
154,일반고등학교,경성고등학교,서울특별시 마포구,2
155,일반고등학교,광성고등학교,서울특별시 마포구,2
156,일반고등학교,상암고등학교,서울특별시 마포구,1
157,공업고등학교,서울디자인고등학교,서울특별시 마포구,0
158,일반고등학교,서울여자고등학교,서울특별시 마포구,2
159,일반고등학교,숭문고등학교,서울특별시 마포구,4
160,공업고등학교,한세사이버보안고등학교,서울특별시 마포구,0
161,일반고등학교,홍익대학교사범대학부속여자고등학교,서울특별시 마포구,3
162,상업고등학교,홍익디자인고등학교,서울특별시 마포구,0
163,일반고등학교,강서고등학교,서울특별시 양천구,17
164,일반고등학교,광영고등학교,서울특별시 양천구,1
165,일반고등학교,광영여자고등학교,서울특별시 양천구,1
166,일반고등학교,금옥여자고등학교,서울특별시 양천구,1
167,상업고등학교,대일관광고등학교,서울특별시 양천구,0
168,일반고등학교,목동고등학교,서울특별시 양천구,6
169,일반고등학교,백암고등학교,서울특별시 양천구,1
170,상업고등학교,서울금융고등학교,서울특별시 양천구,0
171,상업고등학교,서울영상고등학교,서울특별시 양천구,0
172,일반고등학교,신목고등학교,서울특별시 양천구,6
173,일반고등학교,신서고등학교,서울특별시 양천구,1
174,일반고등학교,양정고등학교,서울특별시 양천구,13
175,일반고등학교,양천고등학교,서울특별시 양천구,4
176,일반고등학교,진명여자고등학교,서울특별시 양천구,6
177,일반고등학교,한가람고등학교,서울특별시 양천구,6
178,공업고등학교,강서공업고등학교,서울특별시 강서구,0
179,상업고등학교,경복비즈니스고등학교,서울특별시 강서구,0
180,일반고등학교,경복여자고등학교,서울특별시 강서구,0
181,일반고등학교,공항고등학교,서울특별시 강서구,1
182,일반고등학교,대일고등학교,서울특별시 강서구,7
183,일반고등학교,덕원여자고등학교,서울특별시 강서구,4
184,예술고등학교,덕원예술고등학교,서울특별시 강서구,4
185,일반고등학교,동양고등학교,서울특별시 강서구,2
186,일반고등학교,등촌고등학교,서울특별시 강서구,0
187,일반고등학교,마포고등학교,서울특별시 강서구,6
188,일반고등학교,명덕고등학교,서울특별시 강서구,4
189,일반고등학교,명덕여자고등학교,서울특별시 강서구,1
190,외국어고등학교,명덕외국어고등학교,서울특별시 강서구,15
191,상업고등학교,서울항공비즈니스고등학교,서울특별시 강서구,0
192,일반고등학교,세현고등학교,서울특별시 강서구,0
193,일반고등학교,수명고등학교,서울특별시 강서구,2
194,상업고등학교,신정여자상업고등학교,서울특별시 강서구,0
195,공업고등학교,영등포공업고등학교,서울특별시 강서구,0
196,일반고등학교,영일고등학교,서울특별시 강서구,3
197,일반고등학교,한광고등학교,서울특별시 강서구,0
198,일반고등학교,한서고등학교,서울특별시 강서구,2
199,일반고등학교,화곡고등학교,서울특별시 강서구,0
200,상업고등학교,화곡보건경영고등학교,서울특별시 강서구,0
201,일반고등학교,경인고등학교,서울특별시 구로구,0
202,일반고등학교,고척고등학교,서울특별시 구로구,0
203,일반고등학교,구로고등학교,서울특별시 구로구,1
204,일반고등학교,구일고등학교,서울특별시 구로구,1
205,일반고등학교,구현고등학교,서울특별시 구로구,2
206,공업고등학교,덕일전자공업고등학교,서울특별시 구로구,0
207,상업고등학교,서서울생활과학고등학교,서울특별시 구로구,0
208,예술고등학교,서울공연예술고등학교,서울특별시 구로구,0
209,과학고등학교,세종과학고등학교,서울특별시 구로구,15
210,일반고등학교,신도림고등학교,서울특별시 구로구,1
211,상업고등학교,예림디자인고등학교,서울특별시 구로구,0
212,일반고등학교,오류고등학교,서울특별시 구로구,0
213,일반고등학교,우신고등학교,서울특별시 구로구,2
214,공업고등학교,유한공업고등학교,서울특별시 구로구,0
215,예술고등학교,국립전통예술고등학교,서울특별시 금천구,3
216,일반고등학교,금천고등학교,서울특별시 금천구,0
217,일반고등학교,독산고등학교,서울특별시 금천구,0
218,일반고등학교,동일여자고등학교,서울특별시 금천구,0
219,상업고등학교,동일여자상업고등학교,서울특별시 금천구,0
220,일반고등학교,문일고등학교,서울특별시 금천구,3
221,일반고등학교,관악고등학교,서울특별시 영등포구,4
222,일반고등학교,대영고등학교,서울특별시 영등포구,5
223,일반고등학교,선유고등학교,서울특별시 영등포구,0
224,일반고등학교,여의도고등학교,서울특별시 영등포구,4
225,일반고등학교,여의도여자고등학교,서울특별시 영등포구,3
226,일반고등학교,영등포여자고등학교,서울특별시 영등포구,0
227,일반고등학교,영신고등학교,서울특별시 영등포구,0
228,일반고등학교,장훈고등학교,서울특별시 영등포구,5
229,공업고등학교,한강미디어고등학교,서울특별시 영등포구,0
230,일반고등학교,경문고등학교,서울특별시 동작구,9
231,일반고등학교,동작고등학교,서울특별시 동작구,1
232,공업고등학교,서울공업고등학교,서울특별시 동작구,0
233,일반고등학교,성남고등학교,서울특별시 동작구,2
234,일반고등학교,수도여자고등학교,서울특별시 동작구,2
235,일반고등학교,숭의여자고등학교,서울특별시 동작구,0
236,일반고등학교,영등포고등학교,서울특별시 동작구,0
237,일반고등학교,광신고등학교,서울특별시 관악구,1
238,상업고등학교,광신정보산업고등학교,서울특별시 관악구,0
239,일반고등학교,구암고등학교,서울특별시 관악구,2
240,일반고등학교,남강고등학교,서울특별시 관악구,2
241,일반고등학교,당곡고등학교,서울특별시 관악구,1
242,일반고등학교,미림여자고등학교,서울특별시 관악구,4
243,공업고등학교,미림여자정보과학고등학교,서울특별시 관악구,0
244,일반고등학교,삼성고등학교,서울특별시 관악구,1
245,상업고등학교,서울관광고등학교,서울특별시 관악구,0
246,일반고등학교,서울문영여자고등학교,서울특별시 관악구,1
247,일반고등학교,서울미술고등학교,서울특별시 관악구,2
248,상업고등학교,서울여자상업고등학교,서울특별시 관악구,0
249,일반고등학교,성보고등학교,서울특별시 관악구,2
250,일반고등학교,신림고등학교,서울특별시 관악구,1
251,일반고등학교,영락고등학교,서울특별시 관악구,0
252,상업고등학교,영락유헬스고등학교,서울특별시 관악구,0
253,일반고등학교,인헌고등학교,서울특별시 관악구,2
254,일반고등학교,동덕여자고등학교,서울특별시 서초구,4
255,일반고등학교,반포고등학교,서울특별시 서초구,14
256,일반고등학교,상문고등학교,서울특별시 서초구,11
257,일반고등학교,서문여자고등학교,서울특별시 서초구,5
258,일반고등학교,서울고등학교,서울특별시 서초구,21
259,공업고등학교,서울전자고등학교,서울특별시 서초구,0
260,일반고등학교,서초고등학교,서울특별시 서초구,8
261,일반고등학교,세화고등학교,서울특별시 서초구,27
262,일반고등학교,세화여자고등학교,서울특별시 서초구,14
263,일반고등학교,양재고등학교,서울특별시 서초구,8
264,일반고등학교,언남고등학교,서울특별시 서초구,1
265,일반고등학교,개포고등학교,서울특별시 강남구,7
266,일반고등학교,경기고등학교,서울특별시 강남구,13
267,일반고등학교,경기여자고등학교,서울특별시 강남구,10
268,예술고등학교,국립국악고등학교,서울특별시 강남구,23
269,공업고등학교,단국공업고등학교,서울특별시 강남구,0
270,일반고등학교,단국대학교사범대학부속고등학교,서울특별시 강남구,25
271,공업고등학교,대진디자인고등학교,서울특별시 강남구,0
272,공업고등학교,서울로봇고등학교,서울특별시 강남구,0
273,일반고등학교,서울세종고등학교,서울특별시 강남구,3
274,공업고등학교,수도전기공업고등학교,서울특별시 강남구,0
275,일반고등학교,숙명여자고등학교,서울특별시 강남구,17
276,일반고등학교,압구정고등학교,서울특별시 강남구,6
277,일반고등학교,영동고등학교,서울특별시 강남구,9
278,일반고등학교,은광여자고등학교,서울특별시 강남구,10
279,일반고등학교,중동고등학교,서울특별시 강남구,14
280,일반고등학교,중산고등학교,서울특별시 강남구,16
281,일반고등학교,중앙대학교사범대학부속고등학교,서울특별시 강남구,7
282,일반고등학교,진선여자고등학교,서울특별시 강남구,11
283,일반고등학교,청담고등학교,서울특별시 강남구,7
284,일반고등학교,풍문고등학교,서울특별시 강남구,2
285,일반고등학교,현대고등학교,서울특별시 강남구,19
286,일반고등학교,휘문고등학교,서울특별시 강남구,34
287,일반고등학교,가락고등학교,서울특별시 송파구,2
288,일반고등학교,문정고등학교,서울특별시 송파구,2
289,일반고등학교,문현고등학교,서울특별시 송파구,0
290,일반고등학교,방산고등학교,서울특별시 송파구,2
291,일반고등학교,배명고등학교,서울특별시 송파구,3
292,일반고등학교,보성고등학교,서울특별시 송파구,6
293,일반고등학교,보인고등학교,서울특별시 송파구,8
294,체육고등학교,서울체육고등학교,서울특별시 송파구,0
295,공업고등학교,송파공업고등학교,서울특별시 송파구,0
296,일반고등학교,영동일고등학교,서울특별시 송파구,5
297,일반고등학교,영파여자고등학교,서울특별시 송파구,2
298,일반고등학교,오금고등학교,서울특별시 송파구,4
299,상업고등학교,일신여자상업고등학교,서울특별시 송파구,0
300,일반고등학교,잠신고등학교,서울특별시 송파구,6
301,일반고등학교,잠실고등학교,서울특별시 송파구,2
302,일반고등학교,잠실여자고등학교,서울특별시 송파구,3
303,일반고등학교,잠일고등학교,서울특별시 송파구,2
304,일반고등학교,정신여자고등학교,서울특별시 송파구,5
305,일반고등학교,창덕여자고등학교,서울특별시 송파구,5
306,일반고등학교,강동고등학교,서울특별시 강동구,1
307,일반고등학교,강일고등학교,서울특별시 강동구,2
308,일반고등학교,광문고등학교,서울특별시 강동구,1
309,일반고등학교,동북고등학교,서울특별시 강동구,4
310,일반고등학교,둔촌고등학교,서울특별시 강동구,2
311,일반고등학교,명일여자고등학교,서울특별시 강동구,3
312,일반고등학교,배재고등학교,서울특별시 강동구,12
313,공업고등학교,상일미디어고등학교,서울특별시 강동구,0
314,일반고등학교,상일여자고등학교,서울특별시 강동구,4
315,상업고등학교,서울컨벤션고등학교,서울특별시 강동구,0
316,일반고등학교,선사고등학교,서울특별시 강동구,0
317,일반고등학교,성덕고등학교,서울특별시 강동구,0
318,일반고등학교,한영고등학교,서울특별시 강동구,12
319,외국어고등학교,한영외국어고등학교,서울특별시 강동구,31
320,일반고등학교,남성여자고등학교,부산광역시 중구,0
321,일반고등학교,동주여자고등학교,부산광역시 중구,0
322,공업고등학교,부산디지털고등학교,부산광역시 중구,0
323,일반고등학교,혜광고등학교,부산광역시 중구,0
324,일반고등학교,경남고등학교,부산광역시 서구,0
325,공업고등학교,경성전자고등학교,부산광역시 서구,0
326,일반고등학교,부경고등학교,부산광역시 서구,1
327,가사고등학교,부산관광고등학교,부산광역시 서구,0
328,일반고등학교,부산서여자고등학교,부산광역시 서구,0
329,공업고등학교,알로이시오전자기계고등학교,부산광역시 서구,0
330,일반고등학교,경남여자고등학교,부산광역시 동구,0
331,일반고등학교,금성고등학교,부산광역시 동구,2
332,일반고등학교,데레사여자고등학교,부산광역시 동구,0
333,일반고등학교,부산고등학교,부산광역시 동구,1
334,상업고등학교,부산컴퓨터과학고등학교,부산광역시 동구,0
335,일반고등학교,광명고등학교,부산광역시 영도구,0
336,일반고등학교,부산남고등학교,부산광역시 영도구,1
337,상업고등학교,부산보건고등학교,부산광역시 영도구,0
338,상업고등학교,부산영상예술고등학교,부산광역시 영도구,0
339,체육고등학교,부산체육고등학교,부산광역시 영도구,0
340,해양고등학교,부산해사고등학교,부산광역시 영도구,0
341,일반고등학교,영도여자고등학교,부산광역시 영도구,0
342,일반고등학교,가야고등학교,부산광역시 부산진구,0
343,일반고등학교,개금고등학교,부산광역시 부산진구,0
344,일반고등학교,개성고등학교,부산광역시 부산진구,2
345,공업고등학교,경남공업고등학교,부산광역시 부산진구,0
346,일반고등학교,경원고등학교,부산광역시 부산진구,0
347,공업고등학교,동의공업고등학교,부산광역시 부산진구,0
348,국제고등학교,부산국제고등학교,부산광역시 부산진구,9
349,일반고등학교,부산동고등학교,부산광역시 부산진구,0
350,일반고등학교,부산동성고등학교,부산광역시 부산진구,0
351,상업고등학교,부산마케팅고등학교,부산광역시 부산진구,0
352,상업고등학교,부산정보고등학교,부산광역시 부산진구,0
353,일반고등학교,부산진고등학교,부산광역시 부산진구,1
354,일반고등학교,부산진여자고등학교,부산광역시 부산진구,1
355,상업고등학교,부산진여자상업고등학교,부산광역시 부산진구,0
356,일반고등학교,성모여자고등학교,부산광역시 부산진구,0
357,상업고등학교,세정상업고등학교,부산광역시 부산진구,0
358,일반고등학교,양정고등학교,부산광역시 부산진구,1
359,과학고등학교,한국과학영재학교,부산광역시 부산진구,0
360,일반고등학교,금정고등학교,부산광역시 동래구,0
361,일반고등학교,대명여자고등학교,부산광역시 동래구,0
362,일반고등학교,동래고등학교,부산광역시 동래구,5
363,농림업고등학교,동래원예고등학교,부산광역시 동래구,0
364,일반고등학교,동인고등학교,부산광역시 동래구,1
365,공업고등학교,부산전자공업고등학교,부산광역시 동래구,0
366,일반고등학교,부산중앙여자고등학교,부산광역시 동래구,1
367,일반고등학교,사직고등학교,부산광역시 동래구,0
368,일반고등학교,사직여자고등학교,부산광역시 동래구,1
369,일반고등학교,용인고등학교,부산광역시 동래구,1
370,일반고등학교,충렬고등학교,부산광역시 동래구,0
371,일반고등학교,학산여자고등학교,부산광역시 동래구,1
372,일반고등학교,혜화여자고등학교,부산광역시 동래구,0
373,공업고등학교,대양전자통신고등학교,부산광역시 남구,0
374,일반고등학교,대연고등학교,부산광역시 남구,2
375,일반고등학교,동천고등학교,부산광역시 남구,2
376,일반고등학교,문현여자고등학교,부산광역시 남구,0
377,일반고등학교,배정고등학교,부산광역시 남구,0
378,상업고등학교,부산경영고등학교,부산광역시 남구,0
379,공업고등학교,부산공업고등학교,부산광역시 남구,0
380,상업고등학교,부산세무고등학교,부산광역시 남구,0
381,일반고등학교,부산중앙고등학교,부산광역시 남구,0
382,공업고등학교,부산항만물류고등학교,부산광역시 남구,0
383,일반고등학교,분포고등학교,부산광역시 남구,0
384,일반고등학교,성지고등학교,부산광역시 남구,1
385,일반고등학교,예문여자고등학교,부산광역시 남구,0
386,예술고등학교,한국조형예술고등학교,부산광역시 남구,0
387,일반고등학교,한얼고등학교,부산광역시 남구,0
388,일반고등학교,경혜여자고등학교,부산광역시 북구,0
389,일반고등학교,금곡고등학교,부산광역시 북구,0
390,일반고등학교,금명여자고등학교,부산광역시 북구,0
391,일반고등학교,낙동고등학교,부산광역시 북구,0
392,일반고등학교,만덕고등학교,부산광역시 북구,0
393,일반고등학교,부산백양고등학교,부산광역시 북구,0
394,일반고등학교,삼정고등학교,부산광역시 북구,0
395,일반고등학교,성도고등학교,부산광역시 북구,1
396,일반고등학교,화명고등학교,부산광역시 북구,2
397,일반고등학교,반여고등학교,부산광역시 해운대구,1
398,외국어고등학교,부산국제외국어고등학교,부산광역시 해운대구,5
399,공업고등학교,부산기계공업고등학교,부산광역시 해운대구,0
400,가사고등학교,부산문화여자고등학교,부산광역시 해운대구,0
401,일반고등학교,부흥고등학교,부산광역시 해운대구,2
402,가사고등학교,성심보건고등학교,부산광역시 해운대구,0
403,일반고등학교,센텀고등학교,부산광역시 해운대구,0
404,일반고등학교,신도고등학교,부산광역시 해운대구,2
405,일반고등학교,양운고등학교,부산광역시 해운대구,0
406,일반고등학교,해강고등학교,부산광역시 해운대구,0
407,일반고등학교,해운대고등학교,부산광역시 해운대구,6
408,공업고등학교,해운대공업고등학교,부산광역시 해운대구,0
409,가사고등학교,해운대관광고등학교,부산광역시 해운대구,0
410,일반고등학교,해운대여자고등학교,부산광역시 해운대구,0
411,일반고등학교,건국고등학교,부산광역시 사하구,0
412,일반고등학교,다대고등학교,부산광역시 사하구,0
413,공업고등학교,대광발명과학고등학교,부산광역시 사하구,0
414,일반고등학교,대동고등학교,부산광역시 사하구,2
415,일반고등학교,동아고등학교,부산광역시 사하구,6
416,공업고등학교,동아공업고등학교,부산광역시 사하구,0
417,일반고등학교,부산여자고등학교,부산광역시 사하구,1
418,과학고등학교,부산일과학고등학교,부산광역시 사하구,4
419,공업고등학교,부산자동차고등학교,부산광역시 사하구,0
420,외국어고등학교,부일외국어고등학교,부산광역시 사하구,3
421,공업고등학교,부일전자디자인고등학교,부산광역시 사하구,0
422,일반고등학교,삼성여자고등학교,부산광역시 사하구,0
423,일반고등학교,성일여자고등학교,부산광역시 사하구,2
424,일반고등학교,해동고등학교,부산광역시 사하구,1
425,일반고등학교,금정여자고등학교,부산광역시 금정구,0
426,공업고등학교,금정전자공업고등학교,부산광역시 금정구,0
427,일반고등학교,남산고등학교,부산광역시 금정구,0
428,일반고등학교,내성고등학교,부산광역시 금정구,0
429,공업고등학교,대진전자통신고등학교,부산광역시 금정구,0
430,일반고등학교,동래여자고등학교,부산광역시 금정구,1
431,과학고등학교,부산과학고등학교,부산광역시 금정구,10
432,일반고등학교,부산대학교사범대학부설고등학교,부산광역시 금정구,1
433,예술고등학교,부산예술고등학교,부산광역시 금정구,2
434,가사고등학교,부산정보관광고등학교,부산광역시 금정구,0
435,일반고등학교,브니엘고등학교,부산광역시 금정구,2
436,일반고등학교,브니엘여자고등학교,부산광역시 금정구,0
437,예술고등학교,브니엘예술고등학교,부산광역시 금정구,0
438,일반고등학교,지산고등학교,부산광역시 금정구,1
439,일반고등학교,경일고등학교,부산광역시 강서구,0
440,일반고등학교,덕문고등학교,부산광역시 강서구,0
441,일반고등학교,명호고등학교,부산광역시 강서구,0
442,일반고등학교,부산강서고등학교,부산광역시 강서구,0
443,일반고등학교,부산대저고등학교,부산광역시 강서구,0
444,공업고등학교,부산산업과학고등학교,부산광역시 강서구,0
445,상업고등학교,계성여자상업고등학교,부산광역시 연제구,0
446,외국어고등학교,부산외국어고등학교,부산광역시 연제구,12
447,일반고등학교,연제고등학교,부산광역시 연제구,0
448,일반고등학교,이사벨고등학교,부산광역시 연제구,1
449,일반고등학교,지구촌고등학교,부산광역시 연제구,0
450,일반고등학교,덕문여자고등학교,부산광역시 수영구,0
451,일반고등학교,부산남일고등학교,부산광역시 수영구,1
452,일반고등학교,부산동여자고등학교,부산광역시 수영구,0
453,상업고등학교,부산여자상업고등학교,부산광역시 수영구,0
454,일반고등학교,구덕고등학교,부산광역시 사상구,0
455,일반고등학교,대덕여자고등학교,부산광역시 사상구,0
456,공업고등학교,부산에너지과학고등학교,부산광역시 사상구,0
457,일반고등학교,사상고등학교,부산광역시 사상구,0
458,일반고등학교,주례여자고등학교,부산광역시 사상구,1
459,일반고등학교,기장고등학교,부산광역시 기장군,0
460,일반고등학교,부산장안고등학교,부산광역시 기장군,7
461,일반고등학교,신정고등학교,부산광역시 기장군,0
462,일반고등학교,장안제일고등학교,부산광역시 기장군,2
463,일반고등학교,정관고등학교,부산광역시 기장군,0
464,공업고등학교,경북공업고등학교,대구광역시 중구,0
465,일반고등학교,경북대학교사범대학부설고등학교,대구광역시 중구,0
466,일반고등학교,경북여자고등학교,대구광역시 중구,2
467,일반고등학교,신명고등학교,대구광역시 중구,1
468,일반고등학교,강동고등학교,대구광역시 동구,1
469,일반고등학교,달구벌고등학교,대구광역시 동구,0
470,공업고등학교,대구공업고등학교,대구광역시 동구,0
471,가사고등학교,대구관광고등학교,대구광역시 동구,0
472,일반고등학교,대구동부고등학교,대구광역시 동구,0
473,과학고등학교,대구일과학고등학교,대구광역시 동구,6
474,공업고등학교,대구일마이스터고등학교,대구광역시 동구,0
475,일반고등학교,영신고등학교,대구광역시 동구,0
476,일반고등학교,정동고등학교,대구광역시 동구,0
477,공업고등학교,조일고등학교,대구광역시 동구,0
478,일반고등학교,청구고등학교,대구광역시 동구,2
479,일반고등학교,경덕여자고등학교,대구광역시 서구,0
480,일반고등학교,계성고등학교,대구광역시 서구,6
481,일반고등학교,달성고등학교,대구광역시 서구,1
482,일반고등학교,대구서부고등학교,대구광역시 서구,0
483,공업고등학교,대구서부공업고등학교,대구광역시 서구,0
484,일반고등학교,대구제일고등학교,대구광역시 서구,0
485,상업고등학교,경북여자상업고등학교,대구광역시 남구,0
486,예술고등학교,경북예술고등학교,대구광역시 남구,3
487,공업고등학교,경상공업고등학교,대구광역시 남구,0
488,일반고등학교,경일여자고등학교,대구광역시 남구,4
489,일반고등학교,대구고등학교,대구광역시 남구,4
490,상업고등학교,대구여자상업고등학교,대구광역시 남구,0
491,일반고등학교,심인고등학교,대구광역시 남구,0
492,일반고등학교,협성고등학교,대구광역시 남구,0
493,일반고등학교,강북고등학교,대구광역시 북구,2
494,일반고등학교,경명여자고등학교,대구광역시 북구,1
495,일반고등학교,경상고등학교,대구광역시 북구,1
496,일반고등학교,경상여자고등학교,대구광역시 북구,2
497,일반고등학교,구암고등학교,대구광역시 북구,0
498,체육고등학교,대구체육고등학교,대구광역시 북구,0
499,공업고등학교,대중금속공업고등학교,대구광역시 북구,0
500,일반고등학교,매천고등학교,대구광역시 북구,0
501,일반고등학교,성광고등학교,대구광역시 북구,2
502,일반고등학교,성화여자고등학교,대구광역시 북구,1
503,일반고등학교,영송여자고등학교,대구광역시 북구,0
504,일반고등학교,영진고등학교,대구광역시 북구,0
505,일반고등학교,운암고등학교,대구광역시 북구,0
506,일반고등학교,칠성고등학교,대구광역시 북구,2
507,일반고등학교,학남고등학교,대구광역시 북구,0
508,일반고등학교,함지고등학교,대구광역시 북구,0
509,일반고등학교,경북고등학교,대구광역시 수성구,1
510,일반고등학교,경신고등학교,대구광역시 수성구,6
511,일반고등학교,능인고등학교,대구광역시 수성구,4
512,과학고등학교,대구과학고등학교,대구광역시 수성구,29
513,일반고등학교,대구남산고등학교,대구광역시 수성구,3
514,농림업고등학교,대구농업마이스터고등학교,대구광역시 수성구,0
515,일반고등학교,대구여자고등학교,대구광역시 수성구,7
516,일반고등학교,대구중앙고등학교,대구광역시 수성구,0
517,일반고등학교,대구혜화여자고등학교,대구광역시 수성구,3
518,일반고등학교,대륜고등학교,대구광역시 수성구,6
519,일반고등학교,덕원고등학교,대구광역시 수성구,3
520,일반고등학교,동문고등학교,대구광역시 수성구,0
521,일반고등학교,수성고등학교,대구광역시 수성구,1
522,일반고등학교,시지고등학교,대구광역시 수성구,0
523,공업고등학교,영남공업고등학교,대구광역시 수성구,0
524,일반고등학교,오성고등학교,대구광역시 수성구,1
525,일반고등학교,정화여자고등학교,대구광역시 수성구,4
526,공업고등학교,경북기계공업고등학교,대구광역시 달서구,0
527,일반고등학교,경원고등학교,대구광역시 달서구,2
528,일반고등학교,경화여자고등학교,대구광역시 달서구,1
529,일반고등학교,대건고등학교,대구광역시 달서구,4
530,일반고등학교,대곡고등학교,대구광역시 달서구,0
531,공업고등학교,대구달서공업고등학교,대구광역시 달서구,0
532,가사고등학교,대구보건고등학교,대구광역시 달서구,0
533,일반고등학교,대구상원고등학교,대구광역시 달서구,1
534,외국어고등학교,대구외국어고등학교,대구광역시 달서구,11
535,공업고등학교,대구전자공업고등학교,대구광역시 달서구,0
536,상업고등학교,대구제일여자상업고등학교,대구광역시 달서구,0
537,일반고등학교,대진고등학교,대구광역시 달서구,0
538,일반고등학교,도원고등학교,대구광역시 달서구,1
539,가사고등학교,상서고등학교,대구광역시 달서구,0
540,일반고등학교,상인고등학교,대구광역시 달서구,1
541,일반고등학교,성산고등학교,대구광역시 달서구,1
542,일반고등학교,성서고등학교,대구광역시 달서구,0
543,일반고등학교,송현여자고등학교,대구광역시 달서구,1
544,일반고등학교,영남고등학교,대구광역시 달서구,2
545,일반고등학교,와룡고등학교,대구광역시 달서구,0
546,일반고등학교,원화여자고등학교,대구광역시 달서구,0
547,일반고등학교,호산고등학교,대구광역시 달서구,0
548,일반고등학교,효성여자고등학교,대구광역시 달서구,0
549,일반고등학교,다사고등학교,대구광역시 달성군,3
550,일반고등학교,달서고등학교,대구광역시 달성군,0
551,상업고등학교,대구소프트웨어고등학교,대구광역시 달성군,0
552,일반고등학교,대원고등학교,대구광역시 달성군,2
553,일반고등학교,비슬고등학교,대구광역시 달성군,0
554,일반고등학교,포산고등학교,대구광역시 달성군,5
555,일반고등학교,현풍고등학교,대구광역시 달성군,1
556,일반고등학교,화원고등학교,대구광역시 달성군,0
557,일반고등학교,광성고등학교,인천광역시 중구,1
558,상업고등학교,영종국제물류고등학교,인천광역시 중구,0
559,일반고등학교,인성여자고등학교,인천광역시 중구,0
560,일반고등학교,인일여자고등학교,인천광역시 중구,3
561,일반고등학교,인천공항고등학교,인천광역시 중구,0
562,과학고등학교,인천과학고등학교,인천광역시 중구,6
563,국제고등학교,인천국제고등학교,인천광역시 중구,17
564,상업고등학교,인천여자상업고등학교,인천광역시 중구,0
565,일반고등학교,인천영종고등학교,인천광역시 중구,1
566,공업고등학교,인천정보산업고등학교,인천광역시 중구,0
567,상업고등학교,인천중앙여자상업고등학교,인천광역시 중구,0
568,일반고등학교,인천하늘고등학교,인천광역시 중구,9
569,해양고등학교,인천해사고등학교,인천광역시 중구,0
570,일반고등학교,제물포고등학교,인천광역시 중구,0
571,일반고등학교,동산고등학교,인천광역시 동구,0
572,상업고등학교,영화관광경영고등학교,인천광역시 동구,0
573,공업고등학교,재능고등학교,인천광역시 동구,0
574,공업고등학교,도화기계공업고등학교,인천광역시 미추홀구,0
575,상업고등학교,문학정보고등학교,인천광역시 미추홀구,0
576,일반고등학교,선인고등학교,인천광역시 미추홀구,0
577,일반고등학교,인명여자고등학교,인천광역시 미추홀구,2
578,일반고등학교,인천고등학교,인천광역시 미추홀구,0
579,공업고등학교,인천기계공업고등학교,인천광역시 미추홀구,0
580,상업고등학교,인천비즈니스고등학교,인천광역시 미추홀구,0
581,공업고등학교,인천전자마이스터고등학교,인천광역시 미추홀구,0
582,공업고등학교,인천하이텍고등학교,인천광역시 미추홀구,0
583,일반고등학교,인하대학교사범대학부속고등학교,인천광역시 미추홀구,0
584,일반고등학교,인항고등학교,인천광역시 미추홀구,2
585,일반고등학교,인화여자고등학교,인천광역시 미추홀구,0
586,공업고등학교,정석항공과학고등학교,인천광역시 미추홀구,0
587,일반고등학교,학익고등학교,인천광역시 미추홀구,0
588,일반고등학교,학익여자고등학교,인천광역시 미추홀구,0
589,일반고등학교,박문여자고등학교,인천광역시 연수구,0
590,일반고등학교,송도고등학교,인천광역시 연수구,10
591,일반고등학교,신송고등학교,인천광역시 연수구,2
592,일반고등학교,연수고등학교,인천광역시 연수구,2
593,일반고등학교,연수여자고등학교,인천광역시 연수구,2
594,일반고등학교,옥련여자고등학교,인천광역시 연수구,0
595,과학고등학교,인천과학예술영재학교,인천광역시 연수구,0
596,일반고등학교,인천대건고등학교,인천광역시 연수구,1
597,공업고등학교,인천뷰티예술고등학교,인천광역시 연수구,0
598,실업고등학교,인천생활과학고등학교,인천광역시 연수구,0
599,일반고등학교,인천여자고등학교,인천광역시 연수구,2
600,일반고등학교,인천연송고등학교,인천광역시 연수구,1
601,일반고등학교,인천포스코고등학교,인천광역시 연수구,0
602,일반고등학교,인천해송고등학교,인천광역시 연수구,3
603,수산고등학교,인천해양과학고등학교,인천광역시 연수구,0
604,공업고등학교,청학공업고등학교,인천광역시 연수구,0
605,일반고등학교,도림고등학교,인천광역시 남동구,1
606,일반고등학교,동인천고등학교,인천광역시 남동구,0
607,일반고등학교,문일여자고등학교,인천광역시 남동구,3
608,외국어고등학교,미추홀외국어고등학교,인천광역시 남동구,6
609,일반고등학교,석정여자고등학교,인천광역시 남동구,0
610,일반고등학교,숭덕여자고등학교,인천광역시 남동구,2
611,일반고등학교,신명여자고등학교,인천광역시 남동구,0
612,일반고등학교,인제고등학교,인천광역시 남동구,2
613,일반고등학교,인천고잔고등학교,인천광역시 남동구,1
614,상업고등학교,인천금융고등학교,인천광역시 남동구,0
615,일반고등학교,인천남고등학교,인천광역시 남동구,1
616,일반고등학교,인천남동고등학교,인천광역시 남동구,2
617,일반고등학교,인천논현고등학교,인천광역시 남동구,0
618,일반고등학교,인천만수고등학교,인천광역시 남동구,0
619,일반고등학교,인천송천고등학교,인천광역시 남동구,1
620,예술고등학교,인천예술고등학교,인천광역시 남동구,1
621,일반고등학교,명신여자고등학교,인천광역시 부평구,0
622,일반고등학교,부개고등학교,인천광역시 부평구,1
623,일반고등학교,부개여자고등학교,인천광역시 부평구,2
624,일반고등학교,부광고등학교,인천광역시 부평구,1
625,일반고등학교,부광여자고등학교,인천광역시 부평구,0
626,일반고등학교,부평고등학교,인천광역시 부평구,0
627,공업고등학교,부평공업고등학교,인천광역시 부평구,0
628,일반고등학교,부평여자고등학교,인천광역시 부평구,2
629,일반고등학교,삼산고등학교,인천광역시 부평구,0
630,일반고등학교,세일고등학교,인천광역시 부평구,5
631,공업고등학교,인천미래생활고등학교,인천광역시 부평구,0
632,일반고등학교,인천부흥고등학교,인천광역시 부평구,1
633,일반고등학교,인천산곡고등학교,인천광역시 부평구,1
634,일반고등학교,인천상정고등학교,인천광역시 부평구,0
635,일반고등학교,인천영선고등학교,인천광역시 부평구,1
636,외국어고등학교,인천외국어고등학교,인천광역시 부평구,4
637,과학고등학교,인천진산과학고등학교,인천광역시 부평구,2
638,공업고등학교,인평자동차고등학교,인천광역시 부평구,0
639,일반고등학교,제일고등학교,인천광역시 부평구,2
640,일반고등학교,계산고등학교,인천광역시 계양구,0
641,공업고등학교,계산공업고등학교,인천광역시 계양구,0
642,일반고등학교,계산여자고등학교,인천광역시 계양구,2
643,일반고등학교,계양고등학교,인천광역시 계양구,1
644,일반고등학교,서운고등학교,인천광역시 계양구,1
645,일반고등학교,안남고등학교,인천광역시 계양구,1
646,일반고등학교,인천세원고등학교,인천광역시 계양구,0
647,일반고등학교,인천예일고등학교,인천광역시 계양구,0
648,일반고등학교,인천효성고등학교,인천광역시 계양구,1
649,일반고등학교,작전고등학교,인천광역시 계양구,1
650,일반고등학교,작전여자고등학교,인천광역시 계양구,0
651,일반고등학교,가림고등학교,인천광역시 서구,3
652,일반고등학교,가정고등학교,인천광역시 서구,0
653,일반고등학교,가좌고등학교,인천광역시 서구,0
654,일반고등학교,검단고등학교,인천광역시 서구,0
655,일반고등학교,대인고등학교,인천광역시 서구,1
656,일반고등학교,백석고등학교,인천광역시 서구,0
657,일반고등학교,서인천고등학교,인천광역시 서구,0
658,공업고등학교,인천디자인고등학교,인천광역시 서구,0
659,일반고등학교,인천마전고등학교,인천광역시 서구,0
660,상업고등학교,인천보건고등학교,인천광역시 서구,0
661,상업고등학교,인천세무고등학교,인천광역시 서구,0
662,일반고등학교,인천신현고등학교,인천광역시 서구,1
663,일반고등학교,인천원당고등학교,인천광역시 서구,2
664,일반고등학교,인천청라고등학교,인천광역시 서구,0
665,체육고등학교,인천체육고등학교,인천광역시 서구,0
666,일반고등학교,인천초은고등학교,인천광역시 서구,0
667,일반고등학교,인천해원고등학교,인천광역시 서구,0
668,공업고등학교,한국주얼리고등학교,인천광역시 서구,0
669,공업고등학교,강남영상미디어고등학교,인천광역시 강화군,0
670,일반고등학교,강화고등학교,인천광역시 강화군,2
671,일반고등학교,강화여자고등학교,인천광역시 강화군,1
672,일반고등학교,교동고등학교,인천광역시 강화군,0
673,일반고등학교,덕신고등학교,인천광역시 강화군,1
674,일반고등학교,산마을고등학교,인천광역시 강화군,0
675,일반고등학교,삼량고등학교,인천광역시 강화군,0
676,일반고등학교,서도고등학교,인천광역시 강화군,0
677,일반고등학교,대청고등학교,인천광역시 옹진군,0
678,일반고등학교,덕적고등학교,인천광역시 옹진군,0
679,일반고등학교,백령고등학교,인천광역시 옹진군,1
680,일반고등학교,연평고등학교,인천광역시 옹진군,0
681,일반고등학교,인천영흥고등학교,인천광역시 옹진군,0
682,일반고등학교,광주고등학교,광주광역시 동구,0
683,일반고등학교,살레시오여자고등학교,광주광역시 동구,0
684,일반고등학교,전남여자고등학교,광주광역시 동구,0
685,일반고등학교,조선대학교부속고등학교,광주광역시 동구,1
686,일반고등학교,조선대학교여자고등학교,광주광역시 동구,0
687,일반고등학교,광덕고등학교,광주광역시 서구,4
688,일반고등학교,광주대동고등학교,광주광역시 서구,3
689,일반고등학교,광주서석고등학교,광주광역시 서구,6
690,일반고등학교,광주여자고등학교,광주광역시 서구,0
691,일반고등학교,상무고등학교,광주광역시 서구,0
692,일반고등학교,상일여자고등학교,광주광역시 서구,0
693,일반고등학교,전남고등학교,광주광역시 서구,0
694,일반고등학교,풍암고등학교,광주광역시 서구,0
695,일반고등학교,광주동성고등학교,광주광역시 남구,2
696,일반고등학교,광주석산고등학교,광주광역시 남구,2
697,일반고등학교,광주수피아여자고등학교,광주광역시 남구,1
698,상업고등학교,광주여자상업고등학교,광주광역시 남구,0
699,일반고등학교,광주인성고등학교,광주광역시 남구,1
700,일반고등학교,대광여자고등학교,광주광역시 남구,3
701,일반고등학교,대성여자고등학교,광주광역시 남구,2
702,일반고등학교,동아여자고등학교,광주광역시 남구,0
703,공업고등학교,동일미래과학고등학교,광주광역시 남구,0
704,일반고등학교,문성고등학교,광주광역시 남구,1
705,실업고등학교,서진여자고등학교,광주광역시 남구,0
706,일반고등학교,설월여자고등학교,광주광역시 남구,0
707,일반고등학교,송원고등학교,광주광역시 남구,1
708,일반고등학교,송원여자고등학교,광주광역시 남구,1
709,상업고등학교,송원여자상업고등학교,광주광역시 남구,0
710,공업고등학교,숭의고등학교,광주광역시 남구,0
711,일반고등학교,호남삼육고등학교,광주광역시 남구,0
712,일반고등학교,고려고등학교,광주광역시 북구,9
713,일반고등학교,광주경신여자고등학교,광주광역시 북구,1
714,공업고등학교,광주공업고등학교,광주광역시 북구,0
715,과학고등학교,광주과학고등학교,광주광역시 북구,11
716,일반고등학교,광주동신고등학교,광주광역시 북구,2
717,일반고등학교,광주동신여자고등학교,광주광역시 북구,1
718,일반고등학교,광주숭일고등학교,광주광역시 북구,4
719,예술고등학교,광주예술고등학교,광주광역시 북구,0
720,농림업고등학교,광주자연과학고등학교,광주광역시 북구,0
721,일반고등학교,광주제일고등학교,광주광역시 북구,0
722,체육고등학교,광주체육고등학교,광주광역시 북구,0
723,일반고등학교,국제고등학교,광주광역시 북구,1
724,공업고등학교,금파공업고등학교,광주광역시 북구,0
725,일반고등학교,금호고등학교,광주광역시 북구,0
726,일반고등학교,금호중앙여자고등학교,광주광역시 북구,0
727,일반고등학교,문정여자고등학교,광주광역시 북구,0
728,일반고등학교,빛고을고등학교,광주광역시 북구,1
729,일반고등학교,살레시오고등학교,광주광역시 북구,3
730,일반고등학교,서강고등학교,광주광역시 북구,3
731,일반고등학교,전남대학교사범대학부설고등학교,광주광역시 북구,1
732,상업고등학교,전남여자상업고등학교,광주광역시 북구,0
733,일반고등학교,광일고등학교,광주광역시 광산구,0
734,공업고등학교,광주소프트웨어마이스터고등학교,광주광역시 광산구,0
735,실업고등학교,광주자동화설비공업고등학교,광주광역시 광산구,0
736,공업고등학교,광주전자공업고등학교,광주광역시 광산구,0
737,일반고등학교,광주진흥고등학교,광주광역시 광산구,1
738,일반고등학교,동명고등학교,광주광역시 광산구,0
739,일반고등학교,명진고등학교,광주광역시 광산구,0
740,일반고등학교,보문고등학교,광주광역시 광산구,1
741,일반고등학교,성덕고등학교,광주광역시 광산구,0
742,일반고등학교,수완고등학교,광주광역시 광산구,0
743,일반고등학교,숭덕고등학교,광주광역시 광산구,10
744,일반고등학교,운남고등학교,광주광역시 광산구,1
745,일반고등학교,장덕고등학교,광주광역시 광산구,0
746,공업고등학교,전남공업고등학교,광주광역시 광산구,0
747,일반고등학교,정광고등학교,광주광역시 광산구,2
748,일반고등학교,첨단고등학교,광주광역시 광산구,0
749,공업고등학교,계룡디지텍고등학교,대전광역시 동구,0
750,일반고등학교,대전가오고등학교,대전광역시 동구,0
751,상업고등학교,대전대성여자고등학교,대전광역시 동구,0
752,과학고등학교,대전동신과학고등학교,대전광역시 동구,6
753,일반고등학교,대전여자고등학교,대전광역시 동구,3
754,공업고등학교,동아마이스터고등학교,대전광역시 동구,0
755,일반고등학교,명석고등학교,대전광역시 동구,0
756,일반고등학교,보문고등학교,대전광역시 동구,4
757,일반고등학교,우송고등학교,대전광역시 동구,1
758,일반고등학교,남대전고등학교,대전광역시 중구,0
759,일반고등학교,대전고등학교,대전광역시 중구,1
760,상업고등학교,대전국제통상고등학교,대전광역시 중구,1
761,일반고등학교,대전대성고등학교,대전광역시 중구,7
762,일반고등학교,대전동산고등학교,대전광역시 중구,1
763,일반고등학교,대전성모여자고등학교,대전광역시 중구,1
764,상업고등학교,대전신일여자고등학교,대전광역시 중구,0
765,상업고등학교,대전여자상업고등학교,대전광역시 중구,0
766,일반고등학교,대전중앙고등학교,대전광역시 중구,2
767,일반고등학교,대전한빛고등학교,대전광역시 중구,0
768,일반고등학교,청란여자고등학교,대전광역시 중구,0
769,공업고등학교,충남기계공업고등학교,대전광역시 중구,0
770,일반고등학교,충남여자고등학교,대전광역시 중구,1
771,일반고등학교,호수돈여자고등학교,대전광역시 중구,2
772,일반고등학교,대전관저고등학교,대전광역시 서구,0
773,일반고등학교,대전괴정고등학교,대전광역시 서구,1
774,일반고등학교,대전구봉고등학교,대전광역시 서구,2
775,일반고등학교,대전대신고등학교,대전광역시 서구,1
776,일반고등학교,대전둔산여자고등학교,대전광역시 서구,0
777,일반고등학교,대전둔원고등학교,대전광역시 서구,0
778,일반고등학교,대전만년고등학교,대전광역시 서구,3
779,일반고등학교,대전복수고등학교,대전광역시 서구,0
780,외국어고등학교,대전외국어고등학교,대전광역시 서구,21
781,일반고등학교,대전제일고등학교,대전광역시 서구,0
782,일반고등학교,동방고등학교,대전광역시 서구,1
783,일반고등학교,서대전고등학교,대전광역시 서구,4
784,일반고등학교,서대전여자고등학교,대전광역시 서구,0
785,일반고등학교,서일고등학교,대전광역시 서구,0
786,일반고등학교,서일여자고등학교,대전광역시 서구,0
787,일반고등학교,충남고등학교,대전광역시 서구,7
788,일반고등학교,한밭고등학교,대전광역시 서구,1
789,일반고등학교,대덕고등학교,대전광역시 유성구,5
790,공업고등학교,대덕소프트웨어마이스터고등학교,대전광역시 유성구,0
791,공업고등학교,대전공업고등학교,대전광역시 유성구,0
792,과학고등학교,대전과학고등학교,대전광역시 유성구,38
793,일반고등학교,대전노은고등학교,대전광역시 유성구,4
794,일반고등학교,대전도안고등학교,대전광역시 유성구,0
795,일반고등학교,대전반석고등학교,대전광역시 유성구,2
796,예술고등학교,대전예술고등학교,대전광역시 유성구,4
797,일반고등학교,대전용산고등학교,대전광역시 유성구,1
798,일반고등학교,대전전민고등학교,대전광역시 유성구,3
799,공업고등학교,대전전자디자인고등학교,대전광역시 유성구,0
800,일반고등학교,대전지족고등학교,대전광역시 유성구,0
801,체육고등학교,대전체육고등학교,대전광역시 유성구,0
802,일반고등학교,유성고등학교,대전광역시 유성구,1
803,농림업고등학교,유성생명과학고등학교,대전광역시 유성구,0
804,일반고등학교,유성여자고등학교,대전광역시 유성구,2
805,일반고등학교,중일고등학교,대전광역시 유성구,1
806,공업고등학교,대전생활과학고등학교,대전광역시 대덕구,0
807,일반고등학교,대전송촌고등학교,대전광역시 대덕구,0
808,일반고등학교,대전이문고등학교,대전광역시 대덕구,1
809,일반고등학교,동대전고등학교,대전광역시 대덕구,1
810,일반고등학교,신탄진고등학교,대전광역시 대덕구,0
811,일반고등학교,다운고등학교,울산광역시 중구,0
812,일반고등학교,성신고등학교,울산광역시 중구,3
813,일반고등학교,약사고등학교,울산광역시 중구,0
814,일반고등학교,울산고등학교,울산광역시 중구,0
815,공업고등학교,울산애니원고등학교,울산광역시 중구,0
816,일반고등학교,울산중앙고등학교,울산광역시 중구,0
817,일반고등학교,울산중앙여자고등학교,울산광역시 중구,1
818,일반고등학교,학성여자고등학교,울산광역시 중구,0
819,일반고등학교,함월고등학교,울산광역시 중구,1
820,일반고등학교,대현고등학교,울산광역시 남구,0
821,일반고등학교,무거고등학교,울산광역시 남구,0
822,일반고등학교,문수고등학교,울산광역시 남구,0
823,일반고등학교,삼산고등학교,울산광역시 남구,0
824,일반고등학교,삼일여자고등학교,울산광역시 남구,0
825,일반고등학교,성광여자고등학교,울산광역시 남구,0
826,일반고등학교,신선여자고등학교,울산광역시 남구,0
827,일반고등학교,신정고등학교,울산광역시 남구,1
828,일반고등학교,우신고등학교,울산광역시 남구,6
829,일반고등학교,울산강남고등학교,울산광역시 남구,1
830,공업고등학교,울산공업고등학교,울산광역시 남구,0
831,일반고등학교,울산여자고등학교,울산광역시 남구,2
832,상업고등학교,울산여자상업고등학교,울산광역시 남구,0
833,일반고등학교,울산제일고등학교,울산광역시 남구,2
834,일반고등학교,학성고등학교,울산광역시 남구,7
835,일반고등학교,남목고등학교,울산광역시 동구,0
836,일반고등학교,대송고등학교,울산광역시 동구,0
837,일반고등학교,문현고등학교,울산광역시 동구,0
838,일반고등학교,방어진고등학교,울산광역시 동구,0
839,가사고등학교,울산생활과학고등학교,울산광역시 동구,0
840,일반고등학교,현대고등학교,울산광역시 동구,4
841,공업고등학교,현대공업고등학교,울산광역시 동구,0
842,일반고등학교,현대청운고등학교,울산광역시 동구,18
843,일반고등학교,화암고등학교,울산광역시 동구,0
844,일반고등학교,달천고등학교,울산광역시 북구,0
845,일반고등학교,매곡고등학교,울산광역시 북구,0
846,일반고등학교,무룡고등학교,울산광역시 북구,0
847,일반고등학교,울산동천고등학교,울산광역시 북구,0
848,공업고등학교,울산마이스터고등학교,울산광역시 북구,0
849,체육고등학교,울산스포츠과학고등학교,울산광역시 북구,0
850,공업고등학교,울산에너지고등학교,울산광역시 북구,0
851,외국어고등학교,울산외국어고등학교,울산광역시 북구,2
852,일반고등학교,호계고등학교,울산광역시 북구,0
853,일반고등학교,화봉고등학교,울산광역시 북구,1
854,일반고등학교,효정고등학교,울산광역시 북구,0
855,일반고등학교,남창고등학교,울산광역시 울주군,1
856,일반고등학교,범서고등학교,울산광역시 울주군,0
857,일반고등학교,세인고등학교,울산광역시 울주군,0
858,일반고등학교,언양고등학교,울산광역시 울주군,1
859,일반고등학교,온산고등학교,울산광역시 울주군,0
860,일반고등학교,울산경의고등학교,울산광역시 울주군,0
861,과학고등학교,울산과학고등학교,울산광역시 울주군,10
862,공업고등학교,울산기술공업고등학교,울산광역시 울주군,0
863,가사고등학교,울산미용예술고등학교,울산광역시 울주군,0
864,상업고등학교,울산산업고등학교,울산광역시 울주군,0
865,상업고등학교,울산상업고등학교,울산광역시 울주군,0
866,예술고등학교,울산예술고등학교,울산광역시 울주군,0
867,일반고등학교,천상고등학교,울산광역시 울주군,0
868,일반고등학교,고운고등학교,세종특별자치시,0
869,일반고등학교,도담고등학교,세종특별자치시,0
870,일반고등학교,두루고등학교,세종특별자치시,0
871,일반고등학교,보람고등학교,세종특별자치시,0
872,일반고등학교,새롬고등학교,세종특별자치시,0
873,일반고등학교,성남고등학교,세종특별자치시,0
874,일반고등학교,세종고등학교,세종특별자치시,0
875,과학고등학교,세종과학예술영재학교,세종특별자치시,0
876,국제고등학교,세종국제고등학교,세종특별자치시,5
877,일반고등학교,세종여자고등학교,세종특별자치시,0
878,예술고등학교,세종예술고등학교,세종특별자치시,0
879,공업고등학교,세종하이텍고등학교,세종특별자치시,0
880,일반고등학교,소담고등학교,세종특별자치시,0
881,일반고등학교,아름고등학교,세종특별자치시,0
882,일반고등학교,양지고등학교,세종특별자치시,0
883,일반고등학교,종촌고등학교,세종특별자치시,0
884,일반고등학교,한솔고등학교,세종특별자치시,3
885,과학고등학교,경기과학고등학교,경기도 수원시,54
886,일반고등학교,경기대명고등학교,경기도 수원시,0
887,체육고등학교,경기체육고등학교,경기도 수원시,0
888,일반고등학교,고색고등학교,경기도 수원시,1
889,일반고등학교,곡정고등학교,경기도 수원시,0
890,일반고등학교,광교고등학교,경기도 수원시,1
891,일반고등학교,권선고등학교,경기도 수원시,0
892,일반고등학교,대평고등학교,경기도 수원시,2
893,일반고등학교,동우여자고등학교,경기도 수원시,1
894,일반고등학교,동원고등학교,경기도 수원시,3
895,일반고등학교,망포고등학교,경기도 수원시,0
896,일반고등학교,매원고등학교,경기도 수원시,0
897,일반고등학교,매탄고등학교,경기도 수원시,0
898,상업고등학교,매향여자정보고등학교,경기도 수원시,0
899,공업고등학교,삼일공업고등학교,경기도 수원시,0
900,상업고등학교,삼일상업고등학교,경기도 수원시,0
901,일반고등학교,수성고등학교,경기도 수원시,5
902,일반고등학교,수원고등학교,경기도 수원시,4
903,공업고등학교,수원공업고등학교,경기도 수원시,0
904,농림업고등학교,수원농생명과학고등학교,경기도 수원시,2
905,일반고등학교,수원여자고등학교,경기도 수원시,1
906,외국어고등학교,수원외국어고등학교,경기도 수원시,0
907,공업고등학교,수원전산여자고등학교,경기도 수원시,0
908,공업고등학교,수원정보과학고등학교,경기도 수원시,0
909,일반고등학교,수원칠보고등학교,경기도 수원시,0
910,공업고등학교,수원하이텍고등학교,경기도 수원시,0
911,일반고등학교,수일고등학교,경기도 수원시,1
912,일반고등학교,숙지고등학교,경기도 수원시,0
913,일반고등학교,영덕고등학교,경기도 수원시,1
914,일반고등학교,영복여자고등학교,경기도 수원시,2
915,일반고등학교,영생고등학교,경기도 수원시,0
916,일반고등학교,영신여자고등학교,경기도 수원시,1
917,일반고등학교,유신고등학교,경기도 수원시,0
918,일반고등학교,율천고등학교,경기도 수원시,0
919,일반고등학교,이의고등학교,경기도 수원시,0
920,일반고등학교,장안고등학교,경기도 수원시,0
921,일반고등학교,조원고등학교,경기도 수원시,0
922,일반고등학교,창현고등학교,경기도 수원시,0
923,일반고등학교,천천고등학교,경기도 수원시,2
924,일반고등학교,청명고등학교,경기도 수원시,0
925,일반고등학교,태장고등학교,경기도 수원시,1
926,일반고등학교,호매실고등학교,경기도 수원시,0
927,일반고등학교,화홍고등학교,경기도 수원시,0
928,일반고등학교,효원고등학교,경기도 수원시,0
929,예술고등학교,계원예술고등학교,경기도 성남시,0
930,일반고등학교,낙생고등학교,경기도 성남시,13
931,일반고등학교,늘푸른고등학교,경기도 성남시,1
932,일반고등학교,돌마고등학교,경기도 성남시,3
933,일반고등학교,동광고등학교,경기도 성남시,0
934,일반고등학교,보평고등학교,경기도 성남시,2
935,일반고등학교,복정고등학교,경기도 성남시,0
936,상업고등학교,분당경영고등학교,경기도 성남시,0
937,일반고등학교,분당고등학교,경기도 성남시,7
938,일반고등학교,분당대진고등학교,경기도 성남시,9
939,일반고등학교,분당영덕여자고등학교,경기도 성남시,4
940,일반고등학교,분당중앙고등학교,경기도 성남시,7
941,일반고등학교,불곡고등학교,경기도 성남시,3
942,일반고등학교,서현고등학교,경기도 성남시,9
943,일반고등학교,성남고등학교,경기도 성남시,0
944,상업고등학교,성남금융고등학교,경기도 성남시,0
945,일반고등학교,성남여자고등학교,경기도 성남시,0
946,외국어고등학교,성남외국어고등학교,경기도 성남시,11
947,공업고등학교,성남테크노과학고등학교,경기도 성남시,0
948,상업고등학교,성보경영고등학교,경기도 성남시,0
949,일반고등학교,성일고등학교,경기도 성남시,0
950,상업고등학교,성일정보고등학교,경기도 성남시,0
951,일반고등학교,송림고등학교,경기도 성남시,0
952,일반고등학교,수내고등학교,경기도 성남시,5
953,일반고등학교,숭신여자고등학교,경기도 성남시,0
954,일반고등학교,야탑고등학교,경기도 성남시,4
955,공업고등학교,양영디지털고등학교,경기도 성남시,0
956,일반고등학교,운중고등학교,경기도 성남시,2
957,일반고등학교,위례한빛고등학교,경기도 성남시,0
958,일반고등학교,이매고등학교,경기도 성남시,6
959,일반고등학교,이우고등학교,경기도 성남시,0
960,일반고등학교,태원고등학교,경기도 성남시,1
961,일반고등학교,판교고등학교,경기도 성남시,0
962,일반고등학교,풍생고등학교,경기도 성남시,1
963,일반고등학교,한솔고등학교,경기도 성남시,5
964,일반고등학교,효성고등학교,경기도 성남시,0
965,상업고등학교,경기경영고등학교,경기도 부천시,0
966,상업고등학교,경기국제통상고등학교,경기도 부천시,0
967,예술고등학교,경기예술고등학교,경기도 부천시,3
968,일반고등학교,계남고등학교,경기도 부천시,0
969,일반고등학교,덕산고등학교,경기도 부천시,0
970,일반고등학교,도당고등학교,경기도 부천시,1
971,일반고등학교,범박고등학교,경기도 부천시,1
972,일반고등학교,부명고등학교,경기도 부천시,2
973,일반고등학교,부천고등학교,경기도 부천시,3
974,공업고등학교,부천공업고등학교,경기도 부천시,0
975,일반고등학교,부천북고등학교,경기도 부천시,0
976,일반고등학교,부천여자고등학교,경기도 부천시,1
977,상업고등학교,부천정보산업고등학교,경기도 부천시,0
978,일반고등학교,상동고등학교,경기도 부천시,1
979,일반고등학교,상원고등학교,경기도 부천시,1
980,일반고등학교,상일고등학교,경기도 부천시,1
981,일반고등학교,소명여자고등학교,경기도 부천시,0
982,일반고등학교,소사고등학교,경기도 부천시,0
983,일반고등학교,송내고등학교,경기도 부천시,1
984,일반고등학교,수주고등학교,경기도 부천시,0
985,일반고등학교,시온고등학교,경기도 부천시,0
986,일반고등학교,심원고등학교,경기도 부천시,0
987,일반고등학교,역곡고등학교,경기도 부천시,0
988,일반고등학교,원미고등학교,경기도 부천시,0
989,일반고등학교,원종고등학교,경기도 부천시,0
990,일반고등학교,정명고등학교,경기도 부천시,0
991,일반고등학교,중원고등학교,경기도 부천시,0
992,일반고등학교,중흥고등학교,경기도 부천시,0
993,상업고등학교,경기글로벌통상고등학교,경기도 안양시,0
994,일반고등학교,관양고등학교,경기도 안양시,1
995,상업고등학교,근명여자정보고등학교,경기도 안양시,0
996,일반고등학교,동안고등학교,경기도 안양시,1
997,일반고등학교,백영고등학교,경기도 안양시,4
998,일반고등학교,부흥고등학교,경기도 안양시,0
999,일반고등학교,성문고등학교,경기도 안양시,0
1000,일반고등학교,신성고등학교,경기도 안양시,9
1001,일반고등학교,안양고등학교,경기도 안양시,0
1002,공업고등학교,안양공업고등학교,경기도 안양시,0
1003,일반고등학교,안양여자고등학교,경기도 안양시,1
1004,상업고등학교,안양여자상업고등학교,경기도 안양시,0
1005,예술고등학교,안양예술고등학교,경기도 안양시,0
1006,외국어고등학교,안양외국어고등학교,경기도 안양시,15
1007,일반고등학교,양명고등학교,경기도 안양시,3
1008,일반고등학교,양명여자고등학교,경기도 안양시,0
1009,일반고등학교,인덕원고등학교,경기도 안양시,0
1010,일반고등학교,충훈고등학교,경기도 안양시,1
1011,상업고등학교,평촌경영고등학교,경기도 안양시,0
1012,일반고등학교,평촌고등학교,경기도 안양시,0
1013,공업고등학교,평촌공업고등학교,경기도 안양시,0
1014,일반고등학교,과천고등학교,경기도 과천시,1
1015,일반고등학교,과천여자고등학교,경기도 과천시,3
1016,외국어고등학교,과천외국어고등학교,경기도 과천시,14
1017,일반고등학교,과천중앙고등학교,경기도 과천시,1
1018,상업고등학교,경기모바일과학고등학교,경기도 안산시,0
1019,일반고등학교,경안고등학교,경기도 안산시,0
1020,상업고등학교,경일관광경영고등학교,경기도 안산시,0
1021,일반고등학교,고잔고등학교,경기도 안산시,0
1022,일반고등학교,광덕고등학교,경기도 안산시,0
1023,일반고등학교,단원고등학교,경기도 안산시,0
1024,종합고등학교,대부고등학교,경기도 안산시,0
1025,일반고등학교,부곡고등학교,경기도 안산시,0
1026,일반고등학교,상록고등학교,경기도 안산시,0
1027,일반고등학교,선부고등학교,경기도 안산시,0
1028,일반고등학교,성안고등학교,경기도 안산시,0
1029,일반고등학교,성포고등학교,경기도 안산시,0
1030,일반고등학교,송호고등학교,경기도 안산시,0
1031,일반고등학교,신길고등학교,경기도 안산시,0
1032,일반고등학교,안산강서고등학교,경기도 안산시,0
1033,일반고등학교,안산고등학교,경기도 안산시,1
1034,공업고등학교,안산공업고등학교,경기도 안산시,0
1035,상업고등학교,안산국제비즈니스고등학교,경기도 안산시,0
1036,일반고등학교,안산동산고등학교,경기도 안산시,33
1037,상업고등학교,안산디자인문화고등학교,경기도 안산시,0
1038,일반고등학교,양지고등학교,경기도 안산시,0
1039,일반고등학교,원곡고등학교,경기도 안산시,0
1040,일반고등학교,초지고등학교,경기도 안산시,0
1041,상업고등학교,한국디지털미디어고등학교,경기도 안산시,1
1042,일반고등학교,고림고등학교,경기도 용인시,0
1043,일반고등학교,구성고등학교,경기도 용인시,1
1044,일반고등학교,기흥고등학교,경기도 용인시,1
1045,일반고등학교,대지고등학교,경기도 용인시,1
1046,일반고등학교,동백고등학교,경기도 용인시,0
1047,종합고등학교,백암고등학교,경기도 용인시,0
1048,일반고등학교,보라고등학교,경기도 용인시,0
1049,일반고등학교,보정고등학교,경기도 용인시,2
1050,일반고등학교,상현고등학교,경기도 용인시,0
1051,일반고등학교,서원고등학교,경기도 용인시,0
1052,일반고등학교,서천고등학교,경기도 용인시,0
1053,일반고등학교,성복고등학교,경기도 용인시,0
1054,일반고등학교,성지고등학교,경기도 용인시,1
1055,일반고등학교,수지고등학교,경기도 용인시,23
1056,일반고등학교,신갈고등학교,경기도 용인시,0
1057,일반고등학교,신봉고등학교,경기도 용인시,0
1058,일반고등학교,용인고등학교,경기도 용인시,0
1059,농림업고등학교,용인바이오고등학교,경기도 용인시,0
1060,일반고등학교,용인백현고등학교,경기도 용인시,0
1061,일반고등학교,용인삼계고등학교,경기도 용인시,0
1062,상업고등학교,용인정보고등학교,경기도 용인시,0
1063,일반고등학교,용인한국외국어대학교부설고등학교,경기도 용인시,0
1064,일반고등학교,죽전고등학교,경기도 용인시,0
1065,일반고등학교,청덕고등학교,경기도 용인시,0
1066,일반고등학교,초당고등학교,경기도 용인시,0
1067,일반고등학교,태성고등학교,경기도 용인시,1
1068,일반고등학교,포곡고등학교,경기도 용인시,1
1069,일반고등학교,풍덕고등학교,경기도 용인시,5
1070,일반고등학교,현암고등학교,경기도 용인시,0
1071,일반고등학교,홍천고등학교,경기도 용인시,0
1072,일반고등학교,흥덕고등학교,경기도 용인시,0
1073,상업고등학교,군포e비즈니스고등학교,경기도 군포시,0
1074,일반고등학교,군포고등학교,경기도 군포시,5
1075,일반고등학교,군포중앙고등학교,경기도 군포시,0
1076,일반고등학교,산본고등학교,경기도 군포시,0
1077,공업고등학교,산본공업고등학교,경기도 군포시,0
1078,일반고등학교,수리고등학교,경기도 군포시,0
1079,일반고등학교,용호고등학교,경기도 군포시,0
1080,일반고등학교,흥진고등학교,경기도 군포시,1
1081,외국어고등학교,경기외국어고등학교,경기도 의왕시,19
1082,일반고등학교,모락고등학교,경기도 의왕시,1
1083,일반고등학교,백운고등학교,경기도 의왕시,0
1084,일반고등학교,우성고등학교,경기도 의왕시,3
1085,일반고등학교,의왕고등학교,경기도 의왕시,1
1086,공업고등학교,경기자동차과학고등학교,경기도 시흥시,0
1087,일반고등학교,군서고등학교,경기도 시흥시,0
1088,공업고등학교,군자디지털과학고등학교,경기도 시흥시,0
1089,일반고등학교,배곧고등학교,경기도 시흥시,0
1090,일반고등학교,서해고등학교,경기도 시흥시,0
1091,일반고등학교,소래고등학교,경기도 시흥시,1
1092,공업고등학교,시화공업고등학교,경기도 시흥시,0
1093,일반고등학교,시흥고등학교,경기도 시흥시,0
1094,일반고등학교,시흥능곡고등학교,경기도 시흥시,0
1095,일반고등학교,시흥매화고등학교,경기도 시흥시,0
1096,일반고등학교,신천고등학교,경기도 시흥시,0
1097,일반고등학교,은행고등학교,경기도 시흥시,0
1098,일반고등학교,장곡고등학교,경기도 시흥시,1
1099,일반고등학교,정왕고등학교,경기도 시흥시,0
1100,가사고등학교,한국조리과학고등학교,경기도 시흥시,0
1101,일반고등학교,함현고등학교,경기도 시흥시,3
1102,상업고등학교,경기물류고등학교,경기도 평택시,0
1103,공업고등학교,동일공업고등학교,경기도 평택시,0
1104,일반고등학교,라온고등학교,경기도 평택시,0
1105,일반고등학교,비전고등학교,경기도 평택시,0
1106,일반고등학교,송탄고등학교,경기도 평택시,0
1107,일반고등학교,신한고등학교,경기도 평택시,3
1108,종합고등학교,안중고등학교,경기도 평택시,0
1109,종합고등학교,은혜고등학교,경기도 평택시,0
1110,일반고등학교,이충고등학교,경기도 평택시,0
1111,종합고등학교,진위고등학교,경기도 평택시,1
1112,상업고등학교,청담고등학교,경기도 평택시,0
1113,일반고등학교,청북고등학교,경기도 평택시,0
1114,일반고등학교,태광고등학교,경기도 평택시,0
1115,일반고등학교,평택고등학교,경기도 평택시,2
1116,공업고등학교,평택기계공업고등학교,경기도 평택시,0
1117,종합고등학교,평택여자고등학교,경기도 평택시,0
1118,일반고등학교,한광고등학교,경기도 평택시,0
1119,일반고등학교,한광여자고등학교,경기도 평택시,0
1120,상업고등학교,한국관광고등학교,경기도 평택시,0
1121,일반고등학교,현화고등학교,경기도 평택시,0
1122,일반고등학교,효명고등학교,경기도 평택시,1
1123,일반고등학교,나루고등학교,경기도 화성시,1
1124,종합고등학교,남양고등학교,경기도 화성시,0
1125,일반고등학교,능동고등학교,경기도 화성시,0
1126,일반고등학교,동탄고등학교,경기도 화성시,3
1127,국제고등학교,동탄국제고등학교,경기도 화성시,10
1128,일반고등학교,동탄중앙고등학교,경기도 화성시,0
1129,일반고등학교,두레자연고등학교,경기도 화성시,0
1130,일반고등학교,반송고등학교,경기도 화성시,1
1131,농림업고등학교,발안바이오과학고등학교,경기도 화성시,0
1132,일반고등학교,병점고등학교,경기도 화성시,2
1133,일반고등학교,봉담고등학교,경기도 화성시,0
1134,종합고등학교,비봉고등학교,경기도 화성시,0
1135,일반고등학교,삼괴고등학교,경기도 화성시,1
1136,일반고등학교,송산고등학교,경기도 화성시,0
1137,일반고등학교,안화고등학교,경기도 화성시,0
1138,일반고등학교,예당고등학교,경기도 화성시,0
1139,일반고등학교,이산고등학교,경기도 화성시,0
1140,일반고등학교,창의고등학교,경기도 화성시,0
1141,일반고등학교,하길고등학교,경기도 화성시,0
1142,일반고등학교,한백고등학교,경기도 화성시,0
1143,일반고등학교,향남고등학교,경기도 화성시,0
1144,일반고등학교,향일고등학교,경기도 화성시,0
1145,공업고등학교,홍익디자인고등학교,경기도 화성시,0
1146,일반고등학교,화성고등학교,경기도 화성시,10
1147,일반고등학교,화성반월고등학교,경기도 화성시,0
1148,일반고등학교,매홀고등학교,경기도 오산시,0
1149,일반고등학교,성호고등학교,경기도 오산시,0
1150,일반고등학교,세교고등학교,경기도 오산시,0
1151,일반고등학교,세마고등학교,경기도 오산시,11
1152,일반고등학교,오산고등학교,경기도 오산시,0
1153,상업고등학교,오산정보고등학교,경기도 오산시,0
1154,일반고등학교,운암고등학교,경기도 오산시,0
1155,일반고등학교,운천고등학교,경기도 오산시,0
1156,상업고등학교,광명경영회계고등학교,경기도 광명시,0
1157,일반고등학교,광명고등학교,경기도 광명시,0
1158,공업고등학교,광명공업고등학교,경기도 광명시,0
1159,일반고등학교,광명북고등학교,경기도 광명시,4
1160,일반고등학교,광문고등학교,경기도 광명시,1
1161,일반고등학교,광휘고등학교,경기도 광명시,2
1162,일반고등학교,명문고등학교,경기도 광명시,2
1163,일반고등학교,소하고등학교,경기도 광명시,0
1164,일반고등학교,운산고등학교,경기도 광명시,0
1165,일반고등학교,진성고등학교,경기도 광명시,2
1166,일반고등학교,충현고등학교,경기도 광명시,0
1167,상업고등학교,경화여자English Business고등학교,경기도 광주시,0
1168,일반고등학교,경화여자고등학교,경기도 광주시,1
1169,종합고등학교,곤지암고등학교,경기도 광주시,0
1170,일반고등학교,광남고등학교,경기도 광주시,0
1171,일반고등학교,광주고등학교,경기도 광주시,0
1172,종합고등학교,광주중앙고등학교,경기도 광주시,0
1173,일반고등학교,초월고등학교,경기도 광주시,0
1174,일반고등학교,태전고등학교,경기도 광주시,0
1175,일반고등학교,남한고등학교,경기도 하남시,0
1176,일반고등학교,미사강변고등학교,경기도 하남시,0
1177,일반고등학교,미사고등학교,경기도 하남시,0
1178,일반고등학교,신장고등학교,경기도 하남시,0
1179,일반고등학교,위례고등학교,경기도 하남시,0
1180,일반고등학교,풍산고등학교,경기도 하남시,0
1181,상업고등학교,하남경영고등학교,경기도 하남시,0
1182,일반고등학교,하남고등학교,경기도 하남시,2
1183,공업고등학교,한국애니메이션고등학교,경기도 하남시,0
1184,일반고등학교,김포고등학교,경기도 김포시,6
1185,외국어고등학교,김포외국어고등학교,경기도 김포시,4
1186,일반고등학교,김포제일고등학교,경기도 김포시,0
1187,공업고등학교,김포제일공업고등학교,경기도 김포시,0
1188,일반고등학교,마송고등학교,경기도 김포시,0
1189,일반고등학교,사우고등학교,경기도 김포시,0
1190,일반고등학교,솔터고등학교,경기도 김포시,0
1191,일반고등학교,양곡고등학교,경기도 김포시,0
1192,일반고등학교,운양고등학교,경기도 김포시,1
1193,일반고등학교,장기고등학교,경기도 김포시,0
1194,종합고등학교,통진고등학교,경기도 김포시,0
1195,일반고등학교,풍무고등학교,경기도 김포시,0
1196,종합고등학교,하성고등학교,경기도 김포시,2
1197,종합고등학교,다산고등학교,경기도 이천시,0
1198,일반고등학교,마장고등학교,경기도 이천시,0
1199,종합고등학교,부원고등학교,경기도 이천시,0
1200,일반고등학교,율면고등학교,경기도 이천시,0
1201,일반고등학교,이천고등학교,경기도 이천시,1
1202,상업고등학교,이천세무고등학교,경기도 이천시,0
1203,일반고등학교,이천양정여자고등학교,경기도 이천시,2
1204,종합고등학교,이천제일고등학교,경기도 이천시,0
1205,일반고등학교,이현고등학교,경기도 이천시,0
1206,종합고등학교,장호원고등학교,경기도 이천시,1
1207,공업고등학교,한국도예고등학교,경기도 이천시,0
1208,일반고등학교,효양고등학교,경기도 이천시,3
1209,종합고등학교,가온고등학교,경기도 안성시,1
1210,일반고등학교,경기창조고등학교,경기도 안성시,1
1211,공업고등학교,두원공업고등학교,경기도 안성시,0
1212,일반고등학교,안법고등학교,경기도 안성시,1
1213,일반고등학교,안성고등학교,경기도 안성시,0
1214,일반고등학교,안성여자고등학교,경기도 안성시,0
1215,농림업고등학교,일죽고등학교,경기도 안성시,0
1216,종합고등학교,죽산고등학교,경기도 안성시,0
1217,대안고등학교,한겨레고등학교,경기도 안성시,0
1218,상업고등학교,경기관광고등학교,경기도 여주시,0
1219,일반고등학교,대신고등학교,경기도 여주시,0
1220,일반고등학교,세종고등학교,경기도 여주시,0
1221,종합고등학교,여강고등학교,경기도 여주시,0
1222,일반고등학교,여주고등학교,경기도 여주시,0
1223,농림업고등학교,여주자영농업고등학교,경기도 여주시,1
1224,종합고등학교,여주제일고등학교,경기도 여주시,0
1225,일반고등학교,이포고등학교,경기도 여주시,0
1226,일반고등학교,점동고등학교,경기도 여주시,0
1227,종합고등학교,양동고등학교,경기도 양평군,0
1228,종합고등학교,양서고등학교,경기도 양평군,14
1229,일반고등학교,양일고등학교,경기도 양평군,3
1230,종합고등학교,양평고등학교,경기도 양평군,0
1231,공업고등학교,양평전자과학고등학교,경기도 양평군,0
1232,종합고등학교,용문고등학교,경기도 양평군,0
1233,일반고등학교,지평고등학교,경기도 양평군,0
1234,일반고등학교,청운고등학교,경기도 양평군,0
1235,일반고등학교,가좌고등학교,경기도 고양시,0
1236,공업고등학교,경기영상과학고등학교,경기도 고양시,0
1237,농림업고등학교,고양고등학교,경기도 고양시,0
1238,국제고등학교,고양국제고등학교,경기도 고양시,12
1239,일반고등학교,고양동산고등학교,경기도 고양시,0
1240,예술고등학교,고양예술고등학교,경기도 고양시,1
1241,외국어고등학교,고양외국어고등학교,경기도 고양시,19
1242,일반고등학교,고양일고등학교,경기도 고양시,0
1243,일반고등학교,능곡고등학교,경기도 고양시,0
1244,일반고등학교,대화고등학교,경기도 고양시,1
1245,일반고등학교,덕이고등학교,경기도 고양시,1
1246,일반고등학교,도래울고등학교,경기도 고양시,0
1247,일반고등학교,무원고등학교,경기도 고양시,0
1248,일반고등학교,백마고등학교,경기도 고양시,1
1249,일반고등학교,백석고등학교,경기도 고양시,6
1250,일반고등학교,백송고등학교,경기도 고양시,0
1251,일반고등학교,백신고등학교,경기도 고양시,1
1252,일반고등학교,백양고등학교,경기도 고양시,0
1253,일반고등학교,서정고등학교,경기도 고양시,0
1254,일반고등학교,성사고등학교,경기도 고양시,0
1255,일반고등학교,세원고등학교,경기도 고양시,0
1256,상업고등학교,신일비즈니스고등학교,경기도 고양시,0
1257,일반고등학교,안곡고등학교,경기도 고양시,1
1258,공업고등학교,일산고등학교,경기도 고양시,0
1259,상업고등학교,일산국제컨벤션고등학교,경기도 고양시,0
1260,일반고등학교,일산대진고등학교,경기도 고양시,0
1261,일반고등학교,일산동고등학교,경기도 고양시,0
1262,일반고등학교,저동고등학교,경기도 고양시,3
1263,일반고등학교,저현고등학교,경기도 고양시,4
1264,일반고등학교,정발고등학교,경기도 고양시,3
1265,일반고등학교,주엽고등학교,경기도 고양시,5
1266,일반고등학교,중산고등학교,경기도 고양시,2
1267,일반고등학교,풍동고등학교,경기도 고양시,0
1268,일반고등학교,행신고등학교,경기도 고양시,1
1269,일반고등학교,화수고등학교,경기도 고양시,0
1270,일반고등학교,화정고등학교,경기도 고양시,0
1271,일반고등학교,가운고등학교,경기도 남양주시,0
1272,일반고등학교,광동고등학교,경기도 남양주시,2
1273,종합고등학교,금곡고등학교,경기도 남양주시,0
1274,공업고등학교,남양주공업고등학교,경기도 남양주시,0
1275,일반고등학교,덕소고등학교,경기도 남양주시,2
1276,일반고등학교,도농고등학교,경기도 남양주시,0
1277,일반고등학교,동화고등학교,경기도 남양주시,9
1278,일반고등학교,마석고등학교,경기도 남양주시,1
1279,일반고등학교,별가람고등학교,경기도 남양주시,0
1280,일반고등학교,별내고등학교,경기도 남양주시,0
1281,일반고등학교,심석고등학교,경기도 남양주시,1
1282,일반고등학교,오남고등학교,경기도 남양주시,0
1283,일반고등학교,와부고등학교,경기도 남양주시,6
1284,일반고등학교,진건고등학교,경기도 남양주시,1
1285,일반고등학교,진접고등학교,경기도 남양주시,0
1286,일반고등학교,청학고등학교,경기도 남양주시,1
1287,일반고등학교,퇴계원고등학교,경기도 남양주시,2
1288,일반고등학교,판곡고등학교,경기도 남양주시,1
1289,일반고등학교,평내고등학교,경기도 남양주시,1
1290,일반고등학교,호평고등학교,경기도 남양주시,0
1291,일반고등학교,갈매고등학교,경기도 구리시,0
1292,일반고등학교,구리고등학교,경기도 구리시,1
1293,일반고등학교,구리여자고등학교,경기도 구리시,0
1294,일반고등학교,서울삼육고등학교,경기도 구리시,1
1295,일반고등학교,수택고등학교,경기도 구리시,1
1296,일반고등학교,인창고등학교,경기도 구리시,0
1297,일반고등학교,토평고등학교,경기도 구리시,0
1298,과학고등학교,경기북과학고등학교,경기도 의정부시,7
1299,공업고등학교,경민IT고등학교,경기도 의정부시,0
1300,일반고등학교,경민고등학교,경기도 의정부시,0
1301,상업고등학교,경민비즈니스고등학교,경기도 의정부시,0
1302,일반고등학교,동국대학교사범대학부속영석고등학교,경기도 의정부시,0
1303,일반고등학교,발곡고등학교,경기도 의정부시,0
1304,일반고등학교,부용고등학교,경기도 의정부시,0
1305,일반고등학교,상우고등학교,경기도 의정부시,1
1306,일반고등학교,송양고등학교,경기도 의정부시,0
1307,일반고등학교,송현고등학교,경기도 의정부시,1
1308,일반고등학교,의정부고등학교,경기도 의정부시,0
1309,공업고등학교,의정부공업고등학교,경기도 의정부시,0
1310,일반고등학교,의정부광동고등학교,경기도 의정부시,0
1311,일반고등학교,의정부여자고등학교,경기도 의정부시,0
1312,일반고등학교,호원고등학교,경기도 의정부시,0
1313,일반고등학교,효자고등학교,경기도 의정부시,0
1314,상업고등학교,경기세무고등학교,경기도 파주시,0
1315,종합고등학교,광탄고등학교,경기도 파주시,0
1316,일반고등학교,교하고등학교,경기도 파주시,2
1317,일반고등학교,금촌고등학교,경기도 파주시,0
1318,일반고등학교,동패고등학교,경기도 파주시,0
1319,일반고등학교,문산고등학교,경기도 파주시,1
1320,종합고등학교,문산수억고등학교,경기도 파주시,1
1321,종합고등학교,문산제일고등학교,경기도 파주시,0
1322,일반고등학교,봉일천고등학교,경기도 파주시,0
1323,일반고등학교,삼광고등학교,경기도 파주시,0
1324,공업고등학교,세경고등학교,경기도 파주시,0
1325,일반고등학교,운정고등학교,경기도 파주시,13
1326,일반고등학교,율곡고등학교,경기도 파주시,0
1327,일반고등학교,지산고등학교,경기도 파주시,0
1328,일반고등학교,파주고등학교,경기도 파주시,0
1329,종합고등학교,파주여자고등학교,경기도 파주시,0
1330,일반고등학교,한민고등학교,경기도 파주시,10
1331,일반고등학교,한빛고등학교,경기도 파주시,0
1332,일반고등학교,동두천고등학교,경기도 동두천시,1
1333,외국어고등학교,동두천외국어고등학교,경기도 동두천시,3
1334,종합고등학교,동두천중앙고등학교,경기도 동두천시,0
1335,종합고등학교,보영여자고등학교,경기도 동두천시,0
1336,일반고등학교,신흥고등학교,경기도 동두천시,0
1337,상업고등학교,한국문화영상고등학교,경기도 동두천시,0
1338,일반고등학교,덕계고등학교,경기도 양주시,0
1339,일반고등학교,덕정고등학교,경기도 양주시,0
1340,일반고등학교,덕현고등학교,경기도 양주시,0
1341,일반고등학교,양주고등학교,경기도 양주시,1
1342,일반고등학교,양주백석고등학교,경기도 양주시,0
1343,일반고등학교,옥정고등학교,경기도 양주시,0
1344,가사고등학교,한국외식과학고등학교,경기도 양주시,0
1345,일반고등학교,관인고등학교,경기도 포천시,0
1346,일반고등학교,동남고등학교,경기도 포천시,0
1347,일반고등학교,송우고등학교,경기도 포천시,2
1348,상업고등학교,영북고등학교,경기도 포천시,0
1349,종합고등학교,일동고등학교,경기도 포천시,0
1350,일반고등학교,포천고등학교,경기도 포천시,0
1351,종합고등학교,포천일고등학교,경기도 포천시,0
1352,일반고등학교,가평고등학교,경기도 가평군,1
1353,일반고등학교,설악고등학교,경기도 가평군,0
1354,종합고등학교,조종고등학교,경기도 가평군,0
1355,국제고등학교,청심국제고등학교,경기도 가평군,11
1356,일반고등학교,청평고등학교,경기도 가평군,0
1357,종합고등학교,연천고등학교,경기도 연천군,0
1358,종합고등학교,전곡고등학교,경기도 연천군,0
1359,일반고등학교,강원고등학교,강원도 춘천시,1
1360,일반고등학교,강원대학교사범대학부설고등학교,강원도 춘천시,1
1361,공업고등학교,강원애니고등학교,강원도 춘천시,0
1362,체육고등학교,강원체육고등학교,강원도 춘천시,0
1363,일반고등학교,봉의고등학교,강원도 춘천시,0
1364,일반고등학교,성수고등학교,강원도 춘천시,0
1365,종합고등학교,성수여자고등학교,강원도 춘천시,0
1366,실업고등학교,소양고등학교,강원도 춘천시,0
1367,일반고등학교,유봉여자고등학교,강원도 춘천시,1
1368,일반고등학교,전인고등학교,강원도 춘천시,0
1369,일반고등학교,춘천고등학교,강원도 춘천시,1
1370,공업고등학교,춘천기계공업고등학교,강원도 춘천시,0
1371,일반고등학교,춘천여자고등학교,강원도 춘천시,1
1372,실업고등학교,춘천한샘고등학교,강원도 춘천시,0
1373,과학고등학교,강원과학고등학교,강원도 원주시,1
1374,일반고등학교,대성고등학교,강원도 원주시,0
1375,일반고등학교,문막고등학교,강원도 원주시,0
1376,일반고등학교,북원여자고등학교,강원도 원주시,0
1377,일반고등학교,상지여자고등학교,강원도 원주시,0
1378,실업고등학교,영서고등학교,강원도 원주시,0
1379,일반고등학교,원주고등학교,강원도 원주시,2
1380,공업고등학교,원주공업고등학교,강원도 원주시,0
1381,상업고등학교,원주금융회계고등학교,강원도 원주시,0
1382,일반고등학교,원주삼육고등학교,강원도 원주시,1
1383,일반고등학교,원주여자고등학교,강원도 원주시,1
1384,실업고등학교,원주의료고등학교,강원도 원주시,0
1385,일반고등학교,육민관고등학교,강원도 원주시,0
1386,일반고등학교,진광고등학교,강원도 원주시,0
1387,일반고등학교,치악고등학교,강원도 원주시,0
1388,일반고등학교,강릉고등학교,강원도 강릉시,1
1389,일반고등학교,강릉명륜고등학교,강원도 강릉시,1
1390,종합고등학교,강릉문성고등학교,강원도 강릉시,0
1391,일반고등학교,강릉여자고등학교,강원도 강릉시,1
1392,실업고등학교,강릉정보공업고등학교,강원도 강릉시,0
1393,일반고등학교,강릉제일고등학교,강원도 강릉시,1
1394,실업고등학교,강릉중앙고등학교,강원도 강릉시,0
1395,예술고등학교,강원예술고등학교,강원도 강릉시,0
1396,일반고등학교,강일여자고등학교,강원도 강릉시,0
1397,일반고등학교,경포고등학교,강원도 강릉시,0
1398,일반고등학교,주문진고등학교,강원도 강릉시,0
1399,종합고등학교,동해광희고등학교,강원도 동해시,0
1400,일반고등학교,동해삼육고등학교,강원도 동해시,0
1401,상업고등학교,동해상업고등학교,강원도 동해시,0
1402,일반고등학교,묵호고등학교,강원도 동해시,0
1403,일반고등학교,북평고등학교,강원도 동해시,0
1404,일반고등학교,북평여자고등학교,강원도 동해시,1
1405,일반고등학교,장성여자고등학교,강원도 태백시,0
1406,일반고등학교,철암고등학교,강원도 태백시,0
1407,공업고등학교,태백기계공업고등학교,강원도 태백시,0
1408,일반고등학교,황지고등학교,강원도 태백시,0
1409,상업고등학교,황지정보산업고등학교,강원도 태백시,0
1410,종합고등학교,설악고등학교,강원도 속초시,0
1411,일반고등학교,속초고등학교,강원도 속초시,0
1412,일반고등학교,속초여자고등학교,강원도 속초시,0
1413,일반고등학교,가곡고등학교,강원도 삼척시,0
1414,종합고등학교,도계고등학교,강원도 삼척시,0
1415,상업고등학교,도계전산정보고등학교,강원도 삼척시,0
1416,일반고등학교,삼일고등학교,강원도 삼척시,0
1417,일반고등학교,삼척고등학교,강원도 삼척시,1
1418,공업고등학교,삼척마이스터고등학교,강원도 삼척시,0
1419,일반고등학교,삼척여자고등학교,강원도 삼척시,1
1420,일반고등학교,원덕고등학교,강원도 삼척시,0
1421,일반고등학교,하장고등학교,강원도 삼척시,0
1422,가사고등학교,강원생활과학고등학교,강원도 홍천군,0
1423,일반고등학교,내면고등학교,강원도 홍천군,0
1424,일반고등학교,서석고등학교,강원도 홍천군,0
1425,일반고등학교,팔렬고등학교,강원도 홍천군,0
1426,일반고등학교,홍천고등학교,강원도 홍천군,0
1427,농림업고등학교,홍천농업고등학교,강원도 홍천군,0
1428,일반고등학교,홍천여자고등학교,강원도 홍천군,0
1429,일반고등학교,갑천고등학교,강원도 횡성군,0
1430,일반고등학교,둔내고등학교,강원도 횡성군,0
1431,일반고등학교,민족사관고등학교,강원도 횡성군,40
1432,일반고등학교,안흥고등학교,강원도 횡성군,0
1433,대안고등학교,현천고등학교,강원도 횡성군,0
1434,일반고등학교,횡성고등학교,강원도 횡성군,1
1435,일반고등학교,횡성여자고등학교,강원도 횡성군,0
1436,일반고등학교,마차고등학교,강원도 영월군,0
1437,일반고등학교,상동고등학교,강원도 영월군,0
1438,종합고등학교,석정여자고등학교,강원도 영월군,1
1439,일반고등학교,영월고등학교,강원도 영월군,1
1440,공업고등학교,영월공업고등학교,강원도 영월군,0
1441,종합고등학교,주천고등학교,강원도 영월군,0
1442,일반고등학교,대화고등학교,강원도 평창군,0
1443,일반고등학교,봉평고등학교,강원도 평창군,0
1444,종합고등학교,상지대관령고등학교,강원도 평창군,0
1445,일반고등학교,진부고등학교,강원도 평창군,0
1446,일반고등학교,평창고등학교,강원도 평창군,1
1447,종합고등학교,고한고등학교,강원도 정선군,0
1448,일반고등학교,사북고등학교,강원도 정선군,0
1449,일반고등학교,여량고등학교,강원도 정선군,0
1450,일반고등학교,임계고등학교,강원도 정선군,0
1451,일반고등학교,정선고등학교,강원도 정선군,1
1452,실업고등학교,정선정보공업고등학교,강원도 정선군,0
1453,종합고등학교,함백고등학교,강원도 정선군,0
1454,일반고등학교,김화고등학교,강원도 철원군,1
1455,공업고등학교,김화공업고등학교,강원도 철원군,0
1456,일반고등학교,신철원고등학교,강원도 철원군,0
1457,일반고등학교,철원고등학교,강원도 철원군,1
1458,일반고등학교,철원여자고등학교,강원도 철원군,0
1459,일반고등학교,간동고등학교,강원도 화천군,0
1460,일반고등학교,사내고등학교,강원도 화천군,0
1461,일반고등학교,화천고등학교,강원도 화천군,0
1462,실업고등학교,화천정보산업고등학교,강원도 화천군,0
1463,외국어고등학교,강원외국어고등학교,강원도 양구군,3
1464,일반고등학교,양구고등학교,강원도 양구군,0
1465,일반고등학교,양구여자고등학교,강원도 양구군,0
1466,일반고등학교,기린고등학교,강원도 인제군,0
1467,일반고등학교,신남고등학교,강원도 인제군,0
1468,일반고등학교,원통고등학교,강원도 인제군,1
1469,일반고등학교,인제고등학교,강원도 인제군,1
1470,실업고등학교,거진정보공업고등학교,강원도 고성군,0
1471,일반고등학교,고성고등학교,강원도 고성군,1
1472,일반고등학교,대진고등학교,강원도 고성군,0
1473,실업고등학교,동광산업과학고등학교,강원도 고성군,0
1474,일반고등학교,양양고등학교,강원도 양양군,1
1475,종합고등학교,양양여자고등학교,강원도 양양군,0
1476,일반고등학교,금천고등학교,충청북도 청주시,0
1477,상업고등학교,대성여자상업고등학교,충청북도 청주시,0
1478,일반고등학교,봉명고등학교,충청북도 청주시,0
1479,일반고등학교,산남고등학교,충청북도 청주시,2
1480,일반고등학교,상당고등학교,충청북도 청주시,0
1481,일반고등학교,서원고등학교,충청북도 청주시,0
1482,일반고등학교,세광고등학교,충청북도 청주시,7
1483,일반고등학교,양업고등학교,충청북도 청주시,0
1484,일반고등학교,양청고등학교,충청북도 청주시,1
1485,일반고등학교,오송고등학교,충청북도 청주시,2
1486,일반고등학교,오창고등학교,충청북도 청주시,0
1487,일반고등학교,운호고등학교,충청북도 청주시,2
1488,일반고등학교,일신여자고등학교,충청북도 청주시,0
1489,일반고등학교,주성고등학교,충청북도 청주시,0
1490,일반고등학교,청석고등학교,충청북도 청주시,4
1491,일반고등학교,청원고등학교,충청북도 청주시,12
1492,일반고등학교,청주고등학교,충청북도 청주시,2
1493,공업고등학교,청주공업고등학교,충청북도 청주시,0
1494,농림업고등학교,청주농업고등학교,충청북도 청주시,0
1495,일반고등학교,청주대성고등학교,충청북도 청주시,2
1496,일반고등학교,청주신흥고등학교,충청북도 청주시,0
1497,일반고등학교,청주여자고등학교,충청북도 청주시,0
1498,상업고등학교,청주여자상업고등학교,충청북도 청주시,0
1499,외국어고등학교,청주외국어고등학교,충청북도 청주시,0
1500,일반고등학교,청주중앙여자고등학교,충청북도 청주시,0
1501,공업고등학교,청주하이텍고등학교,충청북도 청주시,0
1502,일반고등학교,충북고등학교,충청북도 청주시,1
1503,공업고등학교,충북공업고등학교,충청북도 청주시,0
1504,과학고등학교,충북과학고등학교,충청북도 청주시,1
1505,일반고등학교,충북대학교사범대학부설고등학교,충청북도 청주시,0
1506,상업고등학교,충북상업정보고등학교,충청북도 청주시,0
1507,공업고등학교,충북에너지고등학교,충청북도 청주시,0
1508,일반고등학교,충북여자고등학교,충청북도 청주시,2
1509,예술고등학교,충북예술고등학교,충청북도 청주시,0
1510,일반고등학교,한국교원대학교부설고등학교,충청북도 청주시,2
1511,상업고등학교,현도정보고등학교,충청북도 청주시,0
1512,일반고등학교,흥덕고등학교,충청북도 청주시,1
1513,일반고등학교,국원고등학교,충청북도 충주시,0
1514,일반고등학교,주덕고등학교,충청북도 충주시,0
1515,일반고등학교,충원고등학교,충청북도 충주시,0
1516,일반고등학교,충주고등학교,충청북도 충주시,1
1517,공업고등학교,충주공업고등학교,충청북도 충주시,0
1518,일반고등학교,충주대원고등학교,충청북도 충주시,0
1519,상업고등학교,충주상업고등학교,충청북도 충주시,0
1520,일반고등학교,충주여자고등학교,충청북도 충주시,1
1521,일반고등학교,충주예성여자고등학교,충청북도 충주시,0
1522,일반고등학교,충주중산고등학교,충청북도 충주시,1
1523,상업고등학교,한림디자인고등학교,충청북도 충주시,0
1524,일반고등학교,세명고등학교,충청북도 제천시,0
1525,일반고등학교,제천고등학교,충청북도 제천시,1
1526,공업고등학교,제천디지털전자고등학교,충청북도 제천시,0
1527,공업고등학교,제천산업고등학교,충청북도 제천시,0
1528,상업고등학교,제천상업고등학교,충청북도 제천시,0
1529,일반고등학교,제천여자고등학교,충청북도 제천시,0
1530,일반고등학교,제천제일고등학교,충청북도 제천시,0
1531,일반고등학교,보은고등학교,충청북도 보은군,0
1532,일반고등학교,보은여자고등학교,충청북도 보은군,0
1533,상업고등학교,보은정보고등학교,충청북도 보은군,0
1534,농림업고등학교,충북생명산업고등학교,충청북도 보은군,0
1535,일반고등학교,옥천고등학교,충청북도 옥천군,1
1536,일반고등학교,청산고등학교,충청북도 옥천군,0
1537,상업고등학교,충북산업과학고등학교,충청북도 옥천군,0
1538,일반고등학교,영동고등학교,충청북도 영동군,1
1539,농림업고등학교,영동산업과학고등학교,충청북도 영동군,0
1540,상업고등학교,영동인터넷고등학교,충청북도 영동군,0
1541,일반고등학교,학산고등학교,충청북도 영동군,0
1542,일반고등학교,황간고등학교,충청북도 영동군,0
1543,일반고등학교,광혜원고등학교,충청북도 진천군,1
1544,일반고등학교,서전고등학교,충청북도 진천군,0
1545,일반고등학교,진천고등학교,충청북도 진천군,1
1546,상업고등학교,진천상업고등학교,충청북도 진천군,0
1547,체육고등학교,충북체육고등학교,충청북도 진천군,0
1548,농림업고등학교,한국바이오마이스터고등학교,충청북도 진천군,0
1549,일반고등학교,괴산고등학교,충청북도 괴산군,0
1550,일반고등학교,목도고등학교,충청북도 괴산군,0
1551,일반고등학교,대금고등학교,충청북도 음성군,0
1552,일반고등학교,매괴고등학교,충청북도 음성군,0
1553,일반고등학교,음성고등학교,충청북도 음성군,0
1554,공업고등학교,충북반도체고등학교,충청북도 음성군,0
1555,일반고등학교,단양고등학교,충청북도 단양군,0
1556,가사고등학교,한국호텔관광고등학교,충청북도 단양군,0
1557,공업고등학교,증평공업고등학교,충청북도 증평군,0
1558,상업고등학교,증평정보고등학교,충청북도 증평군,0
1559,일반고등학교,형석고등학교,충청북도 증평군,1
1560,일반고등학교,목천고등학교,충청남도 천안시,0
1561,가사고등학교,병천고등학교,충청남도 천안시,0
1562,일반고등학교,복자여자고등학교,충청남도 천안시,3
1563,일반고등학교,북일고등학교,충청남도 천안시,16
1564,일반고등학교,북일여자고등학교,충청남도 천안시,2
1565,일반고등학교,성환고등학교,충청남도 천안시,0
1566,일반고등학교,천안고등학교,충청남도 천안시,4
1567,공업고등학교,천안공업고등학교,충청남도 천안시,0
1568,일반고등학교,천안두정고등학교,충청남도 천안시,0
1569,일반고등학교,천안불당고등학교,충청남도 천안시,0
1570,상업고등학교,천안상업고등학교,충청남도 천안시,0
1571,일반고등학교,천안신당고등학교,충청남도 천안시,0
1572,일반고등학교,천안쌍용고등학교,충청남도 천안시,1
1573,일반고등학교,천안업성고등학교,충청남도 천안시,0
1574,일반고등학교,천안여자고등학교,충청남도 천안시,0
1575,상업고등학교,천안여자상업고등학교,충청남도 천안시,0
1576,일반고등학교,천안오성고등학교,충청남도 천안시,0
1577,일반고등학교,천안월봉고등학교,충청남도 천안시,1
1578,농림업고등학교,천안제일고등학교,충청남도 천안시,0
1579,일반고등학교,천안중앙고등학교,충청남도 천안시,1
1580,일반고등학교,천안청수고등학교,충청남도 천안시,0
1581,예술고등학교,충남예술고등학교,충청남도 천안시,2
1582,일반고등학교,한마음고등학교,충청남도 천안시,0
1583,일반고등학교,공주고등학교,충청남도 공주시,1
1584,일반고등학교,공주금성여자고등학교,충청남도 공주시,0
1585,일반고등학교,공주대학교사범대학부설고등학교,충청남도 공주시,15
1586,공업고등학교,공주마이스터고등학교,충청남도 공주시,0
1587,농림업고등학교,공주생명과학고등학교,충청남도 공주시,0
1588,일반고등학교,공주여자고등학교,충청남도 공주시,0
1589,일반고등학교,공주영명고등학교,충청남도 공주시,0
1590,상업고등학교,공주정보고등학교,충청남도 공주시,0
1591,과학고등학교,충남과학고등학교,충청남도 공주시,5
1592,일반고등학교,한일고등학교,충청남도 공주시,21
1593,일반고등학교,대천고등학교,충청남도 보령시,0
1594,일반고등학교,대천여자고등학교,충청남도 보령시,1
1595,상업고등학교,대천여자상업고등학교,충청남도 보령시,0
1596,일반고등학교,웅천고등학교,충청남도 보령시,0
1597,농림업고등학교,주산산업고등학교,충청남도 보령시,0
1598,수산고등학교,충남해양과학고등학교,충청남도 보령시,0
1599,일반고등학교,배방고등학교,충청남도 아산시,0
1600,일반고등학교,설화고등학교,충청남도 아산시,0
1601,일반고등학교,아산고등학교,충청남도 아산시,0
1602,공업고등학교,아산전자기계고등학교,충청남도 아산시,0
1603,일반고등학교,온양고등학교,충청남도 아산시,1
1604,일반고등학교,온양여자고등학교,충청남도 아산시,1
1605,일반고등학교,온양용화고등학교,충청남도 아산시,0
1606,일반고등학교,온양한올고등학교,충청남도 아산시,0
1607,일반고등학교,충남삼성고등학교,충청남도 아산시,9
1608,외국어고등학교,충남외국어고등학교,충청남도 아산시,1
1609,일반고등학교,대산고등학교,충청남도 서산시,1
1610,일반고등학교,부석고등학교,충청남도 서산시,0
1611,일반고등학교,서령고등학교,충청남도 서산시,1
1612,일반고등학교,서산고등학교,충청남도 서산시,0
1613,공업고등학교,서산공업고등학교,충청남도 서산시,0
1614,일반고등학교,서산여자고등학교,충청남도 서산시,0
1615,농림업고등학교,서산중앙고등학교,충청남도 서산시,0
1616,일반고등학교,서일고등학교,충청남도 서산시,2
1617,일반고등학교,강경고등학교,충청남도 논산시,0
1618,상업고등학교,강경상업고등학교,충청남도 논산시,0
1619,일반고등학교,건양대학교병설건양고등학교,충청남도 논산시,1
1620,일반고등학교,논산고등학교,충청남도 논산시,1
1621,공업고등학교,논산공업고등학교,충청남도 논산시,0
1622,일반고등학교,논산대건고등학교,충청남도 논산시,3
1623,일반고등학교,논산여자고등학교,충청남도 논산시,0
1624,상업고등학교,논산여자상업고등학교,충청남도 논산시,0
1625,일반고등학교,쌘뽈여자고등학교,충청남도 논산시,0
1626,일반고등학교,연무고등학교,충청남도 논산시,1
1627,공업고등학교,연무대기계공업고등학교,충청남도 논산시,0
1628,상업고등학교,충남인터넷고등학교,충청남도 논산시,0
1629,체육고등학교,충남체육고등학교,충청남도 논산시,0
1630,일반고등학교,계룡고등학교,충청남도 계룡시,0
1631,일반고등학교,용남고등학교,충청남도 계룡시,2
1632,일반고등학교,금산고등학교,충청남도 금산군,1
1633,농림업고등학교,금산산업고등학교,충청남도 금산군,0
1634,일반고등학교,금산여자고등학교,충청남도 금산군,0
1635,공업고등학교,금산하이텍고등학교,충청남도 금산군,0
1636,일반고등학교,부여고등학교,충청남도 부여군,0
1637,일반고등학교,부여여자고등학교,충청남도 부여군,0
1638,공업고등학교,부여전자고등학교,충청남도 부여군,0
1639,상업고등학교,부여정보고등학교,충청남도 부여군,0
1640,농림업고등학교,한국식품마이스터고등학교,충청남도 부여군,0
1641,일반고등학교,공동체비전고등학교,충청남도 서천군,0
1642,일반고등학교,서천고등학교,충청남도 서천군,0
1643,일반고등학교,서천여자고등학교,충청남도 서천군,1
1644,상업고등학교,서천여자정보고등학교,충청남도 서천군,0
1645,일반고등학교,장항고등학교,충청남도 서천군,0
1646,예술고등학교,충남디자인예술고등학교,충청남도 서천군,0
1647,공업고등학교,충남조선공업고등학교,충청남도 서천군,0
1648,일반고등학교,정산고등학교,충청남도 청양군,0
1649,농림업고등학교,청양고등학교,충청남도 청양군,0
1650,일반고등학교,갈산고등학교,충청남도 홍성군,0
1651,일반고등학교,광천고등학교,충청남도 홍성군,0
1652,상업고등학교,광천제일고등학교,충청남도 홍성군,0
1653,일반고등학교,서해삼육고등학교,충청남도 홍성군,0
1654,일반고등학교,홍성고등학교,충청남도 홍성군,1
1655,공업고등학교,홍성공업고등학교,충청남도 홍성군,0
1656,일반고등학교,홍성여자고등학교,충청남도 홍성군,1
1657,일반고등학교,홍주고등학교,충청남도 홍성군,1
1658,일반고등학교,대흥고등학교,충청남도 예산군,0
1659,일반고등학교,덕산고등학교,충청남도 예산군,0
1660,일반고등학교,삽교고등학교,충청남도 예산군,0
1661,일반고등학교,예산고등학교,충청남도 예산군,1
1662,일반고등학교,예산여자고등학교,충청남도 예산군,0
1663,상업고등학교,예산예화여자고등학교,충청남도 예산군,0
1664,공업고등학교,예산전자공업고등학교,충청남도 예산군,0
1665,일반고등학교,만리포고등학교,충청남도 태안군,0
1666,일반고등학교,안면고등학교,충청남도 태안군,0
1667,일반고등학교,태안고등학교,충청남도 태안군,0
1668,일반고등학교,태안여자고등학교,충청남도 태안군,0
1669,일반고등학교,당진고등학교,충청남도 당진시,0
1670,상업고등학교,당진정보고등학교,충청남도 당진시,0
1671,일반고등학교,서야고등학교,충청남도 당진시,0
1672,일반고등학교,송악고등학교,충청남도 당진시,0
1673,일반고등학교,신평고등학교,충청남도 당진시,0
1674,일반고등학교,합덕여자고등학교,충청남도 당진시,0
1675,공업고등학교,합덕제철고등학교,충청남도 당진시,0
1676,일반고등학교,호서고등학교,충청남도 당진시,0
1677,일반고등학교,동암고등학교,전라북도 전주시,2
1678,일반고등학교,상산고등학교,전라북도 전주시,47
1679,일반고등학교,양현고등학교,전라북도 전주시,0
1680,일반고등학교,완산고등학교,전라북도 전주시,1
1681,상업고등학교,완산여자고등학교,전라북도 전주시,0
1682,일반고등학교,우석고등학교,전라북도 전주시,1
1683,일반고등학교,유일여자고등학교,전라북도 전주시,0
1684,일반고등학교,전라고등학교,전라북도 전주시,1
1685,일반고등학교,전북대학교사범대학부설고등학교,전라북도 전주시,1
1686,일반고등학교,전북여자고등학교,전라북도 전주시,0
1687,일반고등학교,전일고등학교,전라북도 전주시,1
1688,일반고등학교,전주고등학교,전라북도 전주시,2
1689,공업고등학교,전주공업고등학교,전라북도 전주시,0
1690,일반고등학교,전주근영여자고등학교,전라북도 전주시,0
1691,일반고등학교,전주기전여자고등학교,전라북도 전주시,1
1692,일반고등학교,전주대학교사범대학부설고등학교,전라북도 전주시,0
1693,상업고등학교,전주상업정보고등학교,전라북도 전주시,0
1694,농림업고등학교,전주생명과학고등학교,전라북도 전주시,0
1695,일반고등학교,전주성심여자고등학교,전라북도 전주시,0
1696,일반고등학교,전주솔내고등학교,전라북도 전주시,0
1697,일반고등학교,전주신흥고등학교,전라북도 전주시,1
1698,일반고등학교,전주여자고등학교,전라북도 전주시,2
1699,일반고등학교,전주영생고등학교,전라북도 전주시,0
1700,일반고등학교,전주제일고등학교,전라북도 전주시,0
1701,일반고등학교,전주중앙여자고등학교,전라북도 전주시,1
1702,일반고등학교,전주한일고등학교,전라북도 전주시,0
1703,일반고등학교,전주해성고등학교,전라북도 전주시,0
1704,일반고등학교,한국전통문화고등학교,전라북도 전주시,1
1705,일반고등학교,호남제일고등학교,전라북도 전주시,1
1706,일반고등학교,군산고등학교,전라북도 군산시,1
1707,공업고등학교,군산기계공업고등학교,전라북도 군산시,0
1708,일반고등학교,군산동고등학교,전라북도 군산시,0
1709,상업고등학교,군산상업고등학교,전라북도 군산시,0
1710,일반고등학교,군산여자고등학교,전라북도 군산시,1
1711,상업고등학교,군산여자상업고등학교,전라북도 군산시,0
1712,일반고등학교,군산영광여자고등학교,전라북도 군산시,0
1713,일반고등학교,군산제일고등학교,전라북도 군산시,2
1714,일반고등학교,군산중앙고등학교,전라북도 군산시,0
1715,일반고등학교,군산중앙여자고등학교,전라북도 군산시,0
1716,외국어고등학교,전북외국어고등학교,전라북도 군산시,2
1717,일반고등학교,한들고등학교,전라북도 군산시,0
1718,일반고등학교,남성고등학교,전라북도 익산시,4
1719,일반고등학교,성일고등학교,전라북도 익산시,0
1720,일반고등학교,여산고등학교,전라북도 익산시,0
1721,일반고등학교,원광고등학교,전라북도 익산시,0
1722,일반고등학교,원광여자고등학교,전라북도 익산시,1
1723,일반고등학교,원광정보예술고등학교,전라북도 익산시,0
1724,일반고등학교,이리고등학교,전라북도 익산시,2
1725,공업고등학교,이리공업고등학교,전라북도 익산시,0
1726,일반고등학교,이리남성여자고등학교,전라북도 익산시,1
1727,일반고등학교,이리여자고등학교,전라북도 익산시,0
1728,일반고등학교,이일여자고등학교,전라북도 익산시,0
1729,일반고등학교,익산고등학교,전라북도 익산시,4
1730,과학고등학교,전북과학고등학교,전라북도 익산시,4
1731,공업고등학교,전북기계공업고등학교,전라북도 익산시,0
1732,일반고등학교,전북제일고등학교,전라북도 익산시,0
1733,상업고등학교,진경여자고등학교,전라북도 익산시,0
1734,일반고등학교,함열고등학교,전라북도 익산시,0
1735,일반고등학교,함열여자고등학교,전라북도 익산시,0
1736,일반고등학교,배영고등학교,전라북도 정읍시,0
1737,일반고등학교,서영여자고등학교,전라북도 정읍시,0
1738,일반고등학교,신태인고등학교,전라북도 정읍시,0
1739,일반고등학교,왕신여자고등학교,전라북도 정읍시,0
1740,일반고등학교,인상고등학교,전라북도 정읍시,0
1741,일반고등학교,정읍고등학교,전라북도 정읍시,0
1742,일반고등학교,정읍여자고등학교,전라북도 정읍시,0
1743,농림업고등학교,정읍제일고등학교,전라북도 정읍시,0
1744,일반고등학교,정주고등학교,전라북도 정읍시,0
1745,공업고등학교,칠보고등학교,전라북도 정읍시,0
1746,일반고등학교,태인고등학교,전라북도 정읍시,0
1747,가사고등학교,학산고등학교,전라북도 정읍시,0
1748,일반고등학교,호남고등학교,전라북도 정읍시,1
1749,일반고등학교,남원고등학교,전라북도 남원시,0
1750,일반고등학교,남원국악예술고등학교,전라북도 남원시,0
1751,일반고등학교,남원서진여자고등학교,전라북도 남원시,0
1752,일반고등학교,남원여자고등학교,전라북도 남원시,0
1753,농림업고등학교,남원용성고등학교,전라북도 남원시,0
1754,가사고등학교,남원제일고등학교,전라북도 남원시,0
1755,일반고등학교,성원고등학교,전라북도 남원시,0
1756,일반고등학교,인월고등학교,전라북도 남원시,0
1757,농림업고등학교,한국경마축산고등학교,전라북도 남원시,0
1758,일반고등학교,김제고등학교,전라북도 김제시,0
1759,농림업고등학교,김제농생명마이스터고등학교,전라북도 김제시,0
1760,일반고등학교,김제서고등학교,전라북도 김제시,0
1761,일반고등학교,김제여자고등학교,전라북도 김제시,0
1762,일반고등학교,덕암고등학교,전라북도 김제시,0
1763,상업고등학교,덕암정보고등학교,전라북도 김제시,0
1764,일반고등학교,동국대학교사범대학부속금산고등학교,전라북도 김제시,0
1765,일반고등학교,만경고등학교,전라북도 김제시,0
1766,일반고등학교,만경여자고등학교,전라북도 김제시,0
1767,일반고등학교,지평선고등학교,전라북도 김제시,0
1768,일반고등학교,고산고등학교,전라북도 완주군,0
1769,공업고등학교,삼례공업고등학교,전라북도 완주군,0
1770,일반고등학교,세인고등학교,전라북도 완주군,0
1771,일반고등학교,완주고등학교,전라북도 완주군,0
1772,체육고등학교,전북체육고등학교,전라북도 완주군,0
1773,예술고등학교,전주예술고등학교,전라북도 완주군,0
1774,공업고등학교,한국게임과학고등학교,전라북도 완주군,0
1775,일반고등학교,한별고등학교,전라북도 완주군,0
1776,일반고등학교,마령고등학교,전라북도 진안군,0
1777,일반고등학교,안천고등학교,전라북도 진안군,0
1778,공업고등학교,진안공업고등학교,전라북도 진안군,0
1779,일반고등학교,진안제일고등학교,전라북도 진안군,0
1780,농림업고등학교,한국한방고등학교,전라북도 진안군,0
1781,일반고등학교,무주고등학교,전라북도 무주군,0
1782,일반고등학교,무풍고등학교,전라북도 무주군,0
1783,일반고등학교,설천고등학교,전라북도 무주군,0
1784,일반고등학교,안성고등학교,전라북도 무주군,0
1785,일반고등학교,푸른꿈고등학교,전라북도 무주군,0
1786,일반고등학교,백화여자고등학교,전라북도 장수군,0
1787,일반고등학교,산서고등학교,전라북도 장수군,0
1788,공업고등학교,장계공업고등학교,전라북도 장수군,0
1789,일반고등학교,장수고등학교,전라북도 장수군,0
1790,일반고등학교,한국마사고등학교,전라북도 장수군,0
1791,공업고등학교,오수고등학교,전라북도 임실군,0
1792,일반고등학교,임실고등학교,전라북도 임실군,0
1793,농림업고등학교,한국치즈과학고등학교,전라북도 임실군,0
1794,일반고등학교,동계고등학교,전라북도 순창군,0
1795,일반고등학교,순창고등학교,전라북도 순창군,0
1796,일반고등학교,순창제일고등학교,전라북도 순창군,1
1797,공업고등학교,강호항공고등학교,전라북도 고창군,0
1798,일반고등학교,고창고등학교,전라북도 고창군,0
1799,일반고등학교,고창북고등학교,전라북도 고창군,1
1800,일반고등학교,고창여자고등학교,전라북도 고창군,0
1801,일반고등학교,영선고등학교,전라북도 고창군,0
1802,일반고등학교,해리고등학교,전라북도 고창군,0
1803,일반고등학교,백산고등학교,전라북도 부안군,0
1804,일반고등학교,부안고등학교,전라북도 부안군,0
1805,일반고등학교,부안여자고등학교,전라북도 부안군,0
1806,농림업고등학교,부안제일고등학교,전라북도 부안군,0
1807,일반고등학교,서림고등학교,전라북도 부안군,0
1808,일반고등학교,위도고등학교,전라북도 부안군,0
1809,공업고등학교,줄포자동차공업고등학교,전라북도 부안군,0
1810,일반고등학교,목상고등학교,전라남도 목포시,0
1811,일반고등학교,목포고등학교,전라남도 목포시,1
1812,공업고등학교,목포공업고등학교,전라남도 목포시,0
1813,일반고등학교,목포덕인고등학교,전라남도 목포시,2
1814,일반고등학교,목포마리아회고등학교,전라남도 목포시,0
1815,상업고등학교,목포성신고등학교,전라남도 목포시,0
1816,일반고등학교,목포여자고등학교,전라남도 목포시,0
1817,상업고등학교,목포여자상업고등학교,전라남도 목포시,0
1818,일반고등학교,목포정명여자고등학교,전라남도 목포시,1
1819,일반고등학교,목포제일여자고등학교,전라남도 목포시,0
1820,상업고등학교,목포중앙고등학교,전라남도 목포시,0
1821,일반고등학교,목포혜인여자고등학교,전라남도 목포시,0
1822,일반고등학교,목포홍일고등학교,전라남도 목포시,3
1823,일반고등학교,문태고등학교,전라남도 목포시,0
1824,일반고등학교,영흥고등학교,전라남도 목포시,2
1825,일반고등학교,부영여자고등학교,전라남도 여수시,0
1826,일반고등학교,여남고등학교,전라남도 여수시,0
1827,일반고등학교,여수고등학교,전라남도 여수시,2
1828,공업고등학교,여수공업고등학교,전라남도 여수시,0
1829,공업고등학교,여수석유화학고등학교,전라남도 여수시,0
1830,일반고등학교,여수여자고등학교,전라남도 여수시,0
1831,상업고등학교,여수정보과학고등학교,전라남도 여수시,0
1832,일반고등학교,여수중앙여자고등학교,전라남도 여수시,0
1833,일반고등학교,여수충무고등학교,전라남도 여수시,0
1834,수산고등학교,여수해양과학고등학교,전라남도 여수시,0
1835,일반고등학교,여수화양고등학교,전라남도 여수시,0
1836,일반고등학교,여양고등학교,전라남도 여수시,0
1837,일반고등학교,여천고등학교,전라남도 여수시,0
1838,상업고등학교,진성여자고등학교,전라남도 여수시,0
1839,일반고등학교,한영고등학교,전라남도 여수시,2
1840,일반고등학교,순천강남여자고등학교,전라남도 순천시,1
1841,일반고등학교,순천고등학교,전라남도 순천시,1
1842,공업고등학교,순천공업고등학교,전라남도 순천시,0
1843,일반고등학교,순천금당고등학교,전라남도 순천시,1
1844,일반고등학교,순천매산고등학교,전라남도 순천시,1
1845,일반고등학교,순천매산여자고등학교,전라남도 순천시,2
1846,일반고등학교,순천복성고등학교,전라남도 순천시,1
1847,일반고등학교,순천여자고등학교,전라남도 순천시,1
1848,공업고등학교,순천전자고등학교,전라남도 순천시,0
1849,일반고등학교,순천제일고등학교,전라남도 순천시,0
1850,상업고등학교,순천청암고등학교,전라남도 순천시,0
1851,일반고등학교,순천팔마고등학교,전라남도 순천시,2
1852,상업고등학교,순천효산고등학교,전라남도 순천시,0
1853,일반고등학교,순천효천고등학교,전라남도 순천시,1
1854,체육고등학교,한국바둑고등학교,전라남도 순천시,0
1855,일반고등학교,광남고등학교,전라남도 나주시,0
1856,일반고등학교,금성고등학교,전라남도 나주시,0
1857,일반고등학교,나주고등학교,전라남도 나주시,0
1858,공업고등학교,나주공업고등학교,전라남도 나주시,0
1859,상업고등학교,나주상업고등학교,전라남도 나주시,0
1860,일반고등학교,봉황고등학교,전라남도 나주시,0
1861,일반고등학교,영산고등학교,전라남도 나주시,0
1862,과학고등학교,전남과학고등학교,전라남도 나주시,2
1863,실업고등학교,전남미용고등학교,전라남도 나주시,0
1864,외국어고등학교,전남외국어고등학교,전라남도 나주시,2
1865,농림업고등학교,호남원예고등학교,전라남도 나주시,0
1866,일반고등학교,광양고등학교,전라남도 광양시,0
1867,일반고등학교,광양백운고등학교,전라남도 광양시,0
1868,일반고등학교,광양여자고등학교,전라남도 광양시,0
1869,일반고등학교,광양제철고등학교,전라남도 광양시,6
1870,농림업고등학교,광양하이텍고등학교,전라남도 광양시,0
1871,일반고등학교,광영고등학교,전라남도 광양시,0
1872,일반고등학교,중마고등학교,전라남도 광양시,0
1873,상업고등학교,한국항만물류고등학교,전라남도 광양시,0
1874,일반고등학교,담양고등학교,전라남도 담양군,1
1875,공업고등학교,담양공업고등학교,전라남도 담양군,0
1876,일반고등학교,창평고등학교,전라남도 담양군,3
1877,일반고등학교,한빛고등학교,전라남도 담양군,1
1878,일반고등학교,곡성고등학교,전라남도 곡성군,0
1879,일반고등학교,옥과고등학교,전라남도 곡성군,0
1880,실업고등학교,전남조리과학고등학교,전라남도 곡성군,0
1881,일반고등학교,한울고등학교,전라남도 곡성군,0
1882,일반고등학교,구례고등학교,전라남도 구례군,0
1883,농림업고등학교,전남자연과학고등학교,전라남도 구례군,0
1884,일반고등학교,고흥고등학교,전라남도 고흥군,0
1885,공업고등학교,고흥도화고등학교,전라남도 고흥군,0
1886,상업고등학교,고흥산업과학고등학교,전라남도 고흥군,0
1887,공업고등학교,고흥영주고등학교,전라남도 고흥군,0
1888,일반고등학교,녹동고등학교,전라남도 고흥군,0
1889,공업고등학교,다향고등학교,전라남도 보성군,0
1890,일반고등학교,벌교고등학교,전라남도 보성군,1
1891,상업고등학교,벌교상업고등학교,전라남도 보성군,0
1892,일반고등학교,벌교여자고등학교,전라남도 보성군,0
1893,일반고등학교,보성고등학교,전라남도 보성군,0
1894,일반고등학교,예당고등학교,전라남도 보성군,0
1895,일반고등학교,능주고등학교,전라남도 화순군,2
1896,공업고등학교,전남기술과학고등학교,전라남도 화순군,0
1897,일반고등학교,화순고등학교,전라남도 화순군,0
1898,일반고등학교,화순이양고등학교,전라남도 화순군,0
1899,일반고등학교,장흥고등학교,전라남도 장흥군,0
1900,일반고등학교,장흥관산고등학교,전라남도 장흥군,0
1901,공업고등학교,정남진산업고등학교,전라남도 장흥군,0
1902,농림업고등학교,한국말산업고등학교,전라남도 장흥군,0
1903,일반고등학교,강진고등학교,전라남도 강진군,0
1904,상업고등학교,병영상업고등학교,전라남도 강진군,0
1905,일반고등학교,성전고등학교,전라남도 강진군,0
1906,농림업고등학교,전남생명과학고등학교,전라남도 강진군,0
1907,상업고등학교,송지고등학교,전라남도 해남군,0
1908,일반고등학교,해남고등학교,전라남도 해남군,0
1909,공업고등학교,해남공업고등학교,전라남도 해남군,0
1910,일반고등학교,화원고등학교,전라남도 해남군,0
1911,공업고등학교,구림공업고등학교,전라남도 영암군,0
1912,일반고등학교,삼호고등학교,전라남도 영암군,0
1913,일반고등학교,영암고등학교,전라남도 영암군,1
1914,일반고등학교,영암낭주고등학교,전라남도 영암군,0
1915,일반고등학교,영암여자고등학교,전라남도 영암군,0
1916,공업고등학교,영암전자과학고등학교,전라남도 영암군,0
1917,일반고등학교,남악고등학교,전라남도 무안군,1
1918,일반고등학교,무안고등학교,전라남도 무안군,0
1919,일반고등학교,백제고등학교,전라남도 무안군,0
1920,예술고등학교,전남예술고등학교,전라남도 무안군,0
1921,체육고등학교,전남체육고등학교,전라남도 무안군,0
1922,실업고등학교,전남보건고등학교,전라남도 함평군,0
1923,일반고등학교,함평고등학교,전라남도 함평군,0
1924,체육고등학교,함평골프고등학교,전라남도 함평군,0
1925,일반고등학교,함평여자고등학교,전라남도 함평군,0
1926,일반고등학교,함평학다리고등학교,전라남도 함평군,0
1927,상업고등학교,법성고등학교,전라남도 영광군,0
1928,일반고등학교,영광고등학교,전라남도 영광군,0
1929,공업고등학교,영광공업고등학교,전라남도 영광군,0
1930,공업고등학교,영광전자고등학교,전라남도 영광군,0
1931,일반고등학교,영산성지고등학교,전라남도 영광군,0
1932,일반고등학교,해룡고등학교,전라남도 영광군,2
1933,일반고등학교,문향고등학교,전라남도 장성군,0
1934,상업고등학교,삼계고등학교,전라남도 장성군,0
1935,일반고등학교,장성고등학교,전라남도 장성군,2
1936,농림업고등학교,장성하이텍고등학교,전라남도 장성군,0
1937,일반고등학교,고금고등학교,전라남도 완도군,0
1938,일반고등학교,노화고등학교,전라남도 완도군,0
1939,일반고등학교,약산고등학교,전라남도 완도군,0
1940,일반고등학교,완도고등학교,전라남도 완도군,0
1941,일반고등학교,완도금일고등학교,전라남도 완도군,0
1942,수산고등학교,완도수산고등학교,전라남도 완도군,0
1943,일반고등학교,조도고등학교,전라남도 진도군,0
1944,일반고등학교,진도고등학교,전라남도 진도군,1
1945,예술고등학교,진도국악고등학교,전라남도 진도군,1
1946,공업고등학교,진도실업고등학교,전라남도 진도군,0
1947,일반고등학교,도초고등학교,전라남도 신안군,1
1948,수산고등학교,신안해양과학고등학교,전라남도 신안군,0
1949,상업고등학교,안좌고등학교,전라남도 신안군,0
1950,상업고등학교,임자고등학교,전라남도 신안군,0
1951,일반고등학교,지명고등학교,전라남도 신안군,0
1952,일반고등학교,하의고등학교,전라남도 신안군,0
1953,가사고등학교,경북간호고등학교,경상북도 포항시,0
1954,과학고등학교,경북과학고등학교,경상북도 포항시,0
1955,종합고등학교,기계고등학교,경상북도 포항시,0
1956,일반고등학교,대동고등학교,경상북도 포항시,1
1957,일반고등학교,동지고등학교,경상북도 포항시,1
1958,일반고등학교,동지여자고등학교,경상북도 포항시,0
1959,일반고등학교,두호고등학교,경상북도 포항시,0
1960,일반고등학교,세명고등학교,경상북도 포항시,2
1961,일반고등학교,세화고등학교,경상북도 포항시,0
1962,일반고등학교,영일고등학교,경상북도 포항시,1
1963,일반고등학교,오천고등학교,경상북도 포항시,0
1964,일반고등학교,유성여자고등학교,경상북도 포항시,0
1965,일반고등학교,포항고등학교,경상북도 포항시,2
1966,가사고등학교,포항과학기술고등학교,경상북도 포항시,0
1967,일반고등학교,포항동성고등학교,경상북도 포항시,0
1968,일반고등학교,포항여자고등학교,경상북도 포항시,0
1969,공업고등학교,포항여자전자고등학교,경상북도 포항시,0
1970,일반고등학교,포항영신고등학교,경상북도 포항시,3
1971,예술고등학교,포항예술고등학교,경상북도 포항시,0
1972,일반고등학교,포항이동고등학교,경상북도 포항시,0
1973,일반고등학교,포항장성고등학교,경상북도 포항시,1
1974,일반고등학교,포항제철고등학교,경상북도 포항시,27
1975,공업고등학교,포항제철공업고등학교,경상북도 포항시,0
1976,일반고등학교,포항중앙고등학교,경상북도 포항시,0
1977,일반고등학교,포항중앙여자고등학교,경상북도 포항시,1
1978,수산고등학교,포항해양과학고등학교,경상북도 포항시,0
1979,공업고등학교,포항흥해공업고등학교,경상북도 포항시,0
1980,상업고등학교,감포고등학교,경상북도 경주시,0
1981,일반고등학교,경주고등학교,경상북도 경주시,5
1982,공업고등학교,경주공업고등학교,경상북도 경주시,0
1983,공업고등학교,경주디자인고등학교,경상북도 경주시,0
1984,상업고등학교,경주마케팅고등학교,경상북도 경주시,0
1985,일반고등학교,경주여자고등학교,경상북도 경주시,0
1986,가사고등학교,경주여자정보고등학교,경상북도 경주시,0
1987,상업고등학교,경주정보고등학교,경상북도 경주시,0
1988,일반고등학교,경주화랑고등학교,경상북도 경주시,0
1989,일반고등학교,계림고등학교,경상북도 경주시,0
1990,일반고등학교,근화여자고등학교,경상북도 경주시,0
1991,일반고등학교,무산고등학교,경상북도 경주시,0
1992,일반고등학교,문화고등학교,경상북도 경주시,1
1993,가사고등학교,삼성생활예술고등학교,경상북도 경주시,0
1994,일반고등학교,선덕여자고등학교,경상북도 경주시,0
1995,일반고등학교,신라고등학교,경상북도 경주시,0
1996,공업고등학교,신라공업고등학교,경상북도 경주시,0
1997,일반고등학교,안강여자고등학교,경상북도 경주시,0
1998,공업고등학교,안강전자고등학교,경상북도 경주시,0
1999,가사고등학교,효청보건고등학교,경상북도 경주시,0
2000,공업고등학교,경북과학기술고등학교,경상북도 김천시,0
2001,일반고등학교,김천고등학교,경상북도 김천시,8
2002,상업고등학교,김천상업고등학교,경상북도 김천시,0
2003,농림업고등학교,김천생명과학고등학교,경상북도 김천시,0
2004,일반고등학교,김천여자고등학교,경상북도 김천시,0
2005,예술고등학교,김천예술고등학교,경상북도 김천시,2
2006,일반고등학교,김천중앙고등학교,경상북도 김천시,0
2007,일반고등학교,성의고등학교,경상북도 김천시,1
2008,일반고등학교,성의여자고등학교,경상북도 김천시,0
2009,일반고등학교,율곡고등학교,경상북도 김천시,0
2010,일반고등학교,한일여자고등학교,경상북도 김천시,0
2011,공업고등학교,경북하이텍고등학교,경상북도 안동시,0
2012,일반고등학교,경안고등학교,경상북도 안동시,0
2013,일반고등학교,경안여자고등학교,경상북도 안동시,1
2014,일반고등학교,경일고등학교,경상북도 안동시,0
2015,일반고등학교,길원여자고등학교,경상북도 안동시,0
2016,일반고등학교,성창여자고등학교,경상북도 안동시,0
2017,일반고등학교,성희여자고등학교,경상북도 안동시,0
2018,일반고등학교,안동고등학교,경상북도 안동시,1
2019,일반고등학교,안동여자고등학교,경상북도 안동시,0
2020,일반고등학교,안동중앙고등학교,경상북도 안동시,0
2021,일반고등학교,영문고등학교,경상북도 안동시,0
2022,일반고등학교,풍산고등학교,경상북도 안동시,5
2023,농림업고등학교,한국생명과학고등학교,경상북도 안동시,0
2024,일반고등학교,경구고등학교,경상북도 구미시,0
2025,가사고등학교,경북생활과학고등학교,경상북도 구미시,0
2026,외국어고등학교,경북외국어고등학교,경상북도 구미시,4
2027,일반고등학교,구미고등학교,경상북도 구미시,1
2028,일반고등학교,구미여자고등학교,경상북도 구미시,0
2029,상업고등학교,구미여자상업고등학교,경상북도 구미시,0
2030,공업고등학교,구미전자공업고등학교,경상북도 구미시,0
2031,상업고등학교,구미정보고등학교,경상북도 구미시,0
2032,일반고등학교,금오고등학교,경상북도 구미시,0
2033,공업고등학교,금오공업고등학교,경상북도 구미시,0
2034,일반고등학교,금오여자고등학교,경상북도 구미시,0
2035,일반고등학교,도개고등학교,경상북도 구미시,0
2036,일반고등학교,사곡고등학교,경상북도 구미시,0
2037,일반고등학교,상모고등학교,경상북도 구미시,0
2038,일반고등학교,선산고등학교,경상북도 구미시,0
2039,일반고등학교,선주고등학교,경상북도 구미시,0
2040,일반고등학교,오상고등학교,경상북도 구미시,2
2041,일반고등학교,인동고등학교,경상북도 구미시,0
2042,일반고등학교,현일고등학교,경상북도 구미시,2
2043,일반고등학교,형곡고등학교,경상북도 구미시,0
2044,공업고등학교,경북항공고등학교,경상북도 영주시,0
2045,일반고등학교,대영고등학교,경상북도 영주시,0
2046,일반고등학교,선영여자고등학교,경상북도 영주시,0
2047,일반고등학교,영광고등학교,경상북도 영주시,0
2048,일반고등학교,영광여자고등학교,경상북도 영주시,1
2049,일반고등학교,영주고등학교,경상북도 영주시,0
2050,가사고등학교,영주동산고등학교,경상북도 영주시,0
2051,일반고등학교,영주여자고등학교,경상북도 영주시,0
2052,일반고등학교,영주제일고등학교,경상북도 영주시,1
2053,농림업고등학교,경북식품과학마이스터고등학교,경상북도 영천시,0
2054,공업고등학교,금호공업고등학교,경상북도 영천시,0
2055,일반고등학교,선화여자고등학교,경상북도 영천시,2
2056,일반고등학교,영동고등학교,경상북도 영천시,1
2057,일반고등학교,영천고등학교,경상북도 영천시,0
2058,일반고등학교,영천성남여자고등학교,경상북도 영천시,0
2059,일반고등학교,영천여자고등학교,경상북도 영천시,1
2060,공업고등학교,영천전자고등학교,경상북도 영천시,0
2061,일반고등학교,포은고등학교,경상북도 영천시,0
2062,공업고등학교,상산전자고등학교,경상북도 상주시,0
2063,일반고등학교,상주고등학교,경상북도 상주시,1
2064,공업고등학교,상주공업고등학교,경상북도 상주시,0
2065,일반고등학교,상주여자고등학교,경상북도 상주시,1
2066,가사고등학교,상지여자상업고등학교,경상북도 상주시,0
2067,농림업고등학교,용운고등학교,경상북도 상주시,0
2068,일반고등학교,우석여자고등학교,경상북도 상주시,1
2069,일반고등학교,중모고등학교,경상북도 상주시,0
2070,일반고등학교,함창고등학교,경상북도 상주시,0
2071,일반고등학교,화령고등학교,경상북도 상주시,0
2072,일반고등학교,가은고등학교,경상북도 문경시,0
2073,가사고등학교,경북조리과학고등학교,경상북도 문경시,0
2074,공업고등학교,문경공업고등학교,경상북도 문경시,0
2075,일반고등학교,문경여자고등학교,경상북도 문경시,1
2076,일반고등학교,문창고등학교,경상북도 문경시,0
2077,일반고등학교,점촌고등학교,경상북도 문경시,2
2078,공업고등학교,경북기계금속고등학교,경상북도 경산시,0
2079,체육고등학교,경북체육고등학교,경상북도 경산시,0
2080,일반고등학교,경산고등학교,경상북도 경산시,0
2081,과학고등학교,경산과학고등학교,경상북도 경산시,2
2082,일반고등학교,경산여자고등학교,경상북도 경산시,1
2083,상업고등학교,경산여자상업고등학교,경상북도 경산시,0
2084,일반고등학교,대구가톨릭대학교사범대학부속무학고등학교,경상북도 경산시,1
2085,일반고등학교,문명고등학교,경상북도 경산시,0
2086,일반고등학교,사동고등학교,경상북도 경산시,0
2087,일반고등학교,영남삼육고등학교,경상북도 경산시,0
2088,일반고등학교,진량고등학교,경상북도 경산시,0
2089,일반고등학교,하양여자고등학교,경상북도 경산시,0
2090,일반고등학교,군위고등학교,경상북도 군위군,1
2091,일반고등학교,효령고등학교,경상북도 군위군,0
2092,일반고등학교,금성고등학교,경상북도 의성군,0
2093,상업고등학교,금성여자상업고등학교,경상북도 의성군,0
2094,상업고등학교,봉양정보고등학교,경상북도 의성군,0
2095,일반고등학교,안계고등학교,경상북도 의성군,0
2096,일반고등학교,의성고등학교,경상북도 의성군,0
2097,공업고등학교,의성공업고등학교,경상북도 의성군,0
2098,일반고등학교,의성여자고등학교,경상북도 의성군,0
2099,일반고등학교,진보고등학교,경상북도 청송군,0
2100,일반고등학교,청송고등학교,경상북도 청송군,0
2101,일반고등학교,청송여자고등학교,경상북도 청송군,0
2102,공업고등학교,청송자동차고등학교,경상북도 청송군,0
2103,일반고등학교,현서고등학교,경상북도 청송군,0
2104,일반고등학교,수비고등학교,경상북도 영양군,0
2105,일반고등학교,영양고등학교,경상북도 영양군,0
2106,일반고등학교,영양여자고등학교,경상북도 영양군,1
2107,상업고등학교,강구정보고등학교,경상북도 영덕군,0
2108,일반고등학교,영덕고등학교,경상북도 영덕군,0
2109,일반고등학교,영덕여자고등학교,경상북도 영덕군,0
2110,일반고등학교,영해고등학교,경상북도 영덕군,0
2111,일반고등학교,금천고등학교,경상북도 청도군,0
2112,일반고등학교,모계고등학교,경상북도 청도군,0
2113,일반고등학교,이서고등학교,경상북도 청도군,1
2114,일반고등학교,청도고등학교,경상북도 청도군,1
2115,공업고등학교,청도전자고등학교,경상북도 청도군,0
2116,가사고등학교,고령고등학교,경상북도 고령군,0
2117,일반고등학교,대가야고등학교,경상북도 고령군,1
2118,상업고등학교,명인정보고등학교,경상북도 성주군,0
2119,일반고등학교,성주고등학교,경상북도 성주군,2
2120,일반고등학교,성주여자고등학교,경상북도 성주군,0
2121,일반고등학교,동명고등학교,경상북도 칠곡군,0
2122,일반고등학교,북삼고등학교,경상북도 칠곡군,0
2123,일반고등학교,석적고등학교,경상북도 칠곡군,0
2124,일반고등학교,순심고등학교,경상북도 칠곡군,1
2125,일반고등학교,순심여자고등학교,경상북도 칠곡군,1
2126,일반고등학교,약목고등학교,경상북도 칠곡군,0
2127,공업고등학교,칠곡고등학교,경상북도 칠곡군,0
2128,일반고등학교,감천고등학교,경상북도 예천군,0
2129,일반고등학교,경북일고등학교,경상북도 예천군,0
2130,일반고등학교,대창고등학교,경상북도 예천군,0
2131,일반고등학교,예천여자고등학교,경상북도 예천군,0
2132,상업고등학교,경북인터넷고등학교,경상북도 봉화군,0
2133,일반고등학교,봉화고등학교,경상북도 봉화군,0
2134,일반고등학교,소천고등학교,경상북도 봉화군,0
2135,농림업고등학교,한국산림과학고등학교,경상북도 봉화군,1
2136,일반고등학교,울진고등학교,경상북도 울진군,0
2137,일반고등학교,죽변고등학교,경상북도 울진군,0
2138,상업고등학교,평해정보고등학교,경상북도 울진군,0
2139,공업고등학교,한국원자력마이스터고등학교,경상북도 울진군,0
2140,일반고등학교,후포고등학교,경상북도 울진군,0
2141,수산고등학교,울릉고등학교,경상북도 울릉군,0
2142,상업고등학교,경남관광고등학교,경상남도 창원시,0
2143,일반고등학교,경상고등학교,경상남도 창원시,0
2144,일반고등학교,마산가포고등학교,경상남도 창원시,0
2145,일반고등학교,마산고등학교,경상남도 창원시,0
2146,공업고등학교,마산공업고등학교,경상남도 창원시,0
2147,일반고등학교,마산구암고등학교,경상남도 창원시,0
2148,일반고등학교,마산내서여자고등학교,경상남도 창원시,0
2149,일반고등학교,마산무학여자고등학교,경상남도 창원시,0
2150,일반고등학교,마산삼진고등학교,경상남도 창원시,0
2151,일반고등학교,마산여자고등학교,경상남도 창원시,1
2152,일반고등학교,마산용마고등학교,경상남도 창원시,0
2153,일반고등학교,마산제일고등학교,경상남도 창원시,1
2154,일반고등학교,마산제일여자고등학교,경상남도 창원시,1
2155,일반고등학교,마산중앙고등학교,경상남도 창원시,1
2156,일반고등학교,성지여자고등학교,경상남도 창원시,1
2157,일반고등학교,웅천고등학교,경상남도 창원시,0
2158,일반고등학교,진해고등학교,경상남도 창원시,2
2159,일반고등학교,진해세화여자고등학교,경상남도 창원시,0
2160,일반고등학교,진해여자고등학교,경상남도 창원시,0
2161,일반고등학교,진해용원고등학교,경상남도 창원시,1
2162,일반고등학교,진해중앙고등학교,경상남도 창원시,0
2163,일반고등학교,창신고등학교,경상남도 창원시,0
2164,일반고등학교,창원경일고등학교,경상남도 창원시,0
2165,일반고등학교,창원경일여자고등학교,경상남도 창원시,0
2166,일반고등학교,창원고등학교,경상남도 창원시,0
2167,공업고등학교,창원공업고등학교,경상남도 창원시,0
2168,과학고등학교,창원과학고등학교,경상남도 창원시,4
2169,공업고등학교,창원기계공업고등학교,경상남도 창원시,0
2170,일반고등학교,창원남고등학교,경상남도 창원시,5
2171,일반고등학교,창원남산고등학교,경상남도 창원시,1
2172,일반고등학교,창원대산고등학교,경상남도 창원시,0
2173,일반고등학교,창원대암고등학교,경상남도 창원시,1
2174,일반고등학교,창원명곡고등학교,경상남도 창원시,0
2175,일반고등학교,창원명지여자고등학교,경상남도 창원시,0
2176,일반고등학교,창원문성고등학교,경상남도 창원시,1
2177,일반고등학교,창원봉림고등학교,경상남도 창원시,0
2178,일반고등학교,창원사파고등학교,경상남도 창원시,0
2179,일반고등학교,창원성민여자고등학교,경상남도 창원시,1
2180,일반고등학교,창원신월고등학교,경상남도 창원시,0
2181,일반고등학교,창원여자고등학교,경상남도 창원시,0
2182,일반고등학교,창원용호고등학교,경상남도 창원시,0
2183,일반고등학교,창원중앙고등학교,경상남도 창원시,0
2184,일반고등학교,창원중앙여자고등학교,경상남도 창원시,0
2185,일반고등학교,창원토월고등학교,경상남도 창원시,0
2186,일반고등학교,태봉고등학교,경상남도 창원시,0
2187,공업고등학교,한일여자고등학교,경상남도 창원시,0
2188,일반고등학교,합포고등학교,경상남도 창원시,0
2189,과학고등학교,경남과학고등학교,경상남도 진주시,13
2190,예술고등학교,경남예술고등학교,경상남도 진주시,2
2191,공업고등학교,경남자동차고등학교,경상남도 진주시,0
2192,상업고등학교,경남정보고등학교,경상남도 진주시,0
2193,체육고등학교,경남체육고등학교,경상남도 진주시,0
2194,일반고등학교,경상대학교사범대학부설고등학교,경상남도 진주시,1
2195,공업고등학교,경진고등학교,경상남도 진주시,0
2196,일반고등학교,경해여자고등학교,경상남도 진주시,1
2197,일반고등학교,대곡고등학교,경상남도 진주시,0
2198,일반고등학교,대아고등학교,경상남도 진주시,1
2199,일반고등학교,명신고등학교,경상남도 진주시,0
2200,일반고등학교,삼현여자고등학교,경상남도 진주시,2
2201,상업고등학교,선명여자고등학교,경상남도 진주시,0
2202,일반고등학교,진서고등학교,경상남도 진주시,0
2203,일반고등학교,진양고등학교,경상남도 진주시,0
2204,일반고등학교,진주고등학교,경상남도 진주시,4
2205,공업고등학교,진주기계공업고등학교,경상남도 진주시,0
2206,일반고등학교,진주동명고등학교,경상남도 진주시,6
2207,일반고등학교,진주여자고등학교,경상남도 진주시,1
2208,일반고등학교,진주외국어고등학교,경상남도 진주시,0
2209,일반고등학교,진주제일여자고등학교,경상남도 진주시,1
2210,일반고등학교,진주중앙고등학교,경상남도 진주시,2
2211,일반고등학교,동원고등학교,경상남도 통영시,1
2212,일반고등학교,충렬여자고등학교,경상남도 통영시,1
2213,일반고등학교,충무고등학교,경상남도 통영시,0
2214,일반고등학교,통영고등학교,경상남도 통영시,1
2215,일반고등학교,통영여자고등학교,경상남도 통영시,1
2216,농림업고등학교,경남자영고등학교,경상남도 사천시,0
2217,일반고등학교,곤양고등학교,경상남도 사천시,0
2218,일반고등학교,사천고등학교,경상남도 사천시,0
2219,상업고등학교,사천여자고등학교,경상남도 사천시,0
2220,일반고등학교,삼천포고등학교,경상남도 사천시,0
2221,공업고등학교,삼천포공업고등학교,경상남도 사천시,0
2222,일반고등학교,삼천포여자고등학교,경상남도 사천시,0
2223,일반고등학교,삼천포중앙고등학교,경상남도 사천시,0
2224,일반고등학교,용남고등학교,경상남도 사천시,0
2225,일반고등학교,구산고등학교,경상남도 김해시,0
2226,일반고등학교,김해가야고등학교,경상남도 김해시,0
2227,공업고등학교,김해건설공업고등학교,경상남도 김해시,0
2228,일반고등학교,김해경원고등학교,경상남도 김해시,0
2229,일반고등학교,김해고등학교,경상남도 김해시,1
2230,일반고등학교,김해대청고등학교,경상남도 김해시,0
2231,일반고등학교,김해분성고등학교,경상남도 김해시,0
2232,일반고등학교,김해분성여자고등학교,경상남도 김해시,0
2233,일반고등학교,김해삼문고등학교,경상남도 김해시,0
2234,일반고등학교,김해삼방고등학교,경상남도 김해시,0
2235,농림업고등학교,김해생명과학고등학교,경상남도 김해시,0
2236,일반고등학교,김해수남고등학교,경상남도 김해시,0
2237,일반고등학교,김해여자고등학교,경상남도 김해시,0
2238,일반고등학교,김해영운고등학교,경상남도 김해시,0
2239,외국어고등학교,김해외국어고등학교,경상남도 김해시,5
2240,일반고등학교,김해율하고등학교,경상남도 김해시,0
2241,일반고등학교,김해임호고등학교,경상남도 김해시,0
2242,일반고등학교,김해제일고등학교,경상남도 김해시,1
2243,일반고등학교,김해중앙여자고등학교,경상남도 김해시,0
2244,상업고등학교,김해한일여자고등학교,경상남도 김해시,0
2245,일반고등학교,장유고등학교,경상남도 김해시,0
2246,일반고등학교,진영고등학교,경상남도 김해시,0
2247,실업고등학교,진영제일고등학교,경상남도 김해시,0
2248,일반고등학교,밀성고등학교,경상남도 밀양시,0
2249,상업고등학교,밀성제일고등학교,경상남도 밀양시,0
2250,일반고등학교,밀양고등학교,경상남도 밀양시,2
2251,일반고등학교,밀양동명고등학교,경상남도 밀양시,0
2252,일반고등학교,밀양여자고등학교,경상남도 밀양시,0
2253,공업고등학교,밀양전자고등학교,경상남도 밀양시,0
2254,일반고등학교,삼랑진고등학교,경상남도 밀양시,0
2255,일반고등학교,세종고등학교,경상남도 밀양시,1
2256,일반고등학교,거제고등학교,경상남도 거제시,2
2257,공업고등학교,거제공업고등학교,경상남도 거제시,0
2258,일반고등학교,거제상문고등학교,경상남도 거제시,0
2259,상업고등학교,거제여자상업고등학교,경상남도 거제시,0
2260,일반고등학교,거제옥포고등학교,경상남도 거제시,0
2261,일반고등학교,거제제일고등학교,경상남도 거제시,1
2262,일반고등학교,거제중앙고등학교,경상남도 거제시,0
2263,실업고등학교,경남산업고등학교,경상남도 거제시,0
2264,일반고등학교,연초고등학교,경상남도 거제시,0
2265,일반고등학교,해성고등학교,경상남도 거제시,0
2266,외국어고등학교,경남외국어고등학교,경상남도 양산시,2
2267,일반고등학교,물금고등학교,경상남도 양산시,1
2268,일반고등학교,범어고등학교,경상남도 양산시,0
2269,일반고등학교,보광고등학교,경상남도 양산시,0
2270,일반고등학교,서창고등학교,경상남도 양산시,1
2271,일반고등학교,양산고등학교,경상남도 양산시,0
2272,일반고등학교,양산남부고등학교,경상남도 양산시,0
2273,일반고등학교,양산여자고등학교,경상남도 양산시,0
2274,일반고등학교,양산제일고등학교,경상남도 양산시,5
2275,일반고등학교,웅상고등학교,경상남도 양산시,0
2276,일반고등학교,효암고등학교,경상남도 양산시,0
2277,상업고등학교,신반정보고등학교,경상남도 의령군,0
2278,일반고등학교,의령고등학교,경상남도 의령군,0
2279,일반고등학교,의령여자고등학교,경상남도 의령군,0
2280,상업고등학교,경남로봇고등학교,경상남도 함안군,0
2281,일반고등학교,군북고등학교,경상남도 함안군,0
2282,일반고등학교,명덕고등학교,경상남도 함안군,0
2283,일반고등학교,칠원고등학교,경상남도 함안군,1
2284,일반고등학교,함안고등학교,경상남도 함안군,0
2285,일반고등학교,남지고등학교,경상남도 창녕군,0
2286,일반고등학교,영산고등학교,경상남도 창녕군,0
2287,일반고등학교,창녕고등학교,경상남도 창녕군,0
2288,공업고등학교,창녕공업고등학교,경상남도 창녕군,0
2289,일반고등학교,창녕대성고등학교,경상남도 창녕군,0
2290,공업고등학교,창녕슈퍼텍고등학교,경상남도 창녕군,0
2291,일반고등학교,창녕여자고등학교,경상남도 창녕군,0
2292,일반고등학교,창녕옥야고등학교,경상남도 창녕군,0
2293,공업고등학교,경남항공고등학교,경상남도 고성군,0
2294,일반고등학교,고성고등학교,경상남도 고성군,0
2295,일반고등학교,고성중앙고등학교,경상남도 고성군,0
2296,일반고등학교,철성고등학교,경상남도 고성군,0
2297,수산고등학교,경남해양과학고등학교,경상남도 남해군,0
2298,일반고등학교,남해고등학교,경상남도 남해군,0
2299,상업고등학교,남해정보산업고등학교,경상남도 남해군,0
2300,일반고등학교,남해제일고등학교,경상남도 남해군,0
2301,일반고등학교,남해해성고등학교,경상남도 남해군,5
2302,일반고등학교,창선고등학교,경상남도 남해군,0
2303,일반고등학교,금남고등학교,경상남도 하동군,0
2304,일반고등학교,옥종고등학교,경상남도 하동군,0
2305,일반고등학교,진교고등학교,경상남도 하동군,0
2306,일반고등학교,하동고등학교,경상남도 하동군,0
2307,일반고등학교,하동여자고등학교,경상남도 하동군,0
2308,일반고등학교,간디고등학교,경상남도 산청군,0
2309,실업고등학교,경남간호고등학교,경상남도 산청군,0
2310,일반고등학교,경호고등학교,경상남도 산청군,0
2311,일반고등학교,단성고등학교,경상남도 산청군,0
2312,일반고등학교,덕산고등학교,경상남도 산청군,0
2313,일반고등학교,산청고등학교,경상남도 산청군,0
2314,일반고등학교,산청고등학교,경상남도 산청군,0
2315,일반고등학교,생초고등학교,경상남도 산청군,0
2316,일반고등학교,신등고등학교,경상남도 산청군,0
2317,일반고등학교,지리산고등학교,경상남도 산청군,0
2318,일반고등학교,서상고등학교,경상남도 함양군,0
2319,일반고등학교,안의고등학교,경상남도 함양군,0
2320,일반고등학교,함양고등학교,경상남도 함양군,0
2321,농림업고등학교,함양제일고등학교,경상남도 함양군,0
2322,일반고등학교,거창고등학교,경상남도 거창군,0
2323,공업고등학교,거창공업고등학교,경상남도 거창군,0
2324,일반고등학교,거창대성고등학교,경상남도 거창군,6
2325,일반고등학교,거창여자고등학교,경상남도 거창군,1
2326,일반고등학교,거창중앙고등학교,경상남도 거창군,0
2327,일반고등학교,대성일고등학교,경상남도 거창군,0
2328,일반고등학교,아림고등학교,경상남도 거창군,0
2329,일반고등학교,삼가고등학교,경상남도 합천군,0
2330,일반고등학교,야로고등학교,경상남도 합천군,0
2331,일반고등학교,원경고등학교,경상남도 합천군,0
2332,공업고등학교,초계고등학교,경상남도 합천군,0
2333,일반고등학교,합천고등학교,경상남도 합천군,0
2334,일반고등학교,합천여자고등학교,경상남도 합천군,0
2335,일반고등학교,남녕고등학교,제주특별자치도 제주시,4
2336,일반고등학교,대기고등학교,제주특별자치도 제주시,3
2337,일반고등학교,세화고등학교,제주특별자치도 제주시,1
2338,일반고등학교,신성여자고등학교,제주특별자치도 제주시,4
2339,일반고등학교,애월고등학교,제주특별자치도 제주시,0
2340,공업고등학교,영주고등학교,제주특별자치도 제주시,0
2341,일반고등학교,오현고등학교,제주특별자치도 제주시,2
2342,가사고등학교,제주고등학교,제주특별자치도 제주시,0
2343,과학고등학교,제주과학고등학교,제주특별자치도 제주시,1
2344,일반고등학교,제주대학교사범대학부설고등학교,제주특별자치도 제주시,4
2345,일반고등학교,제주여자고등학교,제주특별자치도 제주시,2
2346,상업고등학교,제주여자상업고등학교,제주특별자치도 제주시,0
2347,외국어고등학교,제주외국어고등학교,제주특별자치도 제주시,0
2348,일반고등학교,제주제일고등학교,제주특별자치도 제주시,4
2349,상업고등학교,제주중앙고등학교,제주특별자치도 제주시,0
2350,일반고등학교,제주중앙여자고등학교,제주특별자치도 제주시,2
2351,가사고등학교,한국뷰티고등학교,제주특별자치도 제주시,0
2352,일반고등학교,한림고등학교,제주특별자치도 제주시,0
2353,공업고등학교,한림공업고등학교,제주특별자치도 제주시,0
2354,상업고등학교,함덕고등학교,제주특별자치도 제주시,0
2355,일반고등학교,남주고등학교,제주특별자치도 서귀포시,1
2356,일반고등학교,대정고등학교,제주특별자치도 서귀포시,0
2357,일반고등학교,대정여자고등학교,제주특별자치도 서귀포시,0
2358,일반고등학교,삼성여자고등학교,제주특별자치도 서귀포시,0
2359,일반고등학교,서귀포고등학교,제주특별자치도 서귀포시,0
2360,농림업고등학교,서귀포산업과학고등학교,제주특별자치도 서귀포시,0
2361,일반고등학교,서귀포여자고등학교,제주특별자치도 서귀포시,1
2362,수산고등학교,성산고등학교,제주특별자치도 서귀포시,0
2363,가사고등학교,중문고등학교,제주특별자치도 서귀포시,0
2364,일반고등학교,표선고등학교,제주특별자치도 서귀포시,0
