,학교명주소,서울대 계수시정시	,KAIST 계수시정시,서울대 + KAIST,서울대 계수시정시
0,제주과학고등학교(특목고)제주특별자치도 제주시 오라이동,1 명1 명0 명,15 명15 명0 명,16 명,
1,신성여자고등학교(일반고)제주특별자치도 제주시 영평동,4 명4 명0 명,0 명0 명0 명,4 명,
2,남녕고등학교(일반고)제주특별자치도 제주시 연동,4 명3 명1 명,0 명0 명0 명,4 명,
3,제주제일고등학교(일반고)제주특별자치도 제주시 노형동,4 명1 명3 명,0 명0 명0 명,4 명,
4,대기고등학교(일반고)제주특별자치도 제주시 봉개동,3 명3 명0 명,1 명1 명0 명,4 명,
5,제주대학교사범대학부설고등학교(일반고)제주특별자치도 제주시 용담삼동,4 명4 명0 명,0 명0 명0 명,4 명,
6,오현고등학교(일반고)제주특별자치도 제주시 화북일동,2 명2 명0 명,0 명0 명0 명,2 명,
7,제주중앙여자고등학교(일반고)제주특별자치도 제주시 이도이동,2 명2 명0 명,0 명0 명0 명,2 명,
8,제주여자고등학교(일반고)제주특별자치도 제주시 아라일동,2 명2 명0 명,0 명0 명0 명,2 명,
9,세화고등학교(일반고)제주특별자치도 제주시 구좌읍 세화리,1 명1 명0 명,0 명0 명0 명,1 명,
10,애월고등학교(일반고)제주특별자치도 제주시 애월읍 고내리,0 명0 명0 명,0 명0 명0 명,0 명,
0,남주고등학교(일반고)제주특별자치도 서귀포시 동홍동,1 명1 명0 명,0 명0 명0 명,1 명,
1,서귀포여자고등학교(자율고)제주특별자치도 서귀포시 호근동,1 명1 명0 명,0 명0 명0 명,1 명,
2,서귀포고등학교(일반고)제주특별자치도 서귀포시 동홍동,0 명0 명0 명,0 명0 명0 명,0 명,
3,대정고등학교(일반고)제주특별자치도 서귀포시 대정읍 상모리,0 명0 명0 명,0 명0 명0 명,0 명,
4,대정여자고등학교(일반고)제주특별자치도 서귀포시 대정읍 하모리,0 명0 명0 명,0 명0 명0 명,0 명,
5,표선고등학교(일반고)제주특별자치도 서귀포시 표선면 표선리,0 명0 명0 명,0 명0 명0 명,0 명,
0,함양고등학교(일반고)경상남도 함양군 함양읍 백연리,0 명0 명0 명,0 명0 명0 명,0 명,
0,칠원고등학교(일반고)경상남도 함안군 칠서면 무릉리,1 명1 명0 명,0 명0 명0 명,1 명,
1,명덕고등학교(일반고)경상남도 함안군 가야읍 도항리,0 명0 명0 명,0 명0 명0 명,0 명,
2,함안고등학교(일반고)경상남도 함안군 가야읍 도항리,0 명0 명0 명,0 명0 명0 명,0 명,
0,하동여자고등학교(일반고)경상남도 하동군 하동읍 광평리,0 명0 명0 명,0 명0 명0 명,0 명,
0,통영고등학교(일반고)경상남도 통영시 봉평동,1 명1 명0 명,1 명1 명0 명,2 명,
1,충렬여자고등학교(일반고)경상남도 통영시 용남면 장평리,1 명1 명0 명,0 명0 명0 명,1 명,
2,동원고등학교(일반고)경상남도 통영시 광도면,1 명1 명0 명,0 명0 명0 명,1 명,
3,통영여자고등학교(일반고)경상남도 통영시 도천동,1 명1 명0 명,0 명0 명0 명,1 명,
0,창원과학고등학교(과학고)경상남도 창원시 의창구 서상동,4 명4 명0 명,21 명21 명0 명,25 명,
1,창원남고등학교(일반고)경상남도 창원시 성산구 외동,5 명4 명1 명,0 명0 명0 명,5 명,
2,진해고등학교(일반고)경상남도 창원시 진해구 여좌동,2 명2 명0 명,0 명0 명0 명,2 명,
3,마산중앙고등학교(일반고)경상남도 창원시 마산합포구 신월동,1 명1 명0 명,0 명0 명0 명,1 명,
4,창원문성고등학교(일반고)경상남도 창원시 의창구 두대동,1 명1 명0 명,0 명0 명0 명,1 명,
5,마산제일여자고등학교(일반고)경상남도 창원시 마산합포구 문화동,1 명0 명1 명,0 명0 명0 명,1 명,
6,창원대암고등학교(일반고)경상남도 창원시 성산구 대방동,1 명1 명0 명,0 명0 명0 명,1 명,
7,마산여자고등학교(일반고)경상남도 창원시 마산합포구 완월동,1 명1 명0 명,0 명0 명0 명,1 명,
8,성지여자고등학교(일반고)경상남도 창원시 마산합포구 완월동,1 명1 명0 명,0 명0 명0 명,1 명,
9,창원중앙고등학교(자율형공립고)경상남도 창원시의창구 용호동,1 명1 명0 명,0 명0 명0 명,1 명,
10,마산제일고등학교(일반고)경상남도 창원시 마산회원구 내서읍 용담리,1 명0 명1 명,0 명0 명0 명,1 명,
11,창원성민여자고등학교(일반고)경상남도 창원시 의창구 팔용동,1 명1 명0 명,0 명0 명0 명,1 명,
12,경상고등학교(일반고)경상남도 창원시 의창구 소계동,0 명0 명0 명,1 명1 명0 명,1 명,
13,진해용원고등학교(일반고)경상남도 창원시 진해구 용원동,1 명1 명0 명,0 명0 명0 명,1 명,
14,창원남산고등학교(일반고)경상남도 창원시 성산구 가음동,1 명1 명0 명,0 명0 명0 명,1 명,
15,창원고등학교(일반고)경상남도 창원시 의창구 도계동,0 명0 명0 명,0 명0 명0 명,0 명,
16,마산내서여자고등학교(일반고)경상남도 창원시 마산회원구 내서읍 삼계리,0 명0 명0 명,0 명0 명0 명,0 명,
17,창신고등학교(일반고)경상남도 창원시 마산회원구 봉암동,0 명0 명0 명,0 명0 명0 명,0 명,
18,마산용마고등학교(일반고)경상남도 창원시 마산합포구 산호동,0 명0 명0 명,0 명0 명0 명,0 명,
19,창원신월고등학교(일반고)경상남도 창원시 의창구 신월동,0 명0 명0 명,0 명0 명0 명,0 명,
0,창녕옥야고등학교(일반고)경상남도 창녕군 이방면 장천리,0 명0 명0 명,0 명0 명0 명,0 명,
1,창녕고등학교(일반고)경상남도 창녕군 창녕읍 교리,0 명0 명0 명,0 명0 명0 명,0 명,
0,경남과학고등학교(과학고)경상남도 진주시 진성면 가진리,13 명13 명0 명,22 명22 명0 명,35 명,
1,진주동명고등학교(일반고)경상남도 진주시 초전동,6 명5 명1 명,0 명0 명0 명,6 명,
2,진주고등학교(자율형공립고)경상남도 진주시 상봉동,4 명3 명1 명,0 명0 명0 명,4 명,
3,삼현여자고등학교(일반고)경상남도 진주시 상평동,2 명1 명1 명,1 명1 명0 명,3 명,
4,경남예술고등학교(특목고)경상남도 진주시 장재동,2 명2 명0 명,0 명0 명0 명,2 명,
5,진주중앙고등학교(일반고)경상남도 진주시 하대동,2 명2 명0 명,0 명0 명0 명,2 명,
6,대아고등학교(일반고)경상남도 진주시 이현동,1 명1 명0 명,0 명0 명0 명,1 명,
7,경상대학교사범대학부설고등학교(일반고)경상남도 진주시 가좌동,1 명1 명0 명,0 명0 명0 명,1 명,
8,경해여자고등학교(일반고)경상남도 진주시 평거동,1 명1 명0 명,0 명0 명0 명,1 명,
9,진주제일여자고등학교(일반고)경상남도 진주시 하대동,1 명1 명0 명,0 명0 명0 명,1 명,
10,진주여자고등학교(일반고)경상남도 진주시 상봉동,1 명1 명0 명,0 명0 명0 명,1 명,
11,명신고등학교(일반고)경상남도 진주시 초전동,0 명0 명0 명,0 명0 명0 명,0 명,
0,양산제일고등학교(일반고)경상남도 양산시 교동,5 명5 명0 명,0 명0 명0 명,5 명,
1,경남외국어고등학교(특목고)경상남도 양산시 어곡동,2 명2 명0 명,0 명0 명0 명,2 명,
2,물금고등학교(일반고)경상남도 양산시 물금읍,1 명1 명0 명,0 명0 명0 명,1 명,
3,서창고등학교(일반고)경상남도 양산시 삼호동,1 명1 명0 명,0 명0 명0 명,1 명,
4,효암고등학교(일반고)경상남도 양산시 삼호동,0 명0 명0 명,0 명0 명0 명,0 명,
5,보광고등학교(일반고)경상남도 양산시 하북면 순지리,0 명0 명0 명,0 명0 명0 명,0 명,
6,웅상고등학교(일반고)경상남도 양산시 평산동,0 명0 명0 명,0 명0 명0 명,0 명,
7,양산남부고등학교(일반고)경상남도 양산시 남부동,0 명0 명0 명,0 명0 명0 명,0 명,
0,사천고등학교(일반고)경상남도 사천시 사천읍 정의리,0 명0 명0 명,0 명0 명0 명,0 명,
0,밀양고등학교(일반고)경상남도 밀양시 내이동,2 명2 명0 명,0 명0 명0 명,2 명,
1,세종고등학교(일반고)경상남도 밀양시 가곡동,1 명1 명0 명,0 명0 명0 명,1 명,
2,밀성고등학교(일반고)경상남도 밀양시 내이동,0 명0 명0 명,0 명0 명0 명,0 명,
3,밀양여자고등학교(일반고)경상남도 밀양시 내일동,0 명0 명0 명,0 명0 명0 명,0 명,
0,남해해성고등학교(일반고)경상남도 남해군 남면 평산리,5 명3 명2 명,1 명1 명0 명,6 명,
1,남해고등학교(일반고)경상남도 남해군 이동면 무림리,0 명0 명0 명,0 명0 명0 명,0 명,
0,김해외국어고등학교(외국어고)경상남도 김해시 율하동,5 명3 명2 명,0 명0 명0 명,5 명,
1,김해제일고등학교(자율형공립고)경상남도 김해시 외동,1 명1 명0 명,0 명0 명0 명,1 명,
2,김해고등학교(자율고)경상남도 김해시 삼정동,1 명1 명0 명,0 명0 명0 명,1 명,
3,김해율하고등학교(일반고)경상남도 김해시 율하동,0 명0 명0 명,0 명0 명0 명,0 명,
4,김해대청고등학교(일반고)경상남도 김해시 대청동,0 명0 명0 명,0 명0 명0 명,0 명,
5,장유고등학교(일반고)경상남도 김해시 부곡동,0 명0 명0 명,0 명0 명0 명,0 명,
6,김해분성고등학교(일반고)경상남도 김해시 삼계동,0 명0 명0 명,0 명0 명0 명,0 명,
7,김해여자고등학교(일반고)경상남도 김해시 대성동,0 명0 명0 명,0 명0 명0 명,0 명,
8,김해삼문고등학교(일반고)경상남도 김해시 삼문동,0 명0 명0 명,0 명0 명0 명,0 명,
9,김해가야고등학교(일반고)경상남도 김해시 내동,0 명0 명0 명,0 명0 명0 명,0 명,
10,김해삼방고등학교(일반고)경상남도 김해시 삼방동,0 명0 명0 명,0 명0 명0 명,0 명,
0,거창대성고등학교(일반고)경상남도 거창군 거창읍 상림리,6 명4 명2 명,0 명0 명0 명,6 명,
1,거창고등학교(일반고)경상남도 거창군 거창읍 중앙리,0 명0 명0 명,2 명2 명0 명,2 명,
2,거창여자고등학교(일반고)경상남도 거창군 거창읍 중앙리,1 명1 명0 명,0 명0 명0 명,1 명,
3,거창중앙고등학교(일반고)경상남도 거창군 거창읍 가지리,0 명0 명0 명,0 명0 명0 명,0 명,
0,거제고등학교(일반고)경상남도 거제시 아주동,2 명2 명0 명,1 명1 명0 명,3 명,
1,거제제일고등학교(자율고)경상남도 거제시 거제면 서정리,1 명1 명0 명,0 명0 명0 명,1 명,
2,거제중앙고등학교(일반고)경상남도 거제시 고현동,0 명0 명0 명,0 명0 명0 명,0 명,
0,포항제철고등학교(자율형사립고)경상북도 포항시 남구 지곡동,27 명20 명7 명,2 명2 명0 명,29 명,
1,경북과학고등학교(과학고)경상북도 포항시북구 용흥동,2 명2 명0 명,9 명9 명0 명,11 명,
2,포항영신고등학교(일반고)경상북도 포항시 북구 우현동,3 명3 명0 명,0 명0 명0 명,3 명,
3,포항중앙고등학교(일반고)경상북도 포항시북구 우현동,2 명2 명0 명,1 명1 명0 명,3 명,
4,포항고등학교(일반고)경상북도 포항시 북구 학산동,2 명2 명0 명,0 명0 명0 명,2 명,
5,세명고등학교(일반고)경상북도 포항시 남구 대잠동,2 명1 명1 명,0 명0 명0 명,2 명,
6,포항동성고등학교(일반고)경상북도 포항시남구 동해면 도구리,1 명1 명0 명,0 명0 명0 명,1 명,
7,포항중앙여자고등학교(일반고)경상북도 포항시 북구 우현동,1 명1 명0 명,0 명0 명0 명,1 명,
8,영일고등학교(일반고)경상북도 포항시 남구 연일읍 동문리,1 명1 명0 명,0 명0 명0 명,1 명,
9,동지고등학교(일반고)경상북도 포항시 북구 용흥동,1 명1 명0 명,0 명0 명0 명,1 명,
10,대동고등학교(일반고)경상북도 포항시 북구 우현동,1 명0 명1 명,0 명0 명0 명,1 명,
11,포항장성고등학교(일반고)경상북도 포항시 북구 장성동,1 명1 명0 명,0 명0 명0 명,1 명,
12,포항여자고등학교(일반고)경상북도 포항시 북구 학산동,0 명0 명0 명,0 명0 명0 명,0 명,
13,유성여자고등학교(일반고)경상북도 포항시 북구 우현동,0 명0 명0 명,0 명0 명0 명,0 명,
14,포항예술고등학교(예술고)경상북도 포항시북구 흥해읍 대련리,0 명0 명0 명,0 명0 명0 명,0 명,
15,동지여자고등학교(일반고)경상북도 포항시 북구 용흥동,0 명0 명0 명,0 명0 명0 명,0 명,
16,오천고등학교(일반고)경상북도 포항시 남구 오천읍 용덕리,0 명0 명0 명,0 명0 명0 명,0 명,
17,두호고등학교(일반고)경상북도 포항시 북구 두호동,0 명0 명0 명,0 명0 명0 명,0 명,
18,포항이동고등학교(일반고)경상북도 포항시 남구 이동,0 명0 명0 명,0 명0 명0 명,0 명,
0,순심고등학교(일반고)경상북도 칠곡군 왜관읍,1 명1 명0 명,0 명0 명0 명,1 명,
1,순심여자고등학교(일반고)경상북도 칠곡군 왜관읍 왜관리,1 명1 명0 명,0 명0 명0 명,1 명,
2,북삼고등학교(자율형공립고)경상북도 칠곡군 북삼읍 인평리,0 명0 명0 명,0 명0 명0 명,0 명,
0,이서고등학교(일반고)경상북도 청도군 이서면 서원리,1 명1 명0 명,0 명0 명0 명,1 명,
1,청도고등학교(일반고)경상북도 청도군 청도읍 고수리,1 명1 명0 명,0 명0 명0 명,1 명,
2,모계고등학교(일반고)경상북도 청도군 화양읍 범곡리,0 명0 명0 명,0 명0 명0 명,0 명,
0,대창고등학교(일반고)경상북도 예천군 예천읍 노상리,0 명0 명0 명,0 명0 명0 명,0 명,
0,선화여자고등학교(일반고)경상북도 영천시 화룡동,2 명2 명0 명,0 명0 명0 명,2 명,
1,영동고등학교(일반고)경상북도 영천시 야사동,1 명0 명1 명,0 명0 명0 명,1 명,
2,영천여자고등학교(일반고)경상북도 영천시 화룡동,1 명1 명0 명,0 명0 명0 명,1 명,
3,영천성남여자고등학교(일반고)경상북도 영천시 도동,0 명0 명0 명,0 명0 명0 명,0 명,
0,영광여자고등학교(일반고)경상북도 영주시 영주동,1 명1 명0 명,0 명0 명0 명,1 명,
1,영주제일고등학교(자율고)경상북도 영주시 가흥동,1 명1 명0 명,0 명0 명0 명,1 명,
2,영광고등학교(일반고)경상북도 영주시 상망동,0 명0 명0 명,0 명0 명0 명,0 명,
3,영주고등학교(자율형공립고)경상북도 영주시 하망동,0 명0 명0 명,0 명0 명0 명,0 명,
0,영양여자고등학교(일반고)경상북도 영양군 영양읍 동부리,1 명1 명0 명,1 명1 명0 명,2 명,
0,풍산고등학교(일반고)경상북도 안동시 풍산읍 안교리,5 명1 명4 명,1 명1 명0 명,6 명,
1,안동고등학교(자율형공립고)경상북도 안동시 정상동,1 명1 명0 명,0 명0 명0 명,1 명,
2,경안여자고등학교(일반고)경상북도 안동시 송현동,1 명1 명0 명,0 명0 명0 명,1 명,
3,안동여자고등학교(일반고)경상북도 안동시 법상동,0 명0 명0 명,0 명0 명0 명,0 명,
4,경안고등학교(일반고)경북 안동시 금곡동,0 명0 명0 명,0 명0 명0 명,0 명,
0,성주고등학교(일반고)경상북도 성주군 성주읍 금산리,2 명2 명0 명,0 명0 명0 명,2 명,
1,성주여자고등학교(일반고)경상북도 성주군 성주읍 경산리,0 명0 명0 명,0 명0 명0 명,0 명,
0,우석여자고등학교(일반고)경상북도 상주시 계산동,1 명1 명0 명,1 명1 명0 명,2 명,
1,상주고등학교(일반고)경상북도 상주시 신봉동,1 명0 명1 명,0 명0 명0 명,1 명,
2,상주여자고등학교(자율고)경상북도 상주시 복룡동,1 명1 명0 명,0 명0 명0 명,1 명,
0,한국산림과학고등학교(특성화고)경상북도 봉화군 춘양면 서동리,1 명1 명0 명,0 명0 명0 명,1 명,
1,봉화고등학교(일반고)경상북도 봉화군 봉화읍 삼계리,0 명0 명0 명,0 명0 명0 명,0 명,
0,점촌고등학교(자율형공립고)경상북도 문경시 모전동,2 명2 명0 명,0 명0 명0 명,2 명,
1,문경여자고등학교(일반고)경상북도 문경시 점촌동,1 명1 명0 명,0 명0 명0 명,1 명,
2,문창고등학교(일반고)경상북도 문경시 흥덕동,0 명0 명0 명,0 명0 명0 명,0 명,
0,김천고등학교(자율형사립고)경상북도 김천시 부곡동,8 명7 명1 명,0 명0 명0 명,8 명,
1,김천예술고등학교(예술고)경상북도 김천시 교동,2 명2 명0 명,0 명0 명0 명,2 명,
2,성의고등학교(일반고)경상북도 김천시 지좌동,1 명1 명0 명,0 명0 명0 명,1 명,
3,김천여자고등학교(일반고)경상북도 김천시 모암동,0 명0 명0 명,0 명0 명0 명,0 명,
0,군위고등학교(일반고)경상북도 군위군 군위읍 정리,1 명1 명0 명,0 명0 명0 명,1 명,
0,경북외국어고등학교(외국어고)경상북도 구미시 남통동,4 명2 명2 명,0 명0 명0 명,4 명,
1,현일고등학교(일반고)경상북도 구미시 고아읍 항곡리,2 명2 명0 명,1 명1 명0 명,3 명,
2,오상고등학교(일반고)경상북도 구미시 장천면 상장리,2 명2 명0 명,0 명0 명0 명,2 명,
3,경구고등학교(일반고)경상북도 구미시 봉곡동,0 명0 명0 명,1 명1 명0 명,1 명,
4,구미고등학교(일반고)경상북도 구미시 도량동,1 명1 명0 명,0 명0 명0 명,1 명,
5,금오고등학교(일반고)경상북도 구미시 광평동,0 명0 명0 명,0 명0 명0 명,0 명,
6,구미여자고등학교(일반고)경상북도 구미시 도량동,0 명0 명0 명,0 명0 명0 명,0 명,
7,상모고등학교(일반고)경상북도 구미시 상모동,0 명0 명0 명,0 명0 명0 명,0 명,
8,사곡고등학교(일반고)경상북도 구미시 사곡동,0 명0 명0 명,0 명0 명0 명,0 명,
9,선산고등학교(일반고)경상북도 구미시 선산읍 노상리,0 명0 명0 명,0 명0 명0 명,0 명,
10,금오여자고등학교(일반고)경상북도 구미시 지산동,0 명0 명0 명,0 명0 명0 명,0 명,
11,인동고등학교(자율형공립고)경상북도 구미시 구평동,0 명0 명0 명,0 명0 명0 명,0 명,
0,대가야고등학교(일반고)경상북도 고령군 대가야읍 쾌빈리,1 명1 명0 명,0 명0 명0 명,1 명,
0,경주고등학교(일반고)경상북도 경주시 황오동,5 명3 명2 명,1 명0 명1 명,6 명,
1,문화고등학교(일반고)경상북도 경주시 충효동,1 명1 명0 명,1 명1 명0 명,2 명,
2,안강여자고등학교(일반고)경상북도 경주시 안강읍 산대리,0 명0 명0 명,0 명0 명0 명,0 명,
3,신라고등학교(일반고)경상북도 경주시 충효동,0 명0 명0 명,0 명0 명0 명,0 명,
4,근화여자고등학교(일반고)경상북도 경주시 용강동,0 명0 명0 명,0 명0 명0 명,0 명,
5,경주여자고등학교(일반고)경상북도 경주시 성건동,0 명0 명0 명,0 명0 명0 명,0 명,
0,경산과학고등학교(과학고)경상북도 경산시 갑제동,2 명2 명0 명,19 명19 명0 명,21 명,
1,경산여자고등학교(일반고)경상북도 경산시 옥곡동,1 명1 명0 명,0 명0 명0 명,1 명,
2,대구가톨릭대학교사범대학부속무학고등학교(일반고)경상북도 경산시 하양읍 도리리,1 명1 명0 명,0 명0 명0 명,1 명,
3,문명고등학교(일반고)경상북도 경산시 백천동,0 명0 명0 명,0 명0 명0 명,0 명,
4,경산고등학교(자율형공립고)경상북도 경산시 계양동,0 명0 명0 명,0 명0 명0 명,0 명,
5,진량고등학교(일반고)경상북도 경산시 진량읍 신상리,0 명0 명0 명,0 명0 명0 명,0 명,
6,하양여자고등학교(일반고)경상북도 경산시 하양읍 대학리,0 명0 명0 명,0 명0 명0 명,0 명,
0,능주고등학교(일반고)전라남도 화순군 능주면,2 명2 명0 명,1 명0 명1 명,3 명,
1,화순고등학교(일반고)전라남도 화순군 화순읍 삼천리,0 명0 명0 명,0 명0 명0 명,0 명,
0,해남고등학교(자율형공립고)전라남도 해남군 해남읍,0 명0 명0 명,0 명0 명0 명,0 명,
0,진도고등학교(일반고)전라남도 진도군 진도읍 동외리,1 명1 명0 명,0 명0 명0 명,1 명,
1,진도국악고등학교(특목고)전라남도 진도군 임회면,1 명1 명0 명,0 명0 명0 명,1 명,
0,장흥고등학교(일반고)전라남도 장흥군 장흥읍 건산리,0 명0 명0 명,0 명0 명0 명,0 명,
0,장성고등학교(일반고)전라남도 장성군 장성읍,2 명1 명1 명,1 명1 명0 명,3 명,
0,완도고등학교(일반고)전라남도 완도군 완도읍,0 명0 명0 명,1 명1 명0 명,1 명,
0,영암고등학교(일반고)전라남도 영암군 영암읍,1 명1 명0 명,0 명0 명0 명,1 명,
1,삼호고등학교(일반고)전라남도 영암군 삼호읍 용앙리,0 명0 명0 명,0 명0 명0 명,0 명,
0,해룡고등학교(일반고)전라남도 영광군 영광읍,2 명2 명0 명,0 명0 명0 명,2 명,
0,한영고등학교(일반고)전라남도 여수시 여서동,2 명2 명0 명,0 명0 명0 명,2 명,
1,여수고등학교(자율형공립고)전라남도 여수시 수정동,2 명2 명0 명,0 명0 명0 명,2 명,
2,여천고등학교(일반고)전라남도 여수시 선원동,0 명0 명0 명,1 명1 명0 명,1 명,
3,여수충무고등학교(일반고)전라남도 여수시 미평동,0 명0 명0 명,0 명0 명0 명,0 명,
4,여수화양고등학교(일반고)전라남도 여수시 화양면,0 명0 명0 명,0 명0 명0 명,0 명,
5,여수중앙여자고등학교(일반고)전라남도 여수시 덕충동,0 명0 명0 명,0 명0 명0 명,0 명,
0,도초고등학교(일반고)전라남도 신안군 도초면,1 명1 명0 명,0 명0 명0 명,1 명,
0,순천매산고등학교(일반고)전라남도 순천시 매곡동,1 명1 명0 명,2 명2 명0 명,3 명,
1,순천매산여자고등학교(일반고)전라남도 순천시 매곡동,2 명2 명0 명,0 명0 명0 명,2 명,
2,순천팔마고등학교(일반고)전라남도 순천시 용당동,2 명1 명1 명,0 명0 명0 명,2 명,
3,순천고등학교(자율형공립고)전라남도 순천시 인제동,1 명1 명0 명,0 명0 명0 명,1 명,
4,순천복성고등학교(일반고)전라남도 순천시 해룡면 복성리,1 명1 명0 명,0 명0 명0 명,1 명,
5,순천금당고등학교(일반고)전라남도 순천시 조례동,1 명1 명0 명,0 명0 명0 명,1 명,
6,순천효천고등학교(일반고)전라남도 순천시 대룡동,1 명1 명0 명,0 명0 명0 명,1 명,
7,순천강남여자고등학교(일반고)전라남도 순천시 조례동,1 명1 명0 명,0 명0 명0 명,1 명,
8,순천여자고등학교(일반고)전라남도 순천시 저전동,1 명1 명0 명,0 명0 명0 명,1 명,
0,벌교고등학교(일반고)전라남도 보성군 벌교읍,1 명1 명0 명,0 명0 명0 명,1 명,
0,남악고등학교(자율고)전라남도 무안군 삼향읍 남악리,1 명1 명0 명,0 명0 명0 명,1 명,
1,전남예술고등학교(예술고)전라남도 무안군 삼향읍 유교리,0 명0 명0 명,0 명0 명0 명,0 명,
2,무안고등학교(일반고)전라남도 무안군 무안읍 성남리,0 명0 명0 명,0 명0 명0 명,0 명,
0,목포홍일고등학교(일반고)전라남도 목포시 죽교동,3 명2 명1 명,0 명0 명0 명,3 명,
1,목포덕인고등학교(일반고)전라남도 목포시 죽교동,2 명1 명1 명,0 명0 명0 명,2 명,
2,영흥고등학교(일반고)전라남도 목포시 상동,2 명2 명0 명,0 명0 명0 명,2 명,
3,목포고등학교(자율형공립고)전라남도 목포시 용당동,1 명1 명0 명,0 명0 명0 명,1 명,
4,목포정명여자고등학교(일반고)전라남도 목포시 양동,1 명1 명0 명,0 명0 명0 명,1 명,
5,목포제일여자고등학교(일반고)전라남도 목포시 옥암동,0 명0 명0 명,1 명1 명0 명,1 명,
6,목포혜인여자고등학교(일반고)전라남도 목포시 죽교동,0 명0 명0 명,0 명0 명0 명,0 명,
7,목포여자고등학교(일반고)전라남도 목포시 대성동,0 명0 명0 명,0 명0 명0 명,0 명,
8,목상고등학교(일반고)전라남도 목포시 용당동,0 명0 명0 명,0 명0 명0 명,0 명,
0,창평고등학교(일반고)전라남도 담양군 창평면,3 명3 명0 명,0 명0 명0 명,3 명,
1,담양고등학교(일반고)전라남도 담양군 담양읍,1 명1 명0 명,0 명0 명0 명,1 명,
2,한빛고등학교(학력인정)전라남도 담양군 대전면,1 명0 명1 명,0 명0 명0 명,1 명,
0,전남과학고등학교(과학고)전라남도 나주시 금천면 오강리,2 명2 명0 명,22 명22 명0 명,24 명,
1,전남외국어고등학교(외국어고)전라남도 나주시 용산동,2 명1 명1 명,0 명0 명0 명,2 명,
2,나주고등학교(자율형공립고)전라남도 나주시 교동,0 명0 명0 명,0 명0 명0 명,0 명,
0,광양제철고등학교(자율형사립고)전라남도 광양시 금호동,6 명5 명1 명,1 명1 명0 명,7 명,
1,광양백운고등학교(일반고)전라남도 광양시 중동,0 명0 명0 명,0 명0 명0 명,0 명,
2,광양고등학교(자율형공립고)전라남도 광양시 봉강면 석사리,0 명0 명0 명,0 명0 명0 명,0 명,
3,광양여자고등학교(일반고)전라남도 광양시 광양읍,0 명0 명0 명,0 명0 명0 명,0 명,
0,고흥고등학교(일반고)전라남도 고흥군 고흥읍,0 명0 명0 명,0 명0 명0 명,0 명,
0,호남고등학교(일반고)전라북도 정읍시 시기동,1 명1 명0 명,0 명0 명0 명,1 명,
1,정주고등학교(일반고)전라북도 정읍시 금붕동,0 명0 명0 명,0 명0 명0 명,0 명,
2,배영고등학교(일반고)전라북도 정읍시 흑암동,0 명0 명0 명,0 명0 명0 명,0 명,
3,서영여자고등학교(일반고)전라북도 정읍시 수성동,0 명0 명0 명,0 명0 명0 명,0 명,
4,정읍여자고등학교(일반고)전라북도 정읍시 상동,0 명0 명0 명,0 명0 명0 명,0 명,
0,상산고등학교(자율형사립고)전라북도 전주시 완산구 효자동1가,47 명13 명34 명,2 명2 명0 명,49 명,
1,전주한일고등학교(일반고)전라북도 전주시완산구 서신동,3 명1 명2 명,0 명0 명0 명,3 명,
2,전주고등학교(일반고)전라북도 전주시 완산구 중노송동,2 명2 명0 명,0 명0 명0 명,2 명,
3,동암고등학교(일반고)전라북도 전주시 완산구 효자동2가,2 명2 명0 명,0 명0 명0 명,2 명,
4,전주여자고등학교(일반고)전라북도 전주시 덕진구 인후동2가,2 명2 명0 명,0 명0 명0 명,2 명,
5,전주신흥고등학교(일반고)전라북도 전주시 완산구 중화산동1가,1 명1 명0 명,1 명1 명0 명,2 명,
6,우석고등학교(일반고)전라북도 전주시 덕진구 동산동,1 명1 명0 명,0 명0 명0 명,1 명,
7,전북대학교사범대학부설고등학교(일반고)전라북도 전주시 덕진구 덕진동1가,1 명0 명1 명,0 명0 명0 명,1 명,
8,전일고등학교(일반고)전라북도 전주시 완산구 효자동2가,1 명1 명0 명,0 명0 명0 명,1 명,
9,호남제일고등학교(일반고)전라북도 전주시 완산구 효자동3가,1 명1 명0 명,0 명0 명0 명,1 명,
10,전주기전여자고등학교(일반고)전라북도 전주시 완산구 효자동3가,1 명1 명0 명,0 명0 명0 명,1 명,
11,완산고등학교(일반고)전라북도 전주시 완산구 삼천동3가,1 명1 명0 명,0 명0 명0 명,1 명,
12,전라고등학교(일반고)전라북도 전주시 덕진구 송천동1가,1 명0 명1 명,0 명0 명0 명,1 명,
13,전주성심여자고등학교(일반고)전라북도 전주시완산구 교동,1 명1 명0 명,0 명0 명0 명,1 명,
14,전주중앙여자고등학교(일반고)전라북도 전주시 덕진구 우아동1가,1 명1 명0 명,0 명0 명0 명,1 명,
15,한국전통문화고등학교(일반고)전라북도 전주시 완산구 중인동,1 명1 명0 명,0 명0 명0 명,1 명,
16,전주제일고등학교(일반고)전라북도 전주시 완산구 남노송동,0 명0 명0 명,0 명0 명0 명,0 명,
17,양현고등학교(일반고)전라북도 전주시 덕진구 장동,0 명0 명0 명,0 명0 명0 명,0 명,
18,전주영생고등학교(일반고)전라북도 전주시 완산구 효자동3가,0 명0 명0 명,0 명0 명0 명,0 명,
0,임실고등학교(일반고)전라북도 임실군 임실읍 이도리,0 명0 명0 명,0 명0 명0 명,0 명,
0,전북과학고등학교(특목고)전라북도 익산시 금마면 용순리,4 명2 명2 명,12 명12 명0 명,16 명,
1,남성고등학교(자율형사립고)전라북도 익산시 신동,4 명4 명0 명,0 명0 명0 명,4 명,
2,익산고등학교(일반고)전라북도 익산시 금마면 동고도리,4 명3 명1 명,0 명0 명0 명,4 명,
3,이리고등학교(일반고)전라북도 익산시 남중동,2 명2 명0 명,0 명0 명0 명,2 명,
4,이리남성여자고등학교(일반고)전라북도 익산시 영등동,1 명1 명0 명,0 명0 명0 명,1 명,
5,원광여자고등학교(일반고)전라북도 익산시 모현동1가,1 명1 명0 명,0 명0 명0 명,1 명,
6,원광고등학교(일반고)전라북도 익산시 부송동,0 명0 명0 명,0 명0 명0 명,0 명,
7,전북제일고등학교(일반고)전라북도 익산시 평화동,0 명0 명0 명,0 명0 명0 명,0 명,
8,이리여자고등학교(일반고)전라북도 익산시 남중동,0 명0 명0 명,0 명0 명0 명,0 명,
9,이일여자고등학교(일반고)전라북도 익산시 인화동1가,0 명0 명0 명,0 명0 명0 명,0 명,
0,고산고등학교(일반고)전라북도 완주군 고산면 서봉리,0 명0 명0 명,0 명0 명0 명,0 명,
1,전주예술고등학교(예술고)전라북도 완주군 구이면 항가리,0 명0 명0 명,0 명0 명0 명,0 명,
0,순창제일고등학교(일반고)전라북도 순창군 순창읍 장덕리,1 명1 명0 명,0 명0 명0 명,1 명,
1,순창고등학교(일반고)전라북도 순창군 순창읍 순화리,0 명0 명0 명,0 명0 명0 명,0 명,
0,무주고등학교(일반고)전라북도 무주군 무주읍 읍내리,0 명0 명0 명,0 명0 명0 명,0 명,
0,남원국악예술고등학교(일반고)전라북도 남원시 월락동,0 명0 명0 명,0 명0 명0 명,0 명,
0,덕암고등학교(일반고)전라북도 김제시 서암동,0 명0 명0 명,0 명0 명0 명,0 명,
1,지평선고등학교(특성화고)전라북도 김제시 성덕면 묘라리,0 명0 명0 명,0 명0 명0 명,0 명,
0,전북외국어고등학교(외국어고)전라북도 군산시 소룡동,2 명1 명1 명,0 명0 명0 명,2 명,
1,군산제일고등학교(일반고)전라북도 군산시 조촌동,2 명1 명1 명,0 명0 명0 명,2 명,
2,군산여자고등학교(일반고)전라북도 군산시 월명동,1 명1 명0 명,0 명0 명0 명,1 명,
3,군산고등학교(자율고)전라북도 군산시 동흥남동,1 명1 명0 명,0 명0 명0 명,1 명,
4,군산중앙고등학교(자율형사립고)전라북도 군산시 성산면 도암리,0 명0 명0 명,0 명0 명0 명,0 명,
5,군산동고등학교(일반고)전라북도 군산시 개정동,0 명0 명0 명,0 명0 명0 명,0 명,
0,고창북고등학교(일반고)전라북도 고창군 흥덕면 흥덕리,1 명1 명0 명,0 명0 명0 명,1 명,
1,고창고등학교(일반고)전라북도 고창군 고창읍 교촌리,0 명0 명0 명,0 명0 명0 명,0 명,
0,홍성고등학교(일반고)충청남도 홍성군 홍북면 신경리,1 명1 명0 명,0 명0 명0 명,1 명,
1,홍성여자고등학교(일반고)충청남도 홍성군 홍성읍 대교리,1 명1 명0 명,0 명0 명0 명,1 명,
2,홍주고등학교(일반고)충청남도 홍성군 홍성읍 오관리,1 명1 명0 명,0 명0 명0 명,1 명,
3,풀무농업고등기술학교(특성화고)충청남도 홍성군 홍동면 팔괘리,1 명0 명1 명,0 명0 명0 명,1 명,
0,정산고등학교(일반고)충청남도 청양군 정산면 서정리,0 명0 명0 명,0 명0 명0 명,0 명,
0,북일고등학교(자율형사립고)충청남도 천안시 동남구 신부동,16 명11 명5 명,3 명3 명0 명,19 명,
1,천안고등학교(일반고)충청남도 천안시 동남구 봉명동,4 명3 명1 명,0 명0 명0 명,4 명,
2,복자여자고등학교(일반고)충청남도 천안시 동남구 성황동,3 명3 명0 명,0 명0 명0 명,3 명,
3,충남예술고등학교(예술고)충청남도 천안시 서북구 성거읍 천흥리,2 명2 명0 명,0 명0 명0 명,2 명,
4,북일여자고등학교(일반고)충청남도 천안시 동남구 신부동,2 명2 명0 명,0 명0 명0 명,2 명,
5,천안중앙고등학교(일반고)충청남도 천안시 동남구 원성동,1 명1 명0 명,0 명0 명0 명,1 명,
6,천안두정고등학교(일반고)충청남도 천안시서북구 두정동,0 명0 명0 명,1 명1 명0 명,1 명,
7,천안쌍용고등학교(일반고)충청남도 천안시 서북구 쌍용동,1 명1 명0 명,0 명0 명0 명,1 명,
8,천안월봉고등학교(일반고)충청남도 천안시 서북구 불당동,1 명1 명0 명,0 명0 명0 명,1 명,
9,천안여자고등학교(일반고)충청남도 천안시 동남구 삼룡동,0 명0 명0 명,0 명0 명0 명,0 명,
10,천안청수고등학교(일반고)충청남도 천안시 동남구 청수동,0 명0 명0 명,0 명0 명0 명,0 명,
11,천안업성고등학교(일반고)충청남도 천안시 서북구 업성동,0 명0 명0 명,0 명0 명0 명,0 명,
0,예산고등학교(일반고)충청남도 예산군 예산읍 예산리,1 명1 명0 명,0 명0 명0 명,1 명,
1,삽교고등학교(일반고)충청남도 예산군 삽교읍 두리,0 명0 명0 명,0 명0 명0 명,0 명,
0,충남삼성고등학교(자율형사립고)충청남도 아산시 탕정면 명암리,9 명9 명0 명,1 명1 명0 명,10 명,
1,충남외국어고등학교(외국어고)충청남도 아산시 탕정면,1 명1 명0 명,0 명0 명0 명,1 명,
2,온양고등학교(일반고)충청남도 아산시 온천동,1 명1 명0 명,0 명0 명0 명,1 명,
3,온양여자고등학교(일반고)충청남도 아산시 풍기동,1 명1 명0 명,0 명0 명0 명,1 명,
4,아산고등학교(일반고)충청남도 아산시 온천동,0 명0 명0 명,0 명0 명0 명,0 명,
5,배방고등학교(일반고)충청남도 아산시 배방읍 북수리,0 명0 명0 명,0 명0 명0 명,0 명,
6,온양한올고등학교(일반고)충청남도 아산시 권곡동,0 명0 명0 명,0 명0 명0 명,0 명,
0,서천여자고등학교(자율고)충청남도 서천군 서천읍 군사리,1 명1 명0 명,0 명0 명0 명,1 명,
0,서일고등학교(일반고)충청남도 서산시 지곡면 화천리,2 명2 명0 명,0 명0 명0 명,2 명,
1,서령고등학교(일반고)충청남도 서산시 동문동,1 명1 명0 명,0 명0 명0 명,1 명,
2,대산고등학교(자율고)충청남도 서산시 대산읍 대산리,1 명1 명0 명,0 명0 명0 명,1 명,
0,부여고등학교(일반고)충청남도 부여군 부여읍 가탑리,0 명0 명0 명,0 명0 명0 명,0 명,
0,대천여자고등학교(일반고)충청남도 보령시 대천동,1 명0 명1 명,0 명0 명0 명,1 명,
0,신평고등학교(일반고)충청남도 당진시 신평면 금천리,0 명0 명0 명,0 명0 명0 명,0 명,
1,호서고등학교(일반고)충청남도 당진시 읍내동,0 명0 명0 명,0 명0 명0 명,0 명,
0,논산대건고등학교(일반고)충청남도 논산시 등화동,3 명2 명1 명,0 명0 명0 명,3 명,
1,연무고등학교(일반고)충청남도 논산시 연무읍 동산리,1 명1 명0 명,0 명0 명0 명,1 명,
2,건양대학교병설건양고등학교(일반고)충청남도 논산시 양촌면 남산리,1 명1 명0 명,0 명0 명0 명,1 명,
3,논산고등학교(자율고)충청남도 논산시 내동,1 명1 명0 명,0 명0 명0 명,1 명,
4,논산여자고등학교(일반고)충청남도 논산시 취암동,0 명0 명0 명,0 명0 명0 명,0 명,
0,금산고등학교(일반고)충청남도 금산군 금산읍 중도리,1 명1 명0 명,1 명1 명0 명,2 명,
1,금산여자고등학교(일반고)충청남도 금산군 금산읍 아인리,0 명0 명0 명,0 명0 명0 명,0 명,
0,한일고등학교(일반고)충청남도 공주시 정안면 광정리,21 명11 명10 명,5 명4 명1 명,26 명,
1,공주대학교사범대학부설고등학교(일반고)충청남도 공주시 반죽동,15 명5 명10 명,4 명4 명0 명,19 명,
2,충남과학고등학교(과학고)충청남도 공주시 반포면 마암리,5 명5 명0 명,10 명10 명0 명,15 명,
3,공주고등학교(일반고)충청남도 공주시 중학동,1 명1 명0 명,0 명0 명0 명,1 명,
4,공주여자고등학교(일반고)충청남도 공주시 금학동,0 명0 명0 명,0 명0 명0 명,0 명,
5,공주영명고등학교(일반고)충청남도 공주시 중동,0 명0 명0 명,0 명0 명0 명,0 명,
0,용남고등학교(자율형공립고)충청남도 계룡시 신도안면,2 명2 명0 명,0 명0 명0 명,2 명,
0,충주여자고등학교(일반고)충청북도 충주시 용산동,1 명1 명0 명,0 명0 명0 명,1 명,
1,충주중산고등학교(일반고)충청북도 충주시 호암동,1 명1 명0 명,0 명0 명0 명,1 명,
2,충주고등학교(자율형공립고)충청북도 충주시 호암동,1 명1 명0 명,0 명0 명0 명,1 명,
3,충주예성여자고등학교(자율형공립고)충청북도 충주시 호암동,0 명0 명0 명,0 명0 명0 명,0 명,
0,충북과학고등학교(과학고)충청북도 청주시 상당구 가덕면 상야리,1 명1 명0 명,23 명23 명0 명,24 명,
1,청원고등학교(자율형공립고)충청북도 청주시 청원구 오창읍 구룡리,12 명5 명7 명,0 명0 명0 명,12 명,
2,세광고등학교(일반고)충청북도 청주시 서원구 미평동,7 명5 명2 명,0 명0 명0 명,7 명,
3,청석고등학교(일반고)충청북도 청주시 상당구 용암동,4 명3 명1 명,1 명1 명0 명,5 명,
4,운호고등학교(일반고)충청북도 청주시 서원구 모충동,2 명2 명0 명,1 명1 명0 명,3 명,
5,한국교원대학교부설고등학교(일반고)충청북도 청주시 흥덕구 강내면 다락리,2 명2 명0 명,1 명1 명0 명,3 명,
6,청주고등학교(자율형공립고)충청북도 청주시 흥덕구 복대동,2 명2 명0 명,0 명0 명0 명,2 명,
7,산남고등학교(일반고)충청북도 청주시 서원구 산남동,2 명1 명1 명,0 명0 명0 명,2 명,
8,충북여자고등학교(일반고)충청북도 청주시 서원구 모충동,2 명2 명0 명,0 명0 명0 명,2 명,
9,오송고등학교(자율형공립고)충청북도 청주시 흥덕구 오송읍 연제리,2 명2 명0 명,0 명0 명0 명,2 명,
10,청주대성고등학교(일반고)충청북도 청주시 청원구 내덕동,2 명2 명0 명,0 명0 명0 명,2 명,
11,흥덕고등학교(일반고)충청북도 청주시 흥덕구 복대동,1 명1 명0 명,0 명0 명0 명,1 명,
12,충북고등학교(일반고)충청북도 청주시 서원구 분평동,1 명1 명0 명,0 명0 명0 명,1 명,
13,양청고등학교(일반고)충청북도 청주시 청원구 오창읍 양청리,1 명1 명0 명,0 명0 명0 명,1 명,
14,상당고등학교(일반고)충청북도 청주시 상당구 용암2동,0 명0 명0 명,0 명0 명0 명,0 명,
15,일신여자고등학교(일반고)충청북도 청주시 상당구 탑대성동 탑동,0 명0 명0 명,0 명0 명0 명,0 명,
16,청주신흥고등학교(일반고)충청북도 청주시 청원구 율량동,0 명0 명0 명,0 명0 명0 명,0 명,
17,충북예술고등학교(예술고)충청북도 청주시 흥덕구 가경동,0 명0 명0 명,0 명0 명0 명,0 명,
18,금천고등학교(일반고)충청북도 청주시 상당구 금천동,0 명0 명0 명,0 명0 명0 명,0 명,
19,청주여자고등학교(일반고)충청북도 청주시 청원구 율량동,0 명0 명0 명,0 명0 명0 명,0 명,
0,진천고등학교(일반고)충청북도 진천군 진천읍 신정리,1 명1 명0 명,0 명0 명0 명,1 명,
1,광혜원고등학교(일반고)충청북도 진천군 광혜원면 광혜원리,1 명1 명0 명,0 명0 명0 명,1 명,
0,영동고등학교(일반고)충청북도 영동군 영동읍 계산리,1 명1 명0 명,0 명0 명0 명,1 명,
1,형석고등학교(일반고)충청북도 증평군 증평읍 미암리,1 명1 명0 명,0 명0 명0 명,1 명,
0,제천고등학교(일반고)충청북도 제천시 청전동,1 명1 명0 명,0 명0 명0 명,1 명,
1,제천여자고등학교(일반고)충청북도 제천시 서부동,0 명0 명0 명,0 명0 명0 명,0 명,
2,제천제일고등학교(일반고)충청북도 제천시 동현동,0 명0 명0 명,0 명0 명0 명,0 명,
0,음성고등학교(일반고)충청북도 음성군 음성읍 신천리,0 명0 명0 명,0 명0 명0 명,0 명,
1,매괴고등학교(일반고)충청북도 음성군 감곡면 왕장리,0 명0 명0 명,0 명0 명0 명,0 명,
0,옥천고등학교(일반고)충청북도 옥천군 옥천읍 삼양리,1 명1 명0 명,0 명0 명0 명,1 명,
0,보은고등학교(일반고)충청북도 보은군 보은읍 죽전리,0 명0 명0 명,0 명0 명0 명,0 명,
0,괴산고등학교(일반고)충청북도 괴산군 괴산읍 대사리,0 명0 명0 명,0 명0 명0 명,0 명,
0,민족사관고등학교(자율형사립고)강원도 횡성군 안흥면 소사리,40 명34 명6 명,5 명5 명0 명,45 명,
1,횡성고등학교(일반고)강원도 횡성군 횡성읍 읍하리,1 명1 명0 명,0 명0 명0 명,1 명,
2,둔내고등학교(일반고)강원도 횡성군 둔내면 둔방내리,0 명0 명0 명,0 명0 명0 명,0 명,
3,횡성여자고등학교(일반고)강원도 횡성군 횡성읍 입석리,0 명0 명0 명,0 명0 명0 명,0 명,
0,홍천여자고등학교(일반고)강원도 홍천군 홍천읍 희망리,0 명0 명0 명,1 명1 명0 명,1 명,
0,평창고등학교(일반고)강원도 평창군 평창읍 중리,1 명1 명0 명,0 명0 명0 명,1 명,
0,황지고등학교(일반고)강원도 태백시 황지동,0 명0 명0 명,0 명0 명0 명,0 명,
0,춘천고등학교(일반고)강원도 춘천시 소양로3가,1 명1 명0 명,1 명1 명0 명,2 명,
1,춘천여자고등학교(일반고)강원도 춘천시 동면 만천리,1 명1 명0 명,0 명0 명0 명,1 명,
2,강원고등학교(일반고)강원도 춘천시 동면 장학리,1 명1 명0 명,0 명0 명0 명,1 명,
3,강원대학교사범대학부설고등학교(일반고)강원도 춘천시 후평동,1 명0 명1 명,0 명0 명0 명,1 명,
5,유봉여자고등학교(일반고)강원도 춘천시 교동,1 명1 명0 명,0 명0 명0 명,1 명,
6,성수여자고등학교(일반고)강원도 춘천시 낙원동,0 명0 명0 명,0 명0 명0 명,0 명,
0,김화고등학교(일반고)강원도 철원군 서면 와수리,1 명1 명0 명,0 명0 명0 명,1 명,
1,철원고등학교(일반고)강원도 철원군 철원읍 화지리,1 명1 명0 명,0 명0 명0 명,1 명,
0,정선고등학교(일반고)강원도 정선군 정선읍,1 명1 명0 명,0 명0 명0 명,1 명,
0,인제고등학교(일반고)강원도 인제군 인제읍 합강리,1 명1 명0 명,0 명0 명0 명,1 명,
1,원통고등학교(일반고)강원도 인제군 북면 원통리,1 명1 명0 명,0 명0 명0 명,1 명,
0,강원과학고등학교(특목고)강원도 원주시 태장동,1 명1 명0 명,14 명14 명0 명,15 명,
1,원주고등학교(일반고)강원도 원주시 개운동,2 명1 명1 명,1 명1 명0 명,3 명,
2,원주여자고등학교(일반고)강원도 원주시 반곡동,1 명1 명0 명,0 명0 명0 명,1 명,
3,원주삼육고등학교(일반고)강원도 원주시 무실동,1 명1 명0 명,0 명0 명0 명,1 명,
4,육민관고등학교(일반고)강원도 원주시 흥업면 흥업리,0 명0 명0 명,0 명0 명0 명,0 명,
5,북원여자고등학교(일반고)강원도 원주시 단계동,0 명0 명0 명,0 명0 명0 명,0 명,
6,진광고등학교(일반고)강원도 원주시 우산동,0 명0 명0 명,0 명0 명0 명,0 명,
7,대성고등학교(일반고)강원도 원주시 무실동,0 명0 명0 명,0 명0 명0 명,0 명,
8,상지여자고등학교(일반고)강원도 원주시 개운동,0 명0 명0 명,0 명0 명0 명,0 명,
0,석정여자고등학교(일반고)강원도 영월군 영월읍 하송리,1 명1 명0 명,0 명0 명0 명,1 명,
1,영월고등학교(일반고)강원도 영월군 영월읍 영흥리,1 명1 명0 명,0 명0 명0 명,1 명,
0,양양고등학교(일반고)강원도 양양군 양양읍 서문리,1 명1 명0 명,0 명0 명0 명,1 명,
0,강원외국어고등학교(외국어고)강원도 양구군 양구읍 하리,3 명1 명2 명,0 명0 명0 명,3 명,
1,양구여자고등학교(일반고)강원도 양구군 양구읍 정림리,0 명0 명0 명,0 명0 명0 명,0 명,
0,속초고등학교(일반고)강원도 속초시 장사동,0 명0 명0 명,0 명0 명0 명,0 명,
1,속초여자고등학교(일반고)강원도 속초시 교동,0 명0 명0 명,0 명0 명0 명,0 명,
0,삼척고등학교(일반고)강원도 삼척시 당저동,1 명1 명0 명,0 명0 명0 명,1 명,
1,삼척여자고등학교(일반고)강원도 삼척시 남양동,1 명1 명0 명,0 명0 명0 명,1 명,
0,북평고등학교(일반고)강원도 동해시 동회동,0 명0 명0 명,1 명1 명0 명,1 명,
1,북평여자고등학교(일반고)강원도 동해시 천곡동,1 명1 명0 명,0 명0 명0 명,1 명,
0,고성고등학교(일반고)강원도 고성군 간성읍 상리,1 명1 명0 명,0 명0 명0 명,1 명,
0,강릉고등학교(일반고)강원도 강릉시 초당동,1 명1 명0 명,1 명1 명0 명,2 명,
1,강릉제일고등학교(일반고)강원도 강릉시 교동,1 명1 명0 명,0 명0 명0 명,1 명,
2,강릉여자고등학교(일반고)강원도 강릉시 옥천동,1 명1 명0 명,0 명0 명0 명,1 명,
3,강릉명륜고등학교(일반고)강원도 강릉시 교동,1 명1 명0 명,0 명0 명0 명,1 명,
4,강원예술고등학교(예술고)강원도 강릉시 구정면 제비리,0 명0 명0 명,0 명0 명0 명,0 명,
5,경포고등학교(일반고)강원도 강릉시 포남동,0 명0 명0 명,0 명0 명0 명,0 명,
6,강릉문성고등학교(일반고)강원도 강릉시 지변동,0 명0 명0 명,0 명0 명0 명,0 명,
7,강일여자고등학교(일반고)강원도 강릉시 교동,0 명0 명0 명,0 명0 명0 명,0 명,
0,화성고등학교(일반고)경기도 화성시 향남읍 장짐리,10 명1 명9 명,0 명0 명0 명,10 명,
1,동탄국제고등학교(국제고)경기도 화성시 반송동,10 명5 명5 명,0 명0 명0 명,10 명,
2,동탄고등학교(일반고)경기도 화성시 반송동,3 명0 명3 명,0 명0 명0 명,3 명,
3,병점고등학교(일반고)경기도 화성시 병점동,2 명0 명2 명,0 명0 명0 명,2 명,
4,삼괴고등학교(일반고)경기도 화성시 우정읍 조암리,1 명1 명0 명,0 명0 명0 명,1 명,
5,반송고등학교(일반고)경기도 화성시 반송동,1 명1 명0 명,0 명0 명0 명,1 명,
6,향남고등학교(일반고)경기도 화성시 향남읍 행정리,0 명0 명0 명,1 명1 명0 명,1 명,
7,나루고등학교(일반고)경기도 화성시 반송동,1 명1 명0 명,0 명0 명0 명,1 명,
8,능동고등학교(일반고)경기도 화성시 능동,0 명0 명0 명,0 명0 명0 명,0 명,
9,남양고등학교(일반고)경기도 화성시 남양읍 남양리,0 명0 명0 명,0 명0 명0 명,0 명,
10,안화고등학교(일반고)경기도 화성시 병점동,0 명0 명0 명,0 명0 명0 명,0 명,
0,하남고등학교(일반고)경기도 하남시 망월동,2 명2 명0 명,0 명0 명0 명,2 명,
1,한국애니메이션고등학교(특성화고)경기도 하남시 창우동,0 명0 명0 명,0 명0 명0 명,0 명,
2,남한고등학교(일반고)경기도 하남시 덕풍동,0 명0 명0 명,0 명0 명0 명,0 명,
0,송우고등학교(일반고)경기도 포천시 소흘읍 송우리,2 명1 명1 명,0 명0 명0 명,2 명,
1,동남고등학교(일반고)경기도 포천시 소흘읍 송우리,0 명0 명0 명,1 명1 명0 명,1 명,
2,포천고등학교(일반고)경기도 포천시 신읍동,0 명0 명0 명,0 명0 명0 명,0 명,
0,신한고등학교(일반고)경기도 평택시 비전동,3 명3 명0 명,1 명1 명0 명,4 명,
1,평택고등학교(일반고)경기도 평택시 합정동,2 명1 명1 명,1 명1 명0 명,3 명,
2,한광여자고등학교(일반고)경기도 평택시 비전2동,0 명0 명0 명,1 명1 명0 명,1 명,
3,진위고등학교(일반고)경기도 평택시 진위면 가곡리,1 명1 명0 명,0 명0 명0 명,1 명,
4,효명고등학교(일반고)경기도 평택시 장당동,1 명1 명0 명,0 명0 명0 명,1 명,
5,한광고등학교(일반고)경기도 평택시 비전동,0 명0 명0 명,0 명0 명0 명,0 명,
6,평택여자고등학교(일반고)경기도 평택시 세교동,0 명0 명0 명,0 명0 명0 명,0 명,
7,은혜고등학교(일반고)경기도 평택시 장안동,0 명0 명0 명,0 명0 명0 명,0 명,
8,태광고등학교(일반고)경기도 평택시 신장동,0 명0 명0 명,0 명0 명0 명,0 명,
0,운정고등학교(자율형공립고)경기도 파주시 목동동,13 명1 명12 명,0 명0 명0 명,13 명,
1,한민고등학교(일반고)경기도 파주시 광탄면 용미리,10 명5 명5 명,0 명0 명0 명,10 명,
2,교하고등학교(일반고)경기도 파주시 동패동,2 명1 명1 명,0 명0 명0 명,2 명,
3,문산수억고등학교(일반고)경기도 파주시 파주읍 봉서리,1 명1 명0 명,0 명0 명0 명,1 명,
4,문산고등학교(일반고)경기도 파주시 문산읍 당동리,1 명1 명0 명,0 명0 명0 명,1 명,
5,봉일천고등학교(일반고)경기도 파주시 조리읍,0 명0 명0 명,0 명0 명0 명,0 명,
6,동패고등학교(일반고)경기도 파주시 동패동,0 명0 명0 명,0 명0 명0 명,0 명,
0,이천고등학교(일반고)경기도 이천시 증포동,1 명0 명1 명,2 명2 명0 명,3 명,
1,효양고등학교(일반고)경기도 이천시 부발읍 신하리,3 명3 명0 명,0 명0 명0 명,3 명,
2,이천양정여자고등학교(일반고)경기도 이천시 관고동,2 명2 명0 명,0 명0 명0 명,2 명,
3,장호원고등학교(일반고)경기도 이천시 장호원읍 노탑리,1 명1 명0 명,0 명0 명0 명,1 명,
4,부원고등학교(일반고)경기도 이천시 장호원읍,0 명0 명0 명,0 명0 명0 명,0 명,
5,이현고등학교(일반고)경기도 이천시 갈산동,0 명0 명0 명,0 명0 명0 명,0 명,
0,경기북과학고등학교(과학고)경기도 의정부시 녹양동,7 명7 명0 명,30 명30 명0 명,37 명,
1,상우고등학교(일반고)경기도 의정부시 의정부동,1 명1 명0 명,0 명0 명0 명,1 명,
2,의정부고등학교(일반고)경기도 의정부시 가능동,0 명0 명0 명,1 명1 명0 명,1 명,
3,송현고등학교(일반고)경기도 의정부시 민락동,1 명0 명1 명,0 명0 명0 명,1 명,
4,동국대학교사범대학부속영석고등학교(일반고)경기도 의정부시 용현동,0 명0 명0 명,0 명0 명0 명,0 명,
5,의정부광동고등학교(일반고)경기도 의정부시 가능동,0 명0 명0 명,0 명0 명0 명,0 명,
0,경기외국어고등학교(외국어고)경기도 의왕시 고천동,19 명12 명7 명,0 명0 명0 명,19 명,
1,우성고등학교(일반고)경기도 의왕시 고천동,3 명0 명3 명,0 명0 명0 명,3 명,
2,모락고등학교(일반고)경기도 의왕시 오전동,1 명1 명0 명,0 명0 명0 명,1 명,
3,의왕고등학교(자율형공립고)경기도 의왕시 삼동,1 명1 명0 명,0 명0 명0 명,1 명,
4,백운고등학교(일반고)경기도 의왕시 내손동,0 명0 명0 명,0 명0 명0 명,0 명,
0,용인한국외국어대학교부설고등학교(자율형사립고)경기도 용인시처인구 모현면 왕산리,74 명39 명35 명,9 명9 명0 명,83 명,
1,수지고등학교(일반고)경기도 용인시 수지구 풍덕천동,23 명8 명15 명,4 명4 명0 명,27 명,
2,풍덕고등학교(일반고)경기도 용인시 수지구 풍덕천동,5 명3 명2 명,0 명0 명0 명,5 명,
3,보정고등학교(일반고)경기도 용인시 기흥구 보정동,2 명1 명1 명,0 명0 명0 명,2 명,
4,동백고등학교(일반고)경기도 용인시기흥구 동백동,2 명1 명1 명,0 명0 명0 명,2 명,
5,포곡고등학교(일반고)경기도 용인시 처인구 포곡읍,1 명1 명0 명,0 명0 명0 명,1 명,
6,성지고등학교(일반고)경기도 용인시 기흥구 구갈동,1 명1 명0 명,0 명0 명0 명,1 명,
7,구성고등학교(일반고)경기도 용인시 기흥구 마북동,1 명1 명0 명,0 명0 명0 명,1 명,
8,기흥고등학교(일반고)경기도 용인시 기흥구 신갈동,1 명0 명1 명,0 명0 명0 명,1 명,
9,대지고등학교(일반고)경기도 용인시 수지구 죽전동,1 명1 명0 명,0 명0 명0 명,1 명,
10,태성고등학교(일반고)경기도 용인시 처인구 남동,1 명1 명0 명,0 명0 명0 명,1 명,
11,홍천고등학교(일반고)경기도 용인시수지구 신봉동,0 명0 명0 명,0 명0 명0 명,0 명,
12,신봉고등학교(일반고)경기도 용인시 수지구 신봉동,0 명0 명0 명,0 명0 명0 명,0 명,
13,성복고등학교(일반고)경기도 용인시 수지구 성복동,0 명0 명0 명,0 명0 명0 명,0 명,
14,청덕고등학교(일반고)경기도 용인시기흥구 청덕동,0 명0 명0 명,0 명0 명0 명,0 명,
15,상현고등학교(일반고)경기도 용인시 수지구 상현동,0 명0 명0 명,0 명0 명0 명,0 명,
16,용인백현고등학교(일반고)경기도 용인시 기흥구 동백동,0 명0 명0 명,0 명0 명0 명,0 명,
17,용인삼계고등학교(일반고)경기도 용인시 처인구 포곡읍 삼계리,0 명0 명0 명,0 명0 명0 명,0 명,
18,죽전고등학교(일반고)경기도 용인시 수지구 죽전동,0 명0 명0 명,0 명0 명0 명,0 명,
19,초당고등학교(일반고)경기도 용인시 기흥구 중동,0 명0 명0 명,0 명0 명0 명,0 명,
0,세마고등학교(자율형공립고)경기도 오산시 금암동,11 명1 명10 명,0 명0 명0 명,11 명,
1,오산고등학교(일반고)경기도 오산시 청학동,0 명0 명0 명,0 명0 명0 명,0 명,
2,운천고등학교(일반고)경기도 오산시 부산동,0 명0 명0 명,0 명0 명0 명,0 명,
0,여주자영농업고등학교(특성화고)경기도 여주시 능서면 왕대리,1 명1 명0 명,0 명0 명0 명,1 명,
1,대신고등학교(일반고)경기도 여주시 대신면 후포리,0 명0 명0 명,1 명1 명0 명,1 명,
2,여주제일고등학교(일반고)경기도 여주시 가남읍 심석리,0 명0 명0 명,0 명0 명0 명,0 명,
0,양서고등학교(일반고)경기도 양평군 양서면 용담리,14 명2 명12 명,2 명2 명0 명,16 명,
1,양일고등학교(일반고)경기도 양평군 양평읍 양근리,3 명3 명0 명,0 명0 명0 명,3 명,
2,양평고등학교(일반고)경기도 양평군 양평읍 양근리,0 명0 명0 명,0 명0 명0 명,0 명,
0,양주고등학교(자율고)경기도 양주시 삼숭동,1 명0 명1 명,0 명0 명0 명,1 명,
1,덕계고등학교(일반고)경기도 양주시 덕계동,0 명0 명0 명,0 명0 명0 명,0 명,
0,안양외국어고등학교(외국어고)경기도 안양시 만안구 안양동,15 명9 명6 명,0 명0 명0 명,15 명,
1,신성고등학교(일반고)경기도 안양시 만안구 안양동,9 명3 명6 명,2 명2 명0 명,11 명,
2,부흥고등학교(일반고)경기도 안양시동안구 비산동,6 명4 명2 명,0 명0 명0 명,6 명,
3,백영고등학교(일반고)경기도 안양시 동안구 평촌동,4 명1 명3 명,0 명0 명0 명,4 명,
4,양명고등학교(일반고)경기도 안양시 만안구 안양동,3 명1 명2 명,0 명0 명0 명,3 명,
5,양명여자고등학교(일반고)경기도 안양시만안구 안양동,2 명1 명1 명,0 명0 명0 명,2 명,
6,평촌고등학교(일반고)경기도 안양시동안구 호계동,0 명0 명0 명,1 명1 명0 명,1 명,
7,충훈고등학교(일반고)경기도 안양시 만안구 석수동,1 명1 명0 명,0 명0 명0 명,1 명,
8,안양예술고등학교(예술고)경기도 안양시만안구 안양동,1 명1 명0 명,0 명0 명0 명,1 명,
9,동안고등학교(일반고)경기도 안양시 동안구 평안동,1 명1 명0 명,0 명0 명0 명,1 명,
10,안양여자고등학교(일반고)경기도 안양시 만안구 안양동,1 명1 명0 명,0 명0 명0 명,1 명,
11,관양고등학교(일반고)경기도 안양시 동안구 관양동,1 명1 명0 명,0 명0 명0 명,1 명,
12,안양고등학교(일반고)경기도 안양시 만안구 박달동,0 명0 명0 명,0 명0 명0 명,0 명,
13,성문고등학교(일반고)경기도 안양시 만안구 안양동,0 명0 명0 명,0 명0 명0 명,0 명,
0,가온고등학교(일반고)경기도 안성시 발화동,1 명0 명1 명,0 명0 명0 명,1 명,
1,안법고등학교(일반고)경기도 안성시 구포동,1 명1 명0 명,0 명0 명0 명,1 명,
2,경기창조고등학교(일반고)경기도 안성시 공도읍 만정리,1 명1 명0 명,0 명0 명0 명,1 명,
3,안성고등학교(일반고)경기도 안성시 금산동,0 명0 명0 명,1 명1 명0 명,1 명,
4,안성여자고등학교(일반고)경기도 안성시 신소현동,0 명0 명0 명,0 명0 명0 명,0 명,
0,안산동산고등학교(자율형사립고)경기도 안산시 상록구 본오동,33 명17 명16 명,4 명3 명1 명,37 명,
1,한국디지털미디어고등학교(특성화고)경기도 안산시 단원구 와동,1 명1 명0 명,1 명1 명0 명,2 명,
2,경안고등학교(일반고)경기도 안산시 단원구 고잔동,0 명0 명0 명,1 명1 명0 명,1 명,
3,안산고등학교(일반고)경기도 안산시 상록구 장상동,1 명1 명0 명,0 명0 명0 명,1 명,
4,부곡고등학교(일반고)경기도 안산시상록구 부곡동,1 명1 명0 명,0 명0 명0 명,1 명,
5,안산강서고등학교(일반고)경기도 안산시 단원구 와동,0 명0 명0 명,0 명0 명0 명,0 명,
6,양지고등학교(일반고)경기도 안산시 단원구 고잔동,0 명0 명0 명,0 명0 명0 명,0 명,
7,성포고등학교(일반고)경기도 안산시 상록구 성포동,0 명0 명0 명,0 명0 명0 명,0 명,
8,원곡고등학교(일반고)경기도 안산시 단원구 원곡동,0 명0 명0 명,0 명0 명0 명,0 명,
0,함현고등학교(자율형공립고)경기도 시흥시 정왕동,3 명1 명2 명,1 명0 명1 명,4 명,
1,소래고등학교(일반고)경기도 시흥시 은행동,1 명1 명0 명,0 명0 명0 명,1 명,
2,장곡고등학교(일반고)경기도 시흥시 장곡동,1 명1 명0 명,0 명0 명0 명,1 명,
3,서해고등학교(일반고)경기도 시흥시 정왕동,0 명0 명0 명,0 명0 명0 명,0 명,
4,시흥고등학교(일반고)경기도 시흥시 하상동,0 명0 명0 명,0 명0 명0 명,0 명,
5,은행고등학교(일반고)경기도 시흥시 은행동,0 명0 명0 명,0 명0 명0 명,0 명,
6,군서고등학교(일반고)경기도 시흥시 정왕동,0 명0 명0 명,0 명0 명0 명,0 명,
7,정왕고등학교(일반고)경기도 시흥시 정왕동,0 명0 명0 명,0 명0 명0 명,0 명,
0,경기과학고등학교(영재고)경기도 수원시 장안구 송죽동,54 명54 명0 명,30 명30 명0 명,84 명,
1,수원외국어고등학교(외국어고)경기도 수원시영통구 이의동,11 명8 명3 명,0 명0 명0 명,11 명,
2,창현고등학교(일반고)경기도 수원시팔달구 우만동,8 명7 명1 명,0 명0 명0 명,8 명,
3,유신고등학교(일반고)경기도 수원시팔달구 우만동,6 명3 명3 명,0 명0 명0 명,6 명,
4,수성고등학교(일반고)경기도 수원시 장안구 정자동,5 명4 명1 명,0 명0 명0 명,5 명,
5,동원고등학교(일반고)경기도 수원시 장안구 이목동,3 명2 명1 명,1 명1 명0 명,4 명,
6,수원고등학교(일반고)경기도 수원시 팔달구 매교동,4 명4 명0 명,0 명0 명0 명,4 명,
7,천천고등학교(일반고)경기도 수원시 장안구 천천동,2 명2 명0 명,1 명1 명0 명,3 명,
8,수원농생명과학고등학교(특성화고)경기도 수원시 장안구 영화동,2 명2 명0 명,0 명0 명0 명,2 명,
9,영복여자고등학교(일반고)경기도 수원시 팔달구 화서동,2 명1 명1 명,0 명0 명0 명,2 명,
10,조원고등학교(일반고)경기도 수원시 장안구 조원동,0 명0 명0 명,2 명2 명0 명,2 명,
11,대평고등학교(일반고)경기도 수원시 장안구 정자동,2 명2 명0 명,0 명0 명0 명,2 명,
12,영덕고등학교(일반고)경기도 수원시 영통구 영통동,1 명1 명0 명,0 명0 명0 명,1 명,
13,고색고등학교(자율형공립고)경기도 수원시 권선구 고색동,1 명1 명0 명,0 명0 명0 명,1 명,
14,광교고등학교(일반고)경기도 수원시 영통구 이의동,1 명1 명0 명,0 명0 명0 명,1 명,
15,동우여자고등학교(일반고)경기도 수원시 장안구 이목동,1 명1 명0 명,0 명0 명0 명,1 명,
16,수원여자고등학교(일반고)경기도 수원시 팔달구 고등동,1 명1 명0 명,0 명0 명0 명,1 명,
17,수일고등학교(일반고)경기도 수원시 장안구 조원동,1 명1 명0 명,0 명0 명0 명,1 명,
18,태장고등학교(일반고)경기도 수원시 영통구 영통동,1 명0 명1 명,0 명0 명0 명,1 명,
19,영신여자고등학교(일반고)경기도 수원시 권선구 오목천동,1 명1 명0 명,0 명0 명0 명,1 명,
0,낙생고등학교(일반고)경기도 성남시 분당구 판교동,13 명5 명8 명,1 명1 명0 명,14 명,
1,성남외국어고등학교(외국어고)경기도 성남시 분당구 백현동,11 명6 명5 명,0 명0 명0 명,11 명,
2,서현고등학교(일반고)경기도 성남시 분당구 서현동,9 명1 명8 명,1 명1 명0 명,10 명,
3,분당대진고등학교(일반고)경기도 성남시 분당구 분당동,9 명5 명4 명,0 명0 명0 명,9 명,
4,계원예술고등학교(예술고)경기도 성남시분당구 정자동,7 명6 명1 명,0 명0 명0 명,7 명,
5,분당중앙고등학교(일반고)경기도 성남시 분당구 정자동,7 명5 명2 명,0 명0 명0 명,7 명,
6,분당고등학교(일반고)경기도 성남시 분당구 수내동,7 명2 명5 명,0 명0 명0 명,7 명,
7,수내고등학교(일반고)경기도 성남시 분당구 수내동,5 명3 명2 명,1 명1 명0 명,6 명,
8,한솔고등학교(일반고)경기도 성남시 분당구 정자동,5 명3 명2 명,1 명0 명1 명,6 명,
9,이매고등학교(일반고)경기도 성남시 분당구 이매동,6 명5 명1 명,0 명0 명0 명,6 명,
10,분당영덕여자고등학교(일반고)경기도 성남시 분당구 야탑동,4 명3 명1 명,0 명0 명0 명,4 명,
11,야탑고등학교(일반고)경기도 성남시 분당구 야탑동,4 명4 명0 명,0 명0 명0 명,4 명,
12,불곡고등학교(일반고)경기도 성남시 분당구 구미동,3 명3 명0 명,0 명0 명0 명,3 명,
13,돌마고등학교(일반고)경기도 성남시 분당구 이매동,3 명0 명3 명,0 명0 명0 명,3 명,
14,운중고등학교(일반고)경기도 성남시 분당구 운중동,2 명1 명1 명,0 명0 명0 명,2 명,
15,보평고등학교(일반고)경기도 성남시 분당구 백현동,2 명1 명1 명,0 명0 명0 명,2 명,
16,늘푸른고등학교(일반고)경기도 성남시 분당구 정자동,1 명1 명0 명,0 명0 명0 명,1 명,
17,태원고등학교(일반고)경기도 성남시 분당구 야탑동,1 명1 명0 명,0 명0 명0 명,1 명,
18,송림고등학교(일반고)경기도 성남시분당구 이매동,1 명1 명0 명,0 명0 명0 명,1 명,
19,풍생고등학교(일반고)경기도 성남시 수정구 수진동,1 명0 명1 명,0 명0 명0 명,1 명,
0,부천고등학교(일반고)경기도 부천시 송내동,3 명1 명2 명,0 명0 명0 명,3 명,
1,경기예술고등학교(예술고)경기도 부천시 중동,3 명3 명0 명,0 명0 명0 명,3 명,
2,부명고등학교(일반고)경기도 부천시 중동,2 명1 명1 명,0 명0 명0 명,2 명,
3,상일고등학교(일반고)경기도 부천시 상동,1 명0 명1 명,0 명0 명0 명,1 명,
4,부천여자고등학교(일반고)경기도 부천시 상동,1 명1 명0 명,0 명0 명0 명,1 명,
5,송내고등학교(일반고)경기도 부천시 송내동,1 명0 명1 명,0 명0 명0 명,1 명,
6,상동고등학교(일반고)경기도 부천시 상동,1 명0 명1 명,0 명0 명0 명,1 명,
7,도당고등학교(일반고)경기도 부천시 도당동,1 명1 명0 명,0 명0 명0 명,1 명,
8,범박고등학교(일반고)경기도 부천시 범박동,1 명1 명0 명,0 명0 명0 명,1 명,
9,상원고등학교(일반고)경기도 부천시 상동,1 명0 명1 명,0 명0 명0 명,1 명,
10,중원고등학교(일반고)경기도 부천시 중동,0 명0 명0 명,0 명0 명0 명,0 명,
11,소명여자고등학교(일반고)경기도 부천시 소사동,0 명0 명0 명,0 명0 명0 명,0 명,
12,정명고등학교(일반고)경기도 부천시 심곡본동,0 명0 명0 명,0 명0 명0 명,0 명,
13,원미고등학교(일반고)경기도 부천시 중동,0 명0 명0 명,0 명0 명0 명,0 명,
14,소사고등학교(일반고)경기도 부천시 소사본동,0 명0 명0 명,0 명0 명0 명,0 명,
15,시온고등학교(일반고)경기도 부천시 범박동,0 명0 명0 명,0 명0 명0 명,0 명,
16,역곡고등학교(일반고)경기도 부천시 역곡동,0 명0 명0 명,0 명0 명0 명,0 명,
17,원종고등학교(일반고)경기도 부천시 원종동,0 명0 명0 명,0 명0 명0 명,0 명,
0,동두천외국어고등학교(외국어고)경기도 동두천시 지행동,3 명2 명1 명,0 명0 명0 명,3 명,
1,동두천고등학교(일반고)경기도 동두천시 생연동,1 명1 명0 명,0 명0 명0 명,1 명,
0,와부고등학교(자율형공립고)경기도 남양주시 와부읍 덕소리,6 명2 명4 명,4 명2 명2 명,10 명,
1,동화고등학교(일반고)경기도 남양주시 다산동,9 명5 명4 명,0 명0 명0 명,9 명,
2,퇴계원고등학교(일반고)경기도 남양주시 퇴계원면 퇴계원리,2 명2 명0 명,0 명0 명0 명,2 명,
3,광동고등학교(일반고)경기도 남양주시 진접읍 장현리,2 명2 명0 명,0 명0 명0 명,2 명,
4,덕소고등학교(일반고)경기도 남양주시 와부읍 도곡리,2 명2 명0 명,0 명0 명0 명,2 명,
5,청학고등학교(자율형공립고)경기도 남양주시 별내면 청학리,1 명0 명1 명,0 명0 명0 명,1 명,
6,심석고등학교(일반고)경기도 남양주시 화도읍 마석우리,1 명1 명0 명,0 명0 명0 명,1 명,
7,평내고등학교(일반고)경기도 남양주시 평내동,1 명1 명0 명,0 명0 명0 명,1 명,
8,마석고등학교(일반고)경기도 남양주시 화도읍 녹촌리,1 명1 명0 명,0 명0 명0 명,1 명,
9,진건고등학교(일반고)경기도 남양주시 진건읍,1 명1 명0 명,0 명0 명0 명,1 명,
10,판곡고등학교(일반고)경기도 남양주시 호평동,1 명1 명0 명,0 명0 명0 명,1 명,
11,별내고등학교(일반고)경기도 남양주시 별내동,0 명0 명0 명,0 명0 명0 명,0 명,
0,김포고등학교(일반고)경기도 김포시 사우동,6 명5 명1 명,1 명1 명0 명,7 명,
1,김포외국어고등학교(외국어고)경기도 김포시 월곶면 갈산리,4 명3 명1 명,0 명0 명0 명,4 명,
2,하성고등학교(일반고)경기도 김포시 하성면 마곡리,2 명2 명0 명,0 명0 명0 명,2 명,
3,운양고등학교(일반고)경기도 김포시 운양동,1 명1 명0 명,0 명0 명0 명,1 명,
4,양곡고등학교(일반고)경기도 김포시 양촌읍 양곡리,0 명0 명0 명,0 명0 명0 명,0 명,
5,통진고등학교(일반고)경기도 김포시 통진읍 마송리,0 명0 명0 명,0 명0 명0 명,0 명,
6,마송고등학교(일반고)경기도 김포시 통진읍 마송리,0 명0 명0 명,0 명0 명0 명,0 명,
7,장기고등학교(일반고)경기도 김포시 장기동,0 명0 명0 명,0 명0 명0 명,0 명,
0,군포고등학교(일반고)경기도 군포시 금정동,5 명1 명4 명,0 명0 명0 명,5 명,
1,흥진고등학교(일반고)경기도 군포시 금정동,1 명1 명0 명,0 명0 명0 명,1 명,
2,수리고등학교(일반고)경기도 군포시 산본동,0 명0 명0 명,0 명0 명0 명,0 명,
3,용호고등학교(일반고)경기도 군포시 당동,0 명0 명0 명,0 명0 명0 명,0 명,
4,산본고등학교(일반고)경기도 군포시 산본동,0 명0 명0 명,0 명0 명0 명,0 명,
5,군포중앙고등학교(자율형공립고)경기도 군포시 부곡동,0 명0 명0 명,0 명0 명0 명,0 명,
0,서울삼육고등학교(일반고)경기도 구리시 교문동,1 명0 명1 명,0 명0 명0 명,1 명,
1,수택고등학교(일반고)경기도 구리시 수택동,1 명1 명0 명,0 명0 명0 명,1 명,
2,구리고등학교(일반고)경기도 구리시 수택동,1 명0 명1 명,0 명0 명0 명,1 명,
3,구리여자고등학교(일반고)경기도 구리시 토평동,0 명0 명0 명,0 명0 명0 명,0 명,
0,경화여자고등학교(일반고)경기도 광주시 송정동,1 명1 명0 명,0 명0 명0 명,1 명,
1,광주중앙고등학교(일반고)경기도 광주시 역동,0 명0 명0 명,0 명0 명0 명,0 명,
2,광남고등학교(일반고)경기도 광주시 장지동,0 명0 명0 명,0 명0 명0 명,0 명,
3,초월고등학교(일반고)경기도 광주시 초월읍 대쌍령리,0 명0 명0 명,0 명0 명0 명,0 명,
4,광주고등학교(일반고)경기도 광주시 송정동,0 명0 명0 명,0 명0 명0 명,0 명,
0,광명북고등학교(일반고)경기도 광명시 철산동,4 명3 명1 명,0 명0 명0 명,4 명,
1,진성고등학교(일반고)경기도 광명시 하안동,2 명1 명1 명,1 명1 명0 명,3 명,
2,광휘고등학교(일반고)경기도 광명시 소하동,2 명1 명1 명,1 명0 명1 명,3 명,
3,명문고등학교(일반고)경기도 광명시 광명동,2 명2 명0 명,0 명0 명0 명,2 명,
4,광명고등학교(일반고)경기도 광명시 철산동,0 명0 명0 명,1 명1 명0 명,1 명,
5,광문고등학교(일반고)경기도 광명시 광명동,1 명1 명0 명,0 명0 명0 명,1 명,
0,과천외국어고등학교(외국어고)경기도 과천시 중앙동,14 명10 명4 명,0 명0 명0 명,14 명,
1,과천여자고등학교(일반고)경기도 과천시 중앙동,3 명2 명1 명,0 명0 명0 명,3 명,
2,과천고등학교(일반고)경기도 과천시 별양동,1 명1 명0 명,0 명0 명0 명,1 명,
3,과천중앙고등학교(일반고)경기도 과천시 갈현동,1 명0 명1 명,0 명0 명0 명,1 명,
0,고양외국어고등학교(외국어고)경기도 고양시 덕양구 관산동,19 명7 명12 명,2 명2 명0 명,21 명,
1,고양국제고등학교(국제고)경기도 고양시 일산동구 식사동,12 명8 명4 명,0 명0 명0 명,12 명,
2,백석고등학교(일반고)경기도 고양시 일산동구 마두동,6 명5 명1 명,1 명0 명1 명,7 명,
3,일산대진고등학교(일반고)경기도 고양시일산서구 대화동,7 명5 명2 명,0 명0 명0 명,7 명,
4,주엽고등학교(일반고)경기도 고양시 일산서구 대화동,5 명5 명0 명,0 명0 명0 명,5 명,
5,저현고등학교(자율형공립고)경기도 고양시 일산동구 식사동,4 명1 명3 명,0 명0 명0 명,4 명,
6,저동고등학교(일반고)경기도 고양시 일산동구 정발산동,3 명3 명0 명,0 명0 명0 명,3 명,
7,정발고등학교(일반고)경기도 고양시 일산동구 마두동,3 명3 명0 명,0 명0 명0 명,3 명,
8,중산고등학교(일반고)경기도 고양시 일산동구 중산동,2 명1 명1 명,1 명1 명0 명,3 명,
9,백양고등학교(일반고)경기도 고양시덕양구 행신동,1 명1 명0 명,0 명0 명0 명,1 명,
10,고양예술고등학교(예술고)경기도 고양시 일산서구 덕이동,1 명1 명0 명,0 명0 명0 명,1 명,
11,백신고등학교(일반고)경기도 고양시 일산동구 백석동,1 명0 명1 명,0 명0 명0 명,1 명,
12,백마고등학교(일반고)경기도 고양시 일산동구 백석동,1 명1 명0 명,0 명0 명0 명,1 명,
13,대화고등학교(일반고)경기도 고양시 일산서구 대화동,1 명1 명0 명,0 명0 명0 명,1 명,
14,서정고등학교(일반고)경기도 고양시덕양구 행신동,0 명0 명0 명,1 명1 명0 명,1 명,
15,안곡고등학교(일반고)경기도 고양시 일산동구 중산동,1 명1 명0 명,0 명0 명0 명,1 명,
16,행신고등학교(일반고)경기도 고양시 덕양구 행신동,1 명1 명0 명,0 명0 명0 명,1 명,
17,화정고등학교(일반고)경기도 고양시덕양구 화정동,1 명0 명1 명,0 명0 명0 명,1 명,
18,고양일고등학교(일반고)경기도 고양시덕양구 고양동,1 명1 명0 명,0 명0 명0 명,1 명,
19,덕이고등학교(일반고)경기도 고양시 일산서구 덕이동,1 명0 명1 명,0 명0 명0 명,1 명,
0,청심국제고등학교(국제고)경기도 가평군 설악면 송산리,11 명6 명5 명,1 명1 명0 명,12 명,
1,가평고등학교(일반고)경기도 가평군 가평읍 대곡리,1 명1 명0 명,0 명0 명0 명,1 명,
2,설악고등학교(일반고)경기도 가평군 설악면 신천리,0 명0 명0 명,0 명0 명0 명,0 명,
3,조종고등학교(일반고)경기도 가평군 조종면,0 명0 명0 명,0 명0 명0 명,0 명,
0,세종국제고등학교(국제고)세종특별자치시 아름동,5 명5 명0 명,0 명0 명0 명,5 명,
1,한솔고등학교(자율형공립고)세종특별자치시 한솔동,3 명1 명2 명,0 명0 명0 명,3 명,
2,세종고등학교(일반고)세종특별자치시 조치원읍 서창리,2 명1 명1 명,0 명0 명0 명,2 명,
3,도담고등학교(일반고)세종특별자치시 도담동,0 명0 명0 명,1 명1 명0 명,1 명,
4,세종과학예술영재학교(영재고)세종특별자치시 아름동,0 명0 명0 명,0 명0 명0 명,0 명,
5,양지고등학교(일반고)세종특별자치시 도담동,0 명0 명0 명,0 명0 명0 명,0 명,
0,성신고등학교(자율형사립고)울산광역시 중구 복산동,3 명2 명1 명,1 명1 명0 명,4 명,
1,울산중앙여자고등학교(일반고)울산광역시 중구 반구동,1 명1 명0 명,0 명0 명0 명,1 명,
2,함월고등학교(일반고)울산광역시 중구 유곡동,1 명1 명0 명,0 명0 명0 명,1 명,
3,울산고등학교(일반고)울산광역시 중구 복산동,0 명0 명0 명,1 명1 명0 명,1 명,
4,울산중앙고등학교(일반고)울산광역시 중구 태화동,0 명0 명0 명,0 명0 명0 명,0 명,
5,학성여자고등학교(일반고)울산광역시 중구 약사동,0 명0 명0 명,0 명0 명0 명,0 명,
6,다운고등학교(일반고)울산광역시 중구 다운동,0 명0 명0 명,0 명0 명0 명,0 명,
7,약사고등학교(자율형공립고)울산광역시 중구 약사동,0 명0 명0 명,0 명0 명0 명,0 명,
0,울산과학고등학교(과학고)울산광역시 울주군 상북면,10 명10 명0 명,11 명11 명0 명,21 명,
1,남창고등학교(일반고)울산광역시 울주군 온양읍 운화리,1 명1 명0 명,0 명0 명0 명,1 명,
2,언양고등학교(일반고)울산광역시 울주군 언양읍 어음리,1 명1 명0 명,0 명0 명0 명,1 명,
3,범서고등학교(일반고)울산광역시 울주군 범서읍 구영리,0 명0 명0 명,0 명0 명0 명,0 명,
0,울산외국어고등학교(외국어고)울산광역시 북구 중산동,2 명1 명1 명,0 명0 명0 명,2 명,
1,화봉고등학교(일반고)울산광역시 북구 화봉동,1 명1 명0 명,0 명0 명0 명,1 명,
2,무룡고등학교(일반고)울산광역시 북구 연암동,0 명0 명0 명,0 명0 명0 명,0 명,
3,달천고등학교(일반고)울산광역시 북구 달천동,0 명0 명0 명,0 명0 명0 명,0 명,
4,호계고등학교(일반고)울산광역시 북구 호계동,0 명0 명0 명,0 명0 명0 명,0 명,
5,매곡고등학교(일반고)울산광역시 북구 매곡동,0 명0 명0 명,0 명0 명0 명,0 명,
6,울산동천고등학교(일반고)울산광역시 북구 천곡동,0 명0 명0 명,0 명0 명0 명,0 명,
7,효정고등학교(일반고)울산광역시 북구 효문동,0 명0 명0 명,0 명0 명0 명,0 명,
0,현대청운고등학교(자율형사립고)울산광역시 동구 서부동,18 명6 명12 명,2 명2 명0 명,20 명,
1,현대고등학교(일반고)울산광역시 동구 서부동,4 명4 명0 명,0 명0 명0 명,4 명,
2,남목고등학교(일반고)울산광역시 동구 서부동,0 명0 명0 명,0 명0 명0 명,0 명,
3,대송고등학교(일반고)울산광역시 동구 화정동,0 명0 명0 명,0 명0 명0 명,0 명,
4,방어진고등학교(일반고)울산광역시 동구 화정동,0 명0 명0 명,0 명0 명0 명,0 명,
0,우신고등학교(일반고)울산광역시 남구 무거동,6 명5 명1 명,1 명1 명0 명,7 명,
1,학성고등학교(일반고)울산광역시 남구 신정동,7 명5 명2 명,0 명0 명0 명,7 명,
2,울산여자고등학교(일반고)울산광역시 남구 신정동,2 명2 명0 명,0 명0 명0 명,2 명,
3,울산제일고등학교(일반고)울산광역시 남구 옥동,2 명1 명1 명,0 명0 명0 명,2 명,
4,울산강남고등학교(일반고)울산광역시 남구 신정동,1 명1 명0 명,0 명0 명0 명,1 명,
5,신정고등학교(일반고)울산광역시 남구 신정동,1 명1 명0 명,0 명0 명0 명,1 명,
6,성광여자고등학교(일반고)울산광역시 남구 무거동,0 명0 명0 명,0 명0 명0 명,0 명,
7,삼일여자고등학교(일반고)울산광역시 남구 선암동,0 명0 명0 명,0 명0 명0 명,0 명,
8,문수고등학교(일반고)울산광역시 남구 무거동,0 명0 명0 명,0 명0 명0 명,0 명,
9,무거고등학교(일반고)울산광역시 남구 무거동,0 명0 명0 명,0 명0 명0 명,0 명,
10,신선여자고등학교(일반고)울산광역시 남구 야음동,0 명0 명0 명,0 명0 명0 명,0 명,
0,대전대성고등학교(자율형사립고)대전광역시 중구 목동,7 명1 명6 명,0 명0 명0 명,7 명,
1,대전고등학교(자율형공립고)대전광역시 중구 대흥동,1 명1 명0 명,2 명2 명0 명,3 명,
2,대전중앙고등학교(일반고)대전광역시 중구 중촌동,2 명2 명0 명,0 명0 명0 명,2 명,
3,호수돈여자고등학교(일반고)대전광역시 중구 선화동,2 명2 명0 명,0 명0 명0 명,2 명,
4,대전동산고등학교(일반고)대전광역시 중구 문화동,1 명1 명0 명,0 명0 명0 명,1 명,
5,충남여자고등학교(일반고)대전광역시 중구 목동,1 명1 명0 명,0 명0 명0 명,1 명,
6,대전성모여자고등학교(일반고)대전광역시 중구 대흥동,1 명1 명0 명,0 명0 명0 명,1 명,
7,대전국제통상고등학교(특성화고)대전광역시 중구 문화동,1 명1 명0 명,0 명0 명0 명,1 명,
8,대전한빛고등학교(일반고)대전광역시 중구 안영동,0 명0 명0 명,0 명0 명0 명,0 명,
9,청란여자고등학교(일반고)대전광역시 중구 부사동,0 명0 명0 명,0 명0 명0 명,0 명,
10,남대전고등학교(일반고)대전광역시 중구 부사동,0 명0 명0 명,0 명0 명0 명,0 명,
0,대전과학고등학교(영재고)대전광역시 유성구 구성동,38 명38 명0 명,11 명11 명0 명,49 명,
1,대덕고등학교(일반고)대전광역시 유성구 도룡동,5 명2 명3 명,1 명1 명0 명,6 명,
2,대전전민고등학교(일반고)대전광역시 유성구 전민동,3 명2 명1 명,1 명1 명0 명,4 명,
3,대전예술고등학교(예술고)대전광역시 유성구 상대동,4 명4 명0 명,0 명0 명0 명,4 명,
4,대전노은고등학교(자율형공립고)대전광역시 유성구 노은동,4 명2 명2 명,0 명0 명0 명,4 명,
5,유성고등학교(일반고)대전광역시 유성구 구암동,1 명1 명0 명,2 명2 명0 명,3 명,
6,대전반석고등학교(일반고)대전광역시 유성구 지족동,2 명2 명0 명,0 명0 명0 명,2 명,
7,유성여자고등학교(일반고)대전광역시 유성구 죽동,2 명2 명0 명,0 명0 명0 명,2 명,
8,중일고등학교(일반고)대전광역시 유성구 관평동,1 명1 명0 명,0 명0 명0 명,1 명,
9,대전용산고등학교(일반고)대전광역시 유성구 용산동,1 명1 명0 명,0 명0 명0 명,1 명,
10,대전도안고등학교(일반고)대전광역시 유성구 원신흥동,0 명0 명0 명,0 명0 명0 명,0 명,
11,대전지족고등학교(일반고)대전광역시 유성구 지족동,0 명0 명0 명,0 명0 명0 명,0 명,
0,대전외국어고등학교(외국어고)대전광역시 서구 내동,21 명13 명8 명,0 명0 명0 명,21 명,
1,충남고등학교(자율형공립고)대전광역시 서구 둔산동,7 명2 명5 명,1 명1 명0 명,8 명,
2,서대전고등학교(일반고)대전광역시 서구 월평동,4 명3 명1 명,1 명0 명1 명,5 명,
3,대전만년고등학교(일반고)대전광역시 서구 만년동,3 명2 명1 명,0 명0 명0 명,3 명,
4,대전구봉고등학교(일반고)대전광역시 서구 관저동,2 명2 명0 명,0 명0 명0 명,2 명,
5,대전대신고등학교(자율형사립고)대전광역시 서구 복수동,1 명1 명0 명,0 명0 명0 명,1 명,
6,동방고등학교(일반고)대전광역시 서구 관저동,1 명1 명0 명,0 명0 명0 명,1 명,
7,대전괴정고등학교(일반고)대전광역시 서구 괴정동,1 명1 명0 명,0 명0 명0 명,1 명,
8,한밭고등학교(일반고)대전광역시 서구 갈마동,1 명1 명0 명,0 명0 명0 명,1 명,
9,대전둔산여자고등학교(일반고)대전광역시 서구 갈마동,0 명0 명0 명,0 명0 명0 명,0 명,
10,서일여자고등학교(일반고)대전광역시 서구 관저동,0 명0 명0 명,0 명0 명0 명,0 명,
11,대전둔원고등학교(일반고)대전광역시 서구 갈마동,0 명0 명0 명,0 명0 명0 명,0 명,
12,대전복수고등학교(일반고)대전광역시 서구 복수동,0 명0 명0 명,0 명0 명0 명,0 명,
13,대전제일고등학교(일반고)대전광역시 서구 도마동,0 명0 명0 명,0 명0 명0 명,0 명,
0,대전동신과학고등학교(과학고)대전광역시 동구 비룡동,6 명6 명0 명,18 명18 명0 명,24 명,
1,보문고등학교(일반고)대전광역시 동구 삼성동,4 명4 명0 명,0 명0 명0 명,4 명,
2,대전여자고등학교(자율형공립고)대전광역시 동구 대동,3 명3 명0 명,0 명0 명0 명,3 명,
3,우송고등학교(일반고)대전광역시 동구 자양동,1 명1 명0 명,0 명0 명0 명,1 명,
4,대전가오고등학교(일반고)대전광역시 동구 가오동,0 명0 명0 명,0 명0 명0 명,0 명,
5,명석고등학교(일반고)대전광역시 동구 가양동,0 명0 명0 명,0 명0 명0 명,0 명,
0,동대전고등학교(일반고)대전광역시 대덕구 중리동,1 명1 명0 명,0 명0 명0 명,1 명,
1,대전이문고등학교(일반고)대전광역시 대덕구 석봉동,1 명1 명0 명,0 명0 명0 명,1 명,
2,대전송촌고등학교(자율형공립고)대전광역시 대덕구 송촌동,0 명0 명0 명,0 명0 명0 명,0 명,
0,광주서석고등학교(일반고)광주광역시 서구 화정동,6 명4 명2 명,0 명0 명0 명,6 명,
1,광주대동고등학교(일반고)광주광역시 서구 매월동,3 명2 명1 명,1 명1 명0 명,4 명,
2,광덕고등학교(일반고)광주광역시 서구 화정동,4 명4 명0 명,0 명0 명0 명,4 명,
3,전남고등학교(일반고)광주광역시 서구 치평동,0 명0 명0 명,1 명1 명0 명,1 명,
4,광주세광학교(특수고)광주광역시 서구 덕흥동,1 명0 명1 명,0 명0 명0 명,1 명,
5,풍암고등학교(일반고)광주광역시 서구 풍암동,0 명0 명0 명,0 명0 명0 명,0 명,
6,광주여자고등학교(일반고)광주광역시 서구 화정동,0 명0 명0 명,0 명0 명0 명,0 명,
7,상일여자고등학교(자율형공립고)광주광역시 서구 쌍촌동,0 명0 명0 명,0 명0 명0 명,0 명,
0,광주과학고등학교(영재고)광주광역시 북구 오룡동,11 명11 명0 명,28 명28 명0 명,39 명,
1,고려고등학교(일반고)광주광역시 북구 삼각동,9 명5 명4 명,1 명0 명1 명,10 명,
2,광주숭일고등학교(일반고)광주광역시 북구 일곡동,4 명3 명1 명,0 명0 명0 명,4 명,
3,서강고등학교(일반고)광주광역시 북구 운암동,3 명3 명0 명,0 명0 명0 명,3 명,
4,살레시오고등학교(일반고)광주광역시 북구 일곡동,3 명2 명1 명,0 명0 명0 명,3 명,
5,광주동신고등학교(일반고)광주광역시 북구 풍향동,2 명2 명0 명,0 명0 명0 명,2 명,
6,전남대학교사범대학부설고등학교(일반고)광주광역시 북구 용봉동,1 명1 명0 명,1 명1 명0 명,2 명,
7,금호고등학교(일반고)광주 북구 운암2동,1 명1 명0 명,0 명0 명0 명,1 명,
8,국제고등학교(일반고)광주광역시 북구 삼각동,1 명1 명0 명,0 명0 명0 명,1 명,
9,광주동신여자고등학교(일반고)광주광역시 북구 풍향동,1 명1 명0 명,0 명0 명0 명,1 명,
10,금호중앙여자고등학교(일반고)광주광역시 북구 운암동,0 명0 명0 명,1 명1 명0 명,1 명,
11,광주경신여자고등학교(일반고)광주광역시 북구 용봉동,1 명1 명0 명,0 명0 명0 명,1 명,
12,빛고을고등학교(일반고)광주광역시 북구 신용동,1 명1 명0 명,0 명0 명0 명,1 명,
13,광주제일고등학교(자율형공립고)광주광역시 북구 누문동,0 명0 명0 명,0 명0 명0 명,0 명,
14,광주예술고등학교(예술고)광주광역시 북구 운암동,0 명0 명0 명,0 명0 명0 명,0 명,
15,문정여자고등학교(일반고)광주광역시 북구 오치동,0 명0 명0 명,0 명0 명0 명,0 명,
0,조선대학교부속고등학교(일반고)광주광역시 동구 서석동,1 명1 명0 명,0 명0 명0 명,1 명,
1,광주고등학교(자율형공립고)광주광역시 동구 계림동,0 명0 명0 명,0 명0 명0 명,0 명,
0,대광여자고등학교(일반고)광주광역시 남구 주월동,3 명2 명1 명,0 명0 명0 명,3 명,
1,대성여자고등학교(일반고)광주광역시 남구 진월동,2 명2 명0 명,0 명0 명0 명,2 명,
2,광주석산고등학교(일반고)광주광역시 남구 백운동,2 명2 명0 명,0 명0 명0 명,2 명,
3,광주동성고등학교(일반고)광주광역시 남구 진월동,2 명2 명0 명,0 명0 명0 명,2 명,
4,광주수피아여자고등학교(일반고)광주광역시 남구 양림동,1 명1 명0 명,0 명0 명0 명,1 명,
5,문성고등학교(일반고)광주광역시 남구 봉선동,1 명1 명0 명,0 명0 명0 명,1 명,
6,광주인성고등학교(일반고)광주광역시 남구 송하동,1 명0 명1 명,0 명0 명0 명,1 명,
7,송원여자고등학교(일반고)광주광역시 남구 송하동,1 명1 명0 명,0 명0 명0 명,1 명,
8,송원고등학교(자율고)광주광역시 남구 송하동,1 명1 명0 명,0 명0 명0 명,1 명,
9,설월여자고등학교(일반고)광주광역시 남구 방림동,0 명0 명0 명,0 명0 명0 명,0 명,
10,동아여자고등학교(일반고)광주광역시 남구 봉선동,0 명0 명0 명,0 명0 명0 명,0 명,
11,호남삼육고등학교(일반고)광주 남구 주월1동,0 명0 명0 명,0 명0 명0 명,0 명,
0,숭덕고등학교(일반고)광주광역시 광산구 월계동,10 명2 명8 명,0 명0 명0 명,10 명,
1,정광고등학교(일반고)광주광역시 광산구 소촌동,2 명2 명0 명,0 명0 명0 명,2 명,
2,수완고등학교(일반고)광주광역시 광산구 수완동,0 명0 명0 명,1 명1 명0 명,1 명,
3,보문고등학교(일반고)광주광역시 광산구 운수동,1 명1 명0 명,0 명0 명0 명,1 명,
4,광주진흥고등학교(일반고)광주광역시 광산구 신창동,1 명1 명0 명,0 명0 명0 명,1 명,
5,운남고등학교(일반고)광주광역시 광산구 운남동,1 명1 명0 명,0 명0 명0 명,1 명,
6,명진고등학교(일반고)광주광역시 광산구 수완동,0 명0 명0 명,0 명0 명0 명,0 명,
7,장덕고등학교(일반고)광주광역시 광산구 장덕동,0 명0 명0 명,0 명0 명0 명,0 명,
8,첨단고등학교(일반고)광주광역시 광산구 월계동,0 명0 명0 명,0 명0 명0 명,0 명,
0,인천과학고등학교(과학고)인천광역시 중구 운서동,6 명6 명0 명,16 명16 명0 명,22 명,
1,인천국제고등학교(국제고)인천광역시 중구 운서동,17 명7 명10 명,0 명0 명0 명,17 명,
2,인천하늘고등학교(자율형사립고)인천광역시 중구 운서동,9 명6 명3 명,0 명0 명0 명,9 명,
3,인일여자고등학교(일반고)인천광역시 중구 전동,3 명3 명0 명,1 명1 명0 명,4 명,
4,광성고등학교(일반고)인천광역시 중구 도원동,1 명1 명0 명,0 명0 명0 명,1 명,
5,인천영종고등학교(일반고)인천광역시 중구 운서동,1 명1 명0 명,0 명0 명0 명,1 명,
6,인천공항고등학교(자율형공립고)인천광역시 중구 운서동,0 명0 명0 명,0 명0 명0 명,0 명,
7,제물포고등학교(일반고)인천광역시 중구 전동,0 명0 명0 명,0 명0 명0 명,0 명,
0,백령고등학교(일반고)인천광역시 옹진군 백령면 북포리,1 명1 명0 명,0 명0 명0 명,1 명,
0,송도고등학교(일반고)인천광역시 연수구 옥련동,10 명7 명3 명,0 명0 명0 명,10 명,
1,인천해송고등학교(일반고)인천광역시 연수구 송도동,3 명2 명1 명,0 명0 명0 명,3 명,
2,연수고등학교(일반고)인천광역시 연수구 연수동,2 명1 명1 명,0 명0 명0 명,2 명,
3,연수여자고등학교(일반고)인천광역시 연수구 동춘동,2 명2 명0 명,0 명0 명0 명,2 명,
4,인천여자고등학교(일반고)인천광역시 연수구 연수동,2 명2 명0 명,0 명0 명0 명,2 명,
5,신송고등학교(일반고)인천광역시 연수구 송도동,2 명2 명0 명,0 명0 명0 명,2 명,
6,인천대건고등학교(일반고)인천광역시 연수구 동춘동,1 명1 명0 명,0 명0 명0 명,1 명,
7,인천연송고등학교(일반고)인천광역시 연수구 송도동,1 명1 명0 명,0 명0 명0 명,1 명,
8,인천포스코고등학교(자율형사립고)인천광역시 연수구 송도동,0 명0 명0 명,0 명0 명0 명,0 명,
9,박문여자고등학교(일반고)인천광역시 연수구 송도동,0 명0 명0 명,0 명0 명0 명,0 명,
0,가림고등학교(일반고)인천광역시 서구 가좌동,3 명3 명0 명,0 명0 명0 명,3 명,
1,인천원당고등학교(일반고)인천광역시 서구 원당동,2 명2 명0 명,0 명0 명0 명,2 명,
2,대인고등학교(일반고)인천광역시 서구 공촌동,1 명1 명0 명,0 명0 명0 명,1 명,
3,인천해원고등학교(일반고)인천광역시 서구 경서동,0 명0 명0 명,1 명1 명0 명,1 명,
4,인천신현고등학교(자율고)인천광역시 서구 신현동,1 명1 명0 명,0 명0 명0 명,1 명,
5,백석고등학교(일반고)인천광역시 서구 백석동,0 명0 명0 명,0 명0 명0 명,0 명,
6,서인천고등학교(일반고)인천광역시 서구 검암동,0 명0 명0 명,0 명0 명0 명,0 명,
7,인천청라고등학교(일반고)인천광역시 서구 연희동,0 명0 명0 명,0 명0 명0 명,0 명,
8,인천체육고등학교(체육고)인천광역시 서구 경서동,0 명0 명0 명,0 명0 명0 명,0 명,
9,인천초은고등학교(일반고)인천광역시 서구 연희동,0 명0 명0 명,0 명0 명0 명,0 명,
0,인천진산과학고등학교(과학고)인천광역시 부평구 삼산동,2 명2 명0 명,10 명10 명0 명,12 명,
1,세일고등학교(일반고)인천광역시 부평구 산곡동,5 명2 명3 명,0 명0 명0 명,5 명,
2,인천외국어고등학교(외국어고)인천광역시 부평구 산곡동,4 명1 명3 명,0 명0 명0 명,4 명,
3,부개여자고등학교(일반고)인천광역시 부평구 부개동,2 명2 명0 명,0 명0 명0 명,2 명,
4,부평여자고등학교(일반고)인천광역시 부평구 부평동,2 명2 명0 명,0 명0 명0 명,2 명,
5,제일고등학교(일반고)인천광역시 부평구 십정동,2 명2 명0 명,0 명0 명0 명,2 명,
6,부개고등학교(일반고)인천광역시 부평구 부개동,1 명1 명0 명,1 명1 명0 명,2 명,
7,인천산곡고등학교(일반고)인천광역시 부평구 산곡동,1 명1 명0 명,0 명0 명0 명,1 명,
8,인천영선고등학교(일반고)인천광역시 부평구 삼산동,1 명1 명0 명,0 명0 명0 명,1 명,
9,부광고등학교(일반고)인천광역시 부평구 산곡동,1 명1 명0 명,0 명0 명0 명,1 명,
10,인천부흥고등학교(일반고)인천광역시 부평구 부개동,1 명1 명0 명,0 명0 명0 명,1 명,
11,부평고등학교(일반고)인천광역시 부평구 부평동,0 명0 명0 명,0 명0 명0 명,0 명,
12,명신여자고등학교(일반고)인천광역시 부평구 산곡동,0 명0 명0 명,0 명0 명0 명,0 명,
13,인천상정고등학교(자율형공립고)인천광역시 부평구 십정동,0 명0 명0 명,0 명0 명0 명,0 명,
14,부광여자고등학교(일반고)인천광역시 부평구 부개동,0 명0 명0 명,0 명0 명0 명,0 명,
15,삼산고등학교(일반고)인천광역시 부평구 삼산동,0 명0 명0 명,0 명0 명0 명,0 명,
0,인항고등학교(일반고)인천광역시 미추홀구 용현동,2 명2 명0 명,0 명0 명0 명,2 명,
1,인명여자고등학교(일반고)인천광역시 미추홀구 관교동,2 명2 명0 명,0 명0 명0 명,2 명,
2,인천고등학교(일반고)인천광역시 남구 주안동,1 명1 명0 명,0 명0 명0 명,1 명,
3,인화여자고등학교(일반고)인천광역시 남구 도화동,1 명1 명0 명,0 명0 명0 명,1 명,
4,선인고등학교(일반고)인천광역시 남구 도화동,0 명0 명0 명,1 명1 명0 명,1 명,
5,인하대학교사범대학부속고등학교(일반고)인천광역시 남구 학익동,0 명0 명0 명,0 명0 명0 명,0 명,
6,학익여자고등학교(일반고)인천광역시 미추홀구 학익동,0 명0 명0 명,0 명0 명0 명,0 명,
0,미추홀외국어고등학교(외국어고)인천광역시 남동구 논현동,6 명6 명0 명,0 명0 명0 명,6 명,
1,인천남동고등학교(일반고)인천광역시 남동구 논현동,2 명1 명1 명,1 명1 명0 명,3 명,
2,문일여자고등학교(일반고)인천광역시 남동구 만수동,3 명3 명0 명,0 명0 명0 명,3 명,
3,숭덕여자고등학교(일반고)인천광역시 남동구 만수동,2 명2 명0 명,0 명0 명0 명,2 명,
4,인제고등학교(일반고)인천광역시 남동구 간석동,2 명2 명0 명,0 명0 명0 명,2 명,
5,인천고잔고등학교(일반고)인천광역시 남동구 고잔동,1 명1 명0 명,0 명0 명0 명,1 명,
6,인천예술고등학교(예술고)인천광역시 남동구 간석동,1 명1 명0 명,0 명0 명0 명,1 명,
7,인천송천고등학교(일반고)인천광역시 남동구 고잔동,1 명1 명0 명,0 명0 명0 명,1 명,
8,도림고등학교(일반고)인천광역시 남동구 도림동,1 명1 명0 명,0 명0 명0 명,1 명,
9,인천남고등학교(일반고)인천광역시 남동구 간석동,1 명1 명0 명,0 명0 명0 명,1 명,
10,인천만수고등학교(일반고)인천광역시 남동구 만수동,0 명0 명0 명,0 명0 명0 명,0 명,
11,동인천고등학교(자율형공립고)인천광역시 남동구 만수동,0 명0 명0 명,0 명0 명0 명,0 명,
12,신명여자고등학교(일반고)인천광역시 남동구 간석동,0 명0 명0 명,0 명0 명0 명,0 명,
13,인천논현고등학교(일반고)인천광역시 남동구 논현동,0 명0 명0 명,0 명0 명0 명,0 명,
0,계양고등학교(일반고)인천광역시 계양구 용종동,1 명1 명0 명,1 명1 명0 명,2 명,
1,계산여자고등학교(일반고)인천광역시 계양구 계산동,2 명2 명0 명,0 명0 명0 명,2 명,
2,서운고등학교(일반고)인천광역시 계양구 서운동,1 명1 명0 명,1 명1 명0 명,2 명,
3,작전고등학교(일반고)인천광역시 계양구 작전동,1 명1 명0 명,0 명0 명0 명,1 명,
4,안남고등학교(일반고)인천광역시 계양구 작전동,1 명1 명0 명,0 명0 명0 명,1 명,
5,인천효성고등학교(일반고)인천광역시 계양구 효성동,1 명1 명0 명,0 명0 명0 명,1 명,
6,인천예일고등학교(자율형공립고)인천광역시 계양구 방축동,0 명0 명0 명,0 명0 명0 명,0 명,
7,계산고등학교(일반고)인천광역시 계양구 계산동,0 명0 명0 명,0 명0 명0 명,0 명,
0,강화고등학교(자율형공립고)인천광역시 강화군 강화읍 국화리,2 명2 명0 명,0 명0 명0 명,2 명,
1,강화여자고등학교(일반고)인천광역시 강화군 강화읍 관청리,1 명1 명0 명,0 명0 명0 명,1 명,
2,덕신고등학교(일반고)인천광역시 강화군 강화읍 국화리,1 명1 명0 명,0 명0 명0 명,1 명,
0,경북여자고등학교(자율고)대구광역시 중구 남산동,2 명2 명0 명,0 명0 명0 명,2 명,
1,신명고등학교(일반고)대구광역시 중구 동산동,1 명1 명0 명,0 명0 명0 명,1 명,
2,경북대학교사범대학부설고등학교(일반고)대구광역시 중구 대봉동,0 명0 명0 명,0 명0 명0 명,0 명,
0,대구과학고등학교(영재고)대구광역시 수성구 황금동,29 명29 명0 명,15 명15 명0 명,44 명,
1,대구여자고등학교(일반고)대구광역시 수성구 범어동,7 명5 명2 명,0 명0 명0 명,7 명,
2,경신고등학교(자율형사립고)대구광역시 수성구 범어동,6 명3 명3 명,0 명0 명0 명,6 명,
3,대륜고등학교(일반고)대구광역시 수성구 만촌동,6 명1 명5 명,0 명0 명0 명,6 명,
4,정화여자고등학교(일반고)대구광역시 수성구 범어동,4 명2 명2 명,0 명0 명0 명,4 명,
5,능인고등학교(일반고)대구광역시 수성구 지산동,4 명4 명0 명,0 명0 명0 명,4 명,
6,대구남산고등학교(일반고)대구광역시 수성구 수성동1가,3 명2 명1 명,0 명0 명0 명,3 명,
7,덕원고등학교(일반고)대구광역시 수성구 욱수동,3 명2 명1 명,0 명0 명0 명,3 명,
8,대구혜화여자고등학교(일반고)대구광역시 수성구 만촌동,3 명2 명1 명,0 명0 명0 명,3 명,
9,경북고등학교(일반고)대구광역시 수성구 황금동,1 명1 명0 명,0 명0 명0 명,1 명,
10,오성고등학교(일반고)대구광역시 수성구 만촌동,1 명1 명0 명,0 명0 명0 명,1 명,
11,수성고등학교(자율고)대구광역시 수성구 지산동,1 명1 명0 명,0 명0 명0 명,1 명,
12,시지고등학교(일반고)대구광역시 수성구 신매동,0 명0 명0 명,0 명0 명0 명,0 명,
13,동문고등학교(일반고)대구광역시 수성구 만촌동,0 명0 명0 명,0 명0 명0 명,0 명,
0,계성고등학교(자율형사립고)대구광역시 서구 상리동,6 명1 명5 명,0 명0 명0 명,6 명,
1,달성고등학교(자율고)대구광역시 서구 내당동,1 명1 명0 명,0 명0 명0 명,1 명,
2,경덕여자고등학교(일반고)대구광역시 서구 중리동,0 명0 명0 명,0 명0 명0 명,0 명,
3,대구서부고등학교(자율형공립고)대구광역시 서구 평리동,0 명0 명0 명,0 명0 명0 명,0 명,
0,성광고등학교(일반고)대구광역시 북구 복현동,2 명2 명0 명,1 명1 명0 명,3 명,
1,칠성고등학교(자율형공립고)대구광역시 북구 칠성동2가,2 명2 명0 명,0 명0 명0 명,2 명,
2,경상여자고등학교(일반고)대구광역시 북구 침산동,2 명2 명0 명,0 명0 명0 명,2 명,
3,강북고등학교(일반고)대구광역시 북구 태전동,2 명2 명0 명,0 명0 명0 명,2 명,
4,경상고등학교(일반고)대구광역시 북구 복현동,1 명1 명0 명,0 명0 명0 명,1 명,
5,성화여자고등학교(일반고)대구광역시 북구 복현동,1 명1 명0 명,0 명0 명0 명,1 명,
6,경명여자고등학교(일반고)대구광역시 북구 칠성동2가,1 명1 명0 명,0 명0 명0 명,1 명,
7,운암고등학교(일반고)대구광역시 북구 구암동,0 명0 명0 명,0 명0 명0 명,0 명,
8,영진고등학교(일반고)대구광역시 북구 복현동,0 명0 명0 명,0 명0 명0 명,0 명,
9,학남고등학교(자율형공립고)대구광역시 북구 국우동,0 명0 명0 명,0 명0 명0 명,0 명,
10,매천고등학교(일반고)대구광역시 북구 태전동,0 명0 명0 명,0 명0 명0 명,0 명,
0,대구일과학고등학교(과학고)대구광역시 동구 각산동,6 명5 명1 명,16 명16 명0 명,22 명,
1,청구고등학교(일반고)대구광역시 동구 신천동,2 명1 명1 명,0 명0 명0 명,2 명,
2,강동고등학교(자율고)대구광역시 동구 신서동,1 명1 명0 명,0 명0 명0 명,1 명,
3,정동고등학교(일반고)대구광역시 동구 용계동,0 명0 명0 명,0 명0 명0 명,0 명,
4,영신고등학교(일반고)대구광역시 동구 봉무동,0 명0 명0 명,0 명0 명0 명,0 명,
0,포산고등학교(자율형공립고)대구광역시 달성군 현풍면 중리,5 명2 명3 명,1 명1 명0 명,6 명,
1,다사고등학교(일반고)대구광역시 달성군 다사읍 죽곡리,3 명2 명1 명,0 명0 명0 명,3 명,
2,대원고등학교(일반고)대구광역시 달성군 화원읍 본리리,2 명2 명0 명,0 명0 명0 명,2 명,
3,현풍고등학교(일반고)대구광역시 달성군 현풍면 성하리,1 명0 명1 명,0 명0 명0 명,1 명,
4,화원고등학교(일반고)대구광역시 달성군 화원읍 설화리,0 명0 명0 명,0 명0 명0 명,0 명,
0,대구외국어고등학교(외국어고)대구광역시 달서구 신당동,11 명4 명7 명,0 명0 명0 명,11 명,
1,대건고등학교(자율형사립고)대구광역시 달서구 월성동,4 명1 명3 명,1 명1 명0 명,5 명,
2,경원고등학교(대구)(일반고)대구광역시 달서구 용산동,2 명2 명0 명,0 명0 명0 명,2 명,
3,영남고등학교(일반고)대구광역시 달서구 상인동,2 명2 명0 명,0 명0 명0 명,2 명,
4,상인고등학교(자율형공립고)대구광역시 달서구 상인동,1 명1 명0 명,0 명0 명0 명,1 명,
5,대구상원고등학교(일반고)대구광역시 달서구 상인동,1 명1 명0 명,0 명0 명0 명,1 명,
6,도원고등학교(일반고)대구광역시 달서구 도원동,1 명1 명0 명,0 명0 명0 명,1 명,
7,송현여자고등학교(일반고)대구광역시 달서구 송현동,1 명1 명0 명,0 명0 명0 명,1 명,
8,경화여자고등학교(일반고)대구광역시 달서구 성당동,1 명1 명0 명,0 명0 명0 명,1 명,
9,성산고등학교(일반고)대구광역시 달서구 용산동,1 명1 명0 명,0 명0 명0 명,1 명,
10,대곡고등학교(일반고)대구광역시 달서구 도원동,0 명0 명0 명,0 명0 명0 명,0 명,
11,효성여자고등학교(일반고)대구광역시 달서구 월성동,0 명0 명0 명,0 명0 명0 명,0 명,
12,호산고등학교(자율형공립고)대구광역시 달서구 호산동,0 명0 명0 명,0 명0 명0 명,0 명,
0,경일여자고등학교(자율형사립고)대구광역시 남구 봉덕동,4 명1 명3 명,0 명0 명0 명,4 명,
1,대구고등학교(자율고)대구광역시 남구 대명동,4 명4 명0 명,0 명0 명0 명,4 명,
2,경북예술고등학교(예술고)대구광역시 남구 대명동,3 명3 명0 명,0 명0 명0 명,3 명,
3,심인고등학교(일반고)대구광역시 남구 대명동,0 명0 명0 명,0 명0 명0 명,0 명,
0,해운대고등학교(자율형사립고)부산광역시 해운대구 우동,6 명4 명2 명,2 명1 명1 명,8 명,
1,부산국제외국어고등학교(외국어고)부산광역시 해운대구 우동,5 명3 명2 명,0 명0 명0 명,5 명,
2,부흥고등학교(해운대구)(일반고)부산광역시 해운대구 좌동,2 명2 명0 명,0 명0 명0 명,2 명,
3,신도고등학교(일반고)부산광역시 해운대구 좌동,2 명1 명1 명,0 명0 명0 명,2 명,
4,반여고등학교(일반고)부산광역시 해운대구 반여동,1 명1 명0 명,0 명0 명0 명,1 명,
5,해강고등학교(일반고)부산광역시 해운대구 우동,0 명0 명0 명,1 명1 명0 명,1 명,
6,센텀고등학교(일반고)부산광역시 해운대구 재송동,0 명0 명0 명,0 명0 명0 명,0 명,
7,양운고등학교(일반고)부산광역시 해운대구 좌동,0 명0 명0 명,0 명0 명0 명,0 명,
0,혜광고등학교(일반고)부산 중구 보수동1가,0 명0 명0 명,0 명0 명0 명,0 명,
0,부산남고등학교(자율고)부산광역시 영도구 동삼동,1 명1 명0 명,0 명0 명0 명,1 명,
1,영도여자고등학교(자율형공립고)부산광역시 영도구 동삼동,0 명0 명0 명,0 명0 명0 명,0 명,
0,부산외국어고등학교(외국어고)부산광역시 연제구 연산동,12 명5 명7 명,0 명0 명0 명,12 명,
1,이사벨고등학교(일반고)부산광역시 연제구 거제동,1 명1 명0 명,0 명0 명0 명,1 명,
2,연제고등학교(자율형공립고)부산광역시 연제구 연산동,0 명0 명0 명,0 명0 명0 명,0 명,
0,부산남일고등학교(일반고)부산광역시 수영구 망미동,1 명1 명0 명,1 명1 명0 명,2 명,
1,덕문여자고등학교(일반고)부산광역시 수영구 광안동,0 명0 명0 명,0 명0 명0 명,0 명,
0,부경고등학교(일반고)부산광역시 서구 서대신동3가,1 명0 명1 명,0 명0 명0 명,1 명,
1,경남고등학교(자율형공립고)부산광역시 서구 동대신동3가,0 명0 명0 명,0 명0 명0 명,0 명,
2,부산서여자고등학교(일반고)부산광역시 서구 동대신동2가,0 명0 명0 명,0 명0 명0 명,0 명,
0,부산일과학고등학교(과학고)부산광역시 사하구 당리동,4 명4 명0 명,19 명19 명0 명,23 명,
1,동아고등학교(일반고)부산광역시 사하구 괴정동,6 명6 명0 명,0 명0 명0 명,6 명,
2,부일외국어고등학교(외국어고)부산광역시 사하구 감천동,3 명2 명1 명,0 명0 명0 명,3 명,
3,대동고등학교(일반고)부산광역시 사하구 신평동 산41-10,2 명2 명0 명,0 명0 명0 명,2 명,
4,성일여자고등학교(일반고)부산광역시 사하구 신평동,2 명1 명1 명,0 명0 명0 명,2 명,
5,해동고등학교(일반고)부산광역시 사하구 괴정동,1 명1 명0 명,0 명0 명0 명,1 명,
6,부산여자고등학교(자율고)부산광역시 사하구 하단동,1 명1 명0 명,0 명0 명0 명,1 명,
7,삼성여자고등학교(일반고)부산광역시 사하구 감천동,0 명0 명0 명,0 명0 명0 명,0 명,
8,건국고등학교(일반고)부산광역시 사하구 하단동,0 명0 명0 명,0 명0 명0 명,0 명,
9,다대고등학교(일반고)부산광역시 사하구 다대동,0 명0 명0 명,0 명0 명0 명,0 명,
0,주례여자고등학교(자율고)부산광역시 사상구 주례동,1 명1 명0 명,0 명0 명0 명,1 명,
1,대덕여자고등학교(일반고)부산광역시 사상구 덕포동,0 명0 명0 명,0 명0 명0 명,0 명,
2,사상고등학교(자율형공립고)부산광역시 사상구 덕포동,0 명0 명0 명,0 명0 명0 명,0 명,
0,화명고등학교(일반고)부산광역시 북구 화명동,2 명1 명1 명,0 명0 명0 명,2 명,
1,성도고등학교(일반고)부산광역시 북구 구포동,1 명1 명0 명,0 명0 명0 명,1 명,
2,낙동고등학교(자율형공립고)부산광역시 북구 덕천동,0 명0 명0 명,0 명0 명0 명,0 명,
3,경혜여자고등학교(일반고)부산광역시 북구 구포동,0 명0 명0 명,0 명0 명0 명,0 명,
4,금명여자고등학교(일반고)부산광역시 북구 화명동,0 명0 명0 명,0 명0 명0 명,0 명,
5,부산백양고등학교(일반고)부산광역시 북구 구포동,0 명0 명0 명,0 명0 명0 명,0 명,
0,부산국제고등학교(국제고)부산광역시 부산진구 당감동,9 명6 명3 명,0 명0 명0 명,9 명,
1,개성고등학교(자율형공립고)부산광역시 부산진구 당감동,2 명1 명1 명,1 명1 명0 명,3 명,
2,양정고등학교(부)(일반고)부산광역시 부산진구 양정동,1 명1 명0 명,0 명0 명0 명,1 명,
3,부산진고등학교(자율고)부산광역시 부산진구 초읍동,1 명0 명1 명,0 명0 명0 명,1 명,
4,부산진여자고등학교(일반고)부산광역시 부산진구 양정동,1 명1 명0 명,0 명0 명0 명,1 명,
5,가야고등학교(일반고)부산광역시 부산진구 가야동,0 명0 명0 명,0 명0 명0 명,0 명,
0,동래고등학교(일반고)부산광역시 동래구 칠산동,5 명4 명1 명,1 명1 명0 명,6 명,
1,용인고등학교(일반고)부산광역시 동래구 명장동,1 명1 명0 명,1 명1 명0 명,2 명,
2,부산중앙여자고등학교(일반고)부산광역시 동래구 명륜동,1 명1 명0 명,1 명1 명0 명,2 명,
3,동인고등학교(일반고)부산광역시 동래구 사직2동 981-90,1 명1 명0 명,0 명0 명0 명,1 명,
4,학산여자고등학교(일반고)부산광역시 동래구 명장동,1 명0 명1 명,0 명0 명0 명,1 명,
5,금정고등학교(자율형공립고)부산광역시 동래구 명장동,0 명0 명0 명,1 명1 명0 명,1 명,
6,사직여자고등학교(일반고)부산광역시 동래구 사직동,1 명0 명1 명,0 명0 명0 명,1 명,
7,사직고등학교(일반고)부산광역시 동래구 사직동,0 명0 명0 명,0 명0 명0 명,0 명,
8,혜화여자고등학교(일반고)부산광역시 동래구 명장동,0 명0 명0 명,0 명0 명0 명,0 명,
0,금성고등학교(일반고)부산광역시 동구 좌천동,2 명2 명0 명,0 명0 명0 명,2 명,
1,부산고등학교(일반고)부산광역시 동구 초량동,1 명1 명0 명,0 명0 명0 명,1 명,
2,경남여자고등학교(자율형공립고)부산광역시 동구 수정동,0 명0 명0 명,0 명0 명0 명,0 명,
0,동천고등학교(일반고)부산광역시 남구 대연동,2 명1 명1 명,0 명0 명0 명,2 명,
1,대연고등학교(일반고)부산광역시 남구 대연3동 670-4,2 명0 명2 명,0 명0 명0 명,2 명,
2,성지고등학교(일반고)부산광역시 남구 우암동,1 명1 명0 명,0 명0 명0 명,1 명,
3,배정고등학교(일반고)부산광역시 남구 문현동,0 명0 명0 명,0 명0 명0 명,0 명,
4,분포고등학교(일반고)부산광역시 남구 용호동,0 명0 명0 명,0 명0 명0 명,0 명,
5,예문여자고등학교(일반고)부산광역시 남구 용호동,0 명0 명0 명,0 명0 명0 명,0 명,
0,부산장안고등학교(일반고)부산광역시 기장군 장안읍 좌천리,7 명7 명0 명,0 명0 명0 명,7 명,
1,장안제일고등학교(일반고)부산광역시 기장군 장안읍 좌천리,2 명2 명0 명,0 명0 명0 명,2 명,
0,부산과학고등학교(과학고)부산광역시 금정구 구서동,10 명10 명0 명,21 명21 명0 명,31 명,
1,부산예술고등학교(예술고)부산광역시 금정구 부곡동,2 명2 명0 명,0 명0 명0 명,2 명,
2,브니엘고등학교(일반고)부산광역시 금정구 구서동,2 명2 명0 명,0 명0 명0 명,2 명,
3,부산대학교사범대학부설고등학교(일반고)부산광역시 금정구 부곡동,1 명1 명0 명,0 명0 명0 명,1 명,
4,동래여자고등학교(일반고)부산광역시 금정구 구서동,1 명0 명1 명,0 명0 명0 명,1 명,
5,지산고등학교(일반고)부산광역시 금정구 부곡동,1 명1 명0 명,0 명0 명0 명,1 명,
6,내성고등학교(일반고)부산광역시 금정구 부곡동,0 명0 명0 명,0 명0 명0 명,0 명,
7,남산고등학교(일반고)부산광역시 금정구 남산동,0 명0 명0 명,0 명0 명0 명,0 명,
0,경일고등학교(일반고)부산광역시 강서구 명지동,0 명0 명0 명,0 명0 명0 명,0 명,
1,부산강서고등학교(일반고)부산광역시 강서구 대저1동,0 명0 명0 명,0 명0 명0 명,0 명,
0,혜원여자고등학교(일반고)서울특별시 중랑구 망우동,3 명3 명0 명,0 명0 명0 명,3 명,
1,태릉고등학교(일반고)서울특별시 중랑구 묵동,1 명1 명0 명,1 명1 명0 명,2 명,
2,송곡여자고등학교(일반고)서울특별시 중랑구 망우동,1 명1 명0 명,0 명0 명0 명,1 명,
3,면목고등학교(자율고)서울특별시 중랑구 면목동,1 명1 명0 명,0 명0 명0 명,1 명,
4,신현고등학교(일반고)서울특별시 중랑구 상봉동,1 명1 명0 명,0 명0 명0 명,1 명,
5,중화고등학교(일반고)서울특별시 중랑구 중화동,0 명0 명0 명,0 명0 명0 명,0 명,
6,원묵고등학교(자율형공립고)서울특별시 중랑구 묵동,0 명0 명0 명,0 명0 명0 명,0 명,
7,송곡고등학교(일반고)서울특별시 중랑구 망우동,0 명0 명0 명,0 명0 명0 명,0 명,
0,이화여자고등학교(자율형사립고)서울특별시 중구 정동,6 명4 명2 명,0 명0 명0 명,6 명,
1,환일고등학교(일반고)서울특별시 중구 만리동2가,3 명3 명0 명,2 명2 명0 명,5 명,
2,이화여자외국어고등학교(외국어고)서울특별시 중구 순화동,4 명4 명0 명,0 명0 명0 명,4 명,
3,장충고등학교(일반고)서울특별시 중구 신당동,1 명1 명0 명,0 명0 명0 명,1 명,
0,서울예술고등학교(예술고)서울특별시 종로구 평창동,82 명80 명2 명,0 명0 명0 명,82 명,
1,서울과학고등학교(영재고)서울특별시 종로구 혜화동,63 명59 명4 명,6 명6 명0 명,69 명,
2,서울국제고등학교(국제고)서울특별시 종로구 명륜1가,15 명8 명7 명,0 명0 명0 명,15 명,
3,배화여자고등학교(일반고)서울특별시 종로구 필운동,5 명4 명1 명,0 명0 명0 명,5 명,
4,덕성여자고등학교(일반고)서울특별시 종로구 안국동,3 명3 명0 명,0 명0 명0 명,3 명,
5,동성고등학교(자율형사립고)서울특별시 종로구 혜화동,2 명1 명1 명,0 명0 명0 명,2 명,
6,경신고등학교(일반고)서울특별시 종로구 혜화동,1 명0 명1 명,1 명1 명0 명,2 명,
7,경복고등학교(일반고)서울특별시 종로구 청운동,2 명1 명1 명,0 명0 명0 명,2 명,
8,중앙고등학교(자율형사립고)서울특별시 종로구 계동,1 명1 명0 명,0 명0 명0 명,1 명,
9,상명대학교사범대학부속여자고등학교(일반고)서울특별시 종로구 홍지동,1 명1 명0 명,0 명0 명0 명,1 명,
10,대신고등학교(일반고)서울특별시 종로구 행촌동,0 명0 명0 명,1 명1 명0 명,1 명,
0,하나고등학교(자율형사립고)서울특별시 은평구 진관동,54 명48 명6 명,1 명1 명0 명,55 명,
1,예일여자고등학교(일반고)서울특별시 은평구 구산동,8 명7 명1 명,0 명0 명0 명,8 명,
2,대성고등학교(자율형사립고)서울특별시 은평구 갈현동,5 명5 명0 명,0 명0 명0 명,5 명,
3,숭실고등학교(일반고)서울특별시 은평구 신사동,2 명2 명0 명,1 명1 명0 명,3 명,
4,충암고등학교(일반고)서울특별시 은평구 응암동,2 명2 명0 명,0 명0 명0 명,2 명,
5,선정고등학교(일반고)서울특별시 은평구 갈현동,1 명0 명1 명,1 명1 명0 명,2 명,
6,진관고등학교(일반고)서울특별시 은평구 진관동,2 명2 명0 명,0 명0 명0 명,2 명,
7,동명여자고등학교(일반고)서울특별시 은평구 대조동,1 명1 명0 명,0 명0 명0 명,1 명,
8,신도고등학교(일반고)서울특별시 은평구 진관동,1 명1 명0 명,0 명0 명0 명,1 명,
9,선일여자고등학교(일반고)서울특별시 은평구 갈현동,0 명0 명0 명,0 명0 명0 명,0 명,
0,용산고등학교(일반고)서울특별시 용산구 용산동2가,4 명4 명0 명,0 명0 명0 명,4 명,
1,중경고등학교(자율형공립고)서울특별시 용산구 이촌동,3 명3 명0 명,1 명1 명0 명,4 명,
2,오산고등학교(일반고)서울특별시 용산구 보광동,3 명3 명0 명,0 명0 명0 명,3 명,
3,배문고등학교(일반고)서울특별시 용산구 서계동,0 명0 명0 명,0 명0 명0 명,0 명,
4,성심여자고등학교(일반고)서울특별시 용산구 원효로4가,0 명0 명0 명,0 명0 명0 명,0 명,
0,장훈고등학교(자율형사립고)서울특별시 영등포구 신길동,5 명0 명5 명,0 명0 명0 명,5 명,
1,대영고등학교(자율형공립고)서울특별시 영등포구 신길동,5 명4 명1 명,0 명0 명0 명,5 명,
2,여의도고등학교(일반고)서울특별시 영등포구 여의도동,4 명3 명1 명,0 명0 명0 명,4 명,
3,관악고등학교(일반고)서울특별시 영등포구 양평동2가,4 명2 명2 명,0 명0 명0 명,4 명,
4,여의도여자고등학교(일반고)서울특별시 영등포구 여의도동,3 명3 명0 명,0 명0 명0 명,3 명,
5,선유고등학교(일반고)서울특별시 영등포구 양평동4가,0 명0 명0 명,0 명0 명0 명,0 명,
0,강서고등학교(일반고)서울특별시 양천구 목동,17 명2 명15 명,1 명1 명0 명,18 명,
1,양정고등학교(자율형사립고)서울특별시 양천구 목동,13 명2 명11 명,0 명0 명0 명,13 명,
2,신목고등학교(일반고)서울특별시 양천구 신정동,6 명4 명2 명,0 명0 명0 명,6 명,
3,목동고등학교(일반고)서울특별시 양천구 신정동,6 명2 명4 명,0 명0 명0 명,6 명,
4,한가람고등학교(자율형사립고)서울특별시 양천구 목동,6 명3 명3 명,0 명0 명0 명,6 명,
5,진명여자고등학교(일반고)서울특별시 양천구 목동,6 명3 명3 명,0 명0 명0 명,6 명,
6,양천고등학교(일반고)서울특별시 양천구 신정동,4 명3 명1 명,0 명0 명0 명,4 명,
7,백암고등학교(일반고)서울특별시 양천구 신정동,1 명1 명0 명,0 명0 명0 명,1 명,
8,광영고등학교(일반고)서울특별시 양천구 신월동,1 명0 명1 명,0 명0 명0 명,1 명,
9,금옥여자고등학교(일반고)서울특별시 양천구 신정동,1 명1 명0 명,0 명0 명0 명,1 명,
10,광영여자고등학교(일반고)서울특별시 양천구 신월동,1 명1 명0 명,0 명0 명0 명,1 명,
11,신서고등학교(일반고)서울특별시 양천구 신정동,1 명0 명1 명,0 명0 명0 명,1 명,
0,보인고등학교(자율형사립고)서울특별시 송파구 오금동,8 명5 명3 명,0 명0 명0 명,8 명,
1,보성고등학교(일반고)서울특별시 송파구 방이동,6 명3 명3 명,1 명1 명0 명,7 명,
2,잠신고등학교(일반고)서울특별시 송파구 잠실동,6 명2 명4 명,1 명1 명0 명,7 명,
3,영동일고등학교(일반고)서울특별시 송파구 잠실동,5 명3 명2 명,0 명0 명0 명,5 명,
4,창덕여자고등학교(일반고)서울특별시 송파구 방이동,5 명2 명3 명,0 명0 명0 명,5 명,
5,정신여자고등학교(일반고)서울특별시 송파구 잠실동,5 명5 명0 명,0 명0 명0 명,5 명,
6,오금고등학교(일반고)서울특별시 송파구 오금동,4 명4 명0 명,0 명0 명0 명,4 명,
7,잠실여자고등학교(일반고)서울특별시 송파구 송파동,3 명3 명0 명,0 명0 명0 명,3 명,
8,배명고등학교(일반고)서울특별시 송파구 삼전동,3 명3 명0 명,0 명0 명0 명,3 명,
9,영파여자고등학교(일반고)서울특별시 송파구 풍납동,2 명2 명0 명,0 명0 명0 명,2 명,
10,잠실고등학교(일반고)서울특별시 송파구 신천동,2 명1 명1 명,0 명0 명0 명,2 명,
11,방산고등학교(일반고)서울특별시 송파구 방이동,2 명1 명1 명,0 명0 명0 명,2 명,
12,가락고등학교(일반고)서울특별시 송파구 송파동,2 명1 명1 명,0 명0 명0 명,2 명,
13,문정고등학교(일반고)서울특별시 송파구 문정동,2 명2 명0 명,0 명0 명0 명,2 명,
14,잠일고등학교(일반고)서울특별시 송파구 잠실동,2 명0 명2 명,0 명0 명0 명,2 명,
15,서울체육고등학교(체육고)서울특별시 송파구 방이동,0 명0 명0 명,0 명0 명0 명,0 명,
0,대일외국어고등학교(외국어고)서울특별시 성북구 정릉동,31 명27 명4 명,0 명0 명0 명,31 명,
1,홍익대학교사범대학부속고등학교(일반고)서울특별시 성북구 성북동,4 명4 명0 명,0 명0 명0 명,4 명,
2,서울대학교사범대학부설고등학교(일반고)서울특별시 성북구 종암동,3 명3 명0 명,0 명0 명0 명,3 명,
3,용문고등학교(일반고)서울특별시 성북구 안암동2가,1 명0 명1 명,2 명1 명1 명,3 명,
4,성신여자고등학교(일반고)서울특별시 성북구 돈암동,1 명1 명0 명,0 명0 명0 명,1 명,
5,한성여자고등학교(일반고)서울특별시 성북구 삼선동2가,1 명1 명0 명,0 명0 명0 명,1 명,
6,계성고등학교(일반고)서울특별시 성북구 길음동,1 명1 명0 명,0 명0 명0 명,1 명,
7,고려대학교사범대학부속고등학교(일반고)서울특별시 성북구 정릉동,0 명0 명0 명,0 명0 명0 명,0 명,
8,석관고등학교(일반고)서울특별시 성북구 석관동,0 명0 명0 명,0 명0 명0 명,0 명,
0,한양대학교사범대학부속고등학교(자율형사립고)서울특별시 성동구 사근동,4 명2 명2 명,0 명0 명0 명,4 명,
1,무학여자고등학교(일반고)서울특별시 성동구 행당동,1 명1 명0 명,0 명0 명0 명,1 명,
2,덕수고등학교(일반고)서울특별시 성동구 행당동,1 명1 명0 명,0 명0 명0 명,1 명,
3,성수고등학교(일반고)서울특별시 성동구 성수동1가,0 명0 명0 명,1 명1 명0 명,1 명,
0,세화고등학교(자율형사립고)서울특별시 서초구 반포동,27 명6 명21 명,0 명0 명0 명,27 명,
1,서울고등학교(일반고)서울특별시 서초구 서초동,21 명14 명7 명,0 명0 명0 명,21 명,
2,반포고등학교(일반고)서울특별시 서초구 반포동,14 명9 명5 명,1 명1 명0 명,15 명,
3,세화여자고등학교(자율형사립고)서울특별시 서초구 반포동,14 명5 명9 명,0 명0 명0 명,14 명,
4,상문고등학교(일반고)서울특별시 서초구 방배동,11 명10 명1 명,0 명0 명0 명,11 명,
5,서초고등학교(일반고)서울특별시 서초구 서초동,8 명6 명2 명,1 명1 명0 명,9 명,
6,양재고등학교(일반고)서울특별시 서초구 서초동,8 명6 명2 명,0 명0 명0 명,8 명,
7,서문여자고등학교(일반고)서울특별시 서초구 방배동,5 명3 명2 명,0 명0 명0 명,5 명,
8,동덕여자고등학교(일반고)서울특별시 서초구 방배동,4 명3 명1 명,0 명0 명0 명,4 명,
9,언남고등학교(일반고)서울특별시 서초구 양재동,1 명0 명1 명,0 명0 명0 명,1 명,
0,한성과학고등학교(과학고)서울특별시 서대문구 현저동,15 명14 명1 명,35 명35 명0 명,50 명,
1,이화여자대학교사범대학부속이화금란고등학교(자율형사립고)서울특별시 서대문구 대신동,6 명5 명1 명,0 명0 명0 명,6 명,
2,명지고등학교(일반고)서울특별시 서대문구 홍은동,4 명4 명0 명,0 명0 명0 명,4 명,
3,인창고등학교(일반고)서울특별시 서대문구 충정로2가,3 명3 명0 명,0 명0 명0 명,3 명,
4,한성고등학교(일반고)서울특별시 서대문구 북아현동,2 명2 명0 명,0 명0 명0 명,2 명,
5,중앙여자고등학교(일반고)서울특별시 서대문구 북아현동,2 명2 명0 명,0 명0 명0 명,2 명,
6,가재울고등학교(일반고)서울특별시 서대문구 북가좌동,0 명0 명0 명,1 명1 명0 명,1 명,
0,숭문고등학교(자율형사립고)서울특별시 마포구 대흥동,4 명1 명3 명,0 명0 명0 명,4 명,
1,홍익대학교사범대학부속여자고등학교(일반고)서울특별시 마포구 성산동,3 명3 명0 명,0 명0 명0 명,3 명,
2,광성고등학교(일반고)서울특별시 마포구 신수동,2 명2 명0 명,0 명0 명0 명,2 명,
3,경성고등학교(일반고)서울특별시 마포구 연남동,2 명2 명0 명,0 명0 명0 명,2 명,
4,서울여자고등학교(자율고)서울특별시 마포구 염리동,2 명2 명0 명,0 명0 명0 명,2 명,
5,상암고등학교(자율형공립고)서울특별시 마포구 상암동,1 명1 명0 명,0 명0 명0 명,1 명,
0,경문고등학교(자율형사립고)서울특별시 동작구 동작동,9 명3 명6 명,0 명0 명0 명,9 명,
1,숭의여자고등학교(일반고)서울 동작구 대방동,4 명2 명2 명,0 명0 명0 명,4 명,
2,성남고등학교(일반고)서울특별시 동작구 대방동,2 명2 명0 명,0 명0 명0 명,2 명,
3,수도여자고등학교(일반고)서울특별시 동작구 신대방동,2 명2 명0 명,0 명0 명0 명,2 명,
4,동작고등학교(일반고)서울특별시 동작구 사당동,1 명1 명0 명,0 명0 명0 명,1 명,
5,영등포고등학교(일반고)서울특별시 동작구 대방동,0 명0 명0 명,0 명0 명0 명,0 명,
0,경희고등학교(자율형사립고)서울특별시 동대문구 회기동,3 명1 명2 명,0 명0 명0 명,3 명,
1,대광고등학교(자율형사립고)서울특별시 동대문구 신설동,3 명1 명2 명,0 명0 명0 명,3 명,
2,동국대학교사범대학부속고등학교(일반고)서울특별시 동대문구 장안동,2 명1 명1 명,0 명0 명0 명,2 명,
3,경희여자고등학교(일반고)서울특별시 동대문구 회기동,2 명2 명0 명,0 명0 명0 명,2 명,
4,휘경여자고등학교(일반고)서울특별시 동대문구 휘경동,1 명1 명0 명,0 명0 명0 명,1 명,
5,해성여자고등학교(일반고)서울특별시 동대문구 전농동,0 명0 명0 명,0 명0 명0 명,0 명,
6,청량고등학교(자율형공립고)서울특별시 동대문구 청량리동,0 명0 명0 명,0 명0 명0 명,0 명,
7,휘봉고등학교(일반고)서울특별시 동대문구 휘경동,0 명0 명0 명,0 명0 명0 명,0 명,
0,선덕고등학교(자율형사립고)서울특별시 도봉구 쌍문동,11 명3 명8 명,0 명0 명0 명,11 명,
1,창동고등학교(일반고)서울특별시 도봉구 창1동,2 명2 명0 명,1 명1 명0 명,3 명,
2,정의여자고등학교(일반고)서울특별시 도봉구 쌍문동,1 명0 명1 명,1 명1 명0 명,2 명,
3,서울외국어고등학교(외국어고)서울특별시 도봉구 창동,2 명2 명0 명,0 명0 명0 명,2 명,
4,누원고등학교(일반고)서울특별시 도봉구 도봉동,2 명0 명2 명,0 명0 명0 명,2 명,
5,자운고등학교(일반고)서울특별시 도봉구 창동,1 명0 명1 명,0 명0 명0 명,1 명,
6,효문고등학교(일반고)서울특별시 도봉구 쌍문동,0 명0 명0 명,0 명0 명0 명,0 명,
7,도봉고등학교(일반고)서울특별시 도봉구 도봉동,0 명0 명0 명,0 명0 명0 명,0 명,
0,대진고등학교(서울)(일반고)서울특별시 노원구 하계동,9 명5 명4 명,1 명1 명0 명,10 명,
1,서라벌고등학교(일반고)서울특별시 노원구 중계동,7 명4 명3 명,0 명0 명0 명,7 명,
2,청원고등학교(일반고)서울특별시 노원구 상계동,6 명5 명1 명,1 명1 명0 명,7 명,
3,대진여자고등학교(일반고)서울특별시 노원구 중계동,6 명5 명1 명,0 명0 명0 명,6 명,
4,재현고등학교(일반고)서울특별시 노원구 중계동,4 명4 명0 명,0 명0 명0 명,4 명,
5,영신여자고등학교(일반고)서울특별시 노원구 중계동,4 명2 명2 명,0 명0 명0 명,4 명,
6,불암고등학교(일반고)서울특별시 노원구 중계동,4 명3 명1 명,0 명0 명0 명,4 명,
7,용화여자고등학교(일반고)서울특별시 노원구 상계동,4 명2 명2 명,0 명0 명0 명,4 명,
8,노원고등학교(일반고)서울특별시 노원구 상계동,1 명1 명0 명,2 명2 명0 명,3 명,
9,혜성여자고등학교(일반고)서울특별시 노원구 하계동,2 명1 명1 명,0 명0 명0 명,2 명,
10,상계고등학교(일반고)서울특별시 노원구 상계동,2 명1 명1 명,0 명0 명0 명,2 명,
11,상명고등학교(일반고)서울특별시 노원구 중계동,1 명1 명0 명,0 명0 명0 명,1 명,
12,월계고등학교(일반고)서울특별시 노원구 월계동,1 명1 명0 명,0 명0 명0 명,1 명,
13,청원여자고등학교(일반고)서울특별시 노원구 상계동,1 명1 명0 명,0 명0 명0 명,1 명,
14,한국삼육고등학교(일반고)서울특별시 노원구 공릉동,1 명1 명0 명,0 명0 명0 명,1 명,
15,수락고등학교(자율형공립고)서울특별시 노원구 상계동,0 명0 명0 명,0 명0 명0 명,0 명,
16,염광고등학교(일반고)서울특별시 노원구 월계동,0 명0 명0 명,0 명0 명0 명,0 명,
0,국립전통예술고등학교(예술고)서울특별시 금천구 시흥동,3 명3 명0 명,0 명0 명0 명,3 명,
1,문일고등학교(일반고)서울특별시 금천구 시흥동,3 명2 명1 명,0 명0 명0 명,3 명,
2,동일여자고등학교(일반고)서울특별시 금천구 시흥동,0 명0 명0 명,1 명1 명0 명,1 명,
3,독산고등학교(일반고)서울특별시 금천구 독산동,0 명0 명0 명,0 명0 명0 명,0 명,
4,금천고등학교(일반고)서울특별시 금천구 시흥동,0 명0 명0 명,0 명0 명0 명,0 명,
0,세종과학고등학교(과학고)서울특별시 구로구 궁동,15 명15 명0 명,31 명31 명0 명,46 명,
1,구로고등학교(일반고)서울특별시 구로구 구로동,1 명1 명0 명,1 명1 명0 명,2 명,
2,구현고등학교(자율형공립고)서울특별시 구로구 구로동,2 명1 명1 명,0 명0 명0 명,2 명,
3,우신고등학교(자율형사립고)서울특별시 구로구 궁동,2 명2 명0 명,0 명0 명0 명,2 명,
4,신도림고등학교(일반고)서울특별시 구로구 신도림동,1 명0 명1 명,0 명0 명0 명,1 명,
5,구일고등학교(일반고)서울특별시 구로구 구로동,1 명1 명0 명,0 명0 명0 명,1 명,
6,오류고등학교(일반고)서울특별시 구로구 궁동,0 명0 명0 명,0 명0 명0 명,0 명,
7,고척고등학교(자율형공립고)서울특별시 구로구 고척동,0 명0 명0 명,0 명0 명0 명,0 명,
0,대원외국어고등학교(외국어고)서울특별시 광진구 중곡동,55 명42 명13 명,0 명0 명0 명,55 명,
1,선화예술고등학교(예술고)서울특별시 광진구 능동,27 명27 명0 명,0 명0 명0 명,27 명,
2,광남고등학교(일반고)서울특별시 광진구 광장동,7 명4 명3 명,0 명0 명0 명,7 명,
3,대원여자고등학교(일반고)서울특별시 광진구 중곡동,6 명6 명0 명,0 명0 명0 명,6 명,
4,건국대학교사범대학부속고등학교(일반고)서울특별시 광진구 화양동,3 명3 명0 명,0 명0 명0 명,3 명,
5,대원고등학교(일반고)서울특별시 광진구 중곡동,2 명2 명0 명,0 명0 명0 명,2 명,
6,동국대학교사범대학부속여자고등학교(일반고)서울특별시 광진구 구의동,2 명2 명0 명,0 명0 명0 명,2 명,
7,광양고등학교(자율형공립고)서울특별시 광진구 자양동,0 명0 명0 명,1 명1 명0 명,1 명,
8,자양고등학교(일반고)서울특별시 광진구 자양동,0 명0 명0 명,0 명0 명0 명,0 명,
0,미림여자고등학교(자율형사립고)서울특별시 관악구 신림동,4 명3 명1 명,0 명0 명0 명,4 명,
1,성보고등학교(일반고)서울특별시 관악구 신림동,2 명2 명0 명,1 명1 명0 명,3 명,
2,서울미술고등학교(특성화고)서울특별시 관악구 봉천동,2 명2 명0 명,0 명0 명0 명,2 명,
3,구암고등학교(일반고)서울특별시 관악구 봉천동,2 명2 명0 명,0 명0 명0 명,2 명,
4,인헌고등학교(일반고)서울특별시 관악구 봉천동,2 명2 명0 명,0 명0 명0 명,2 명,
5,서울문영여자고등학교(일반고)서울특별시 관악구 봉천동,1 명1 명0 명,1 명1 명0 명,2 명,
6,남강고등학교(일반고)서울특별시 관악구 신림동,2 명1 명1 명,0 명0 명0 명,2 명,
7,당곡고등학교(자율형공립고)서울특별시 관악구 봉천동,1 명0 명1 명,0 명0 명0 명,1 명,
8,삼성고등학교(일반고)서울특별시 관악구 신림9동,1 명1 명0 명,0 명0 명0 명,1 명,
9,신림고등학교(일반고)서울특별시 관악구 신림동,1 명1 명0 명,0 명0 명0 명,1 명,
10,광신고등학교(일반고)서울특별시 관악구 신림동,1 명1 명0 명,0 명0 명0 명,1 명,
11,광신정보산업고등학교(특성화고)서울특별시 관악구 신림동,0 명0 명0 명,0 명0 명0 명,0 명,
12,서울여자상업고등학교(특성화고)서울특별시 관악구 봉천동,0 명0 명0 명,0 명0 명0 명,0 명,
13,영락고등학교(일반고)서울특별시 관악구 봉천동,0 명0 명0 명,0 명0 명0 명,0 명,
0,명덕외국어고등학교(외국어고)서울특별시 강서구 내발산동,15 명14 명1 명,0 명0 명0 명,15 명,
1,대일고등학교(일반고)서울특별시 강서구 등촌동,7 명5 명2 명,0 명0 명0 명,7 명,
2,마포고등학교(일반고)서울특별시 강서구 등촌동,6 명5 명1 명,0 명0 명0 명,6 명,
3,명덕고등학교(일반고)서울특별시 강서구 내발산동,4 명3 명1 명,0 명0 명0 명,4 명,
4,덕원예술고등학교(예술고)서울특별시 강서구 내발산동,4 명4 명0 명,0 명0 명0 명,4 명,
5,덕원여자고등학교(일반고)서울특별시 강서구 내발산동,4 명3 명1 명,0 명0 명0 명,4 명,
6,영일고등학교(일반고)서울특별시 강서구 등촌동,3 명1 명2 명,0 명0 명0 명,3 명,
7,수명고등학교(일반고)서울특별시 강서구 내발산동,2 명2 명0 명,0 명0 명0 명,2 명,
8,한서고등학교(일반고)서울특별시 강서구 방화동,2 명2 명0 명,0 명0 명0 명,2 명,
9,동양고등학교(일반고)서울특별시 강서구 가양동,2 명1 명1 명,0 명0 명0 명,2 명,
10,명덕여자고등학교(일반고)서울특별시 강서구 내발산동,1 명1 명0 명,0 명0 명0 명,1 명,
11,공항고등학교(일반고)서울특별시 강서구 방화동,1 명0 명1 명,0 명0 명0 명,1 명,
12,경복여자고등학교(일반고)서울특별시 강서구 등촌동,0 명0 명0 명,0 명0 명0 명,0 명,
13,화곡고등학교(일반고)서울특별시 강서구 내발산동,0 명0 명0 명,0 명0 명0 명,0 명,
14,세현고등학교(일반고)서울특별시 강서구 가양동,0 명0 명0 명,0 명0 명0 명,0 명,
15,등촌고등학교(자율형공립고)서울특별시 강서구 등촌동,0 명0 명0 명,0 명0 명0 명,0 명,
0,신일고등학교(자율형사립고)서울특별시 강북구 미아동,5 명1 명4 명,1 명0 명1 명,6 명,
1,창문여자고등학교(일반고)서울특별시 강북구 미아동,4 명4 명0 명,0 명0 명0 명,4 명,
2,영훈고등학교(일반고)서울특별시 강북구 미아동,3 명3 명0 명,0 명0 명0 명,3 명,
3,삼각산고등학교(일반고)서울특별시 강북구 미아동,0 명0 명0 명,1 명1 명0 명,1 명,
4,혜화여자고등학교(일반고)서울특별시 강북구 수유동,0 명0 명0 명,0 명0 명0 명,0 명,
0,한영외국어고등학교(외국어고)서울특별시 강동구 상일동,31 명26 명5 명,0 명0 명0 명,31 명,
1,한영고등학교(일반고)서울특별시 강동구 상일동,12 명9 명3 명,0 명0 명0 명,12 명,
2,배재고등학교(자율형사립고)서울특별시 강동구 고덕동,12 명6 명6 명,0 명0 명0 명,12 명,
3,동북고등학교(일반고)서울특별시 강동구 둔촌동,4 명2 명2 명,0 명0 명0 명,4 명,
4,상일여자고등학교(일반고)서울특별시 강동구 상일동,4 명3 명1 명,0 명0 명0 명,4 명,
5,강일고등학교(일반고)서울특별시 강동구 강일동,2 명1 명1 명,1 명1 명0 명,3 명,
6,명일여자고등학교(일반고)서울특별시 강동구 명일동,3 명3 명0 명,0 명0 명0 명,3 명,
7,둔촌고등학교(일반고)서울특별시 강동구 둔촌동,2 명2 명0 명,0 명0 명0 명,2 명,
8,강동고등학교(일반고)서울특별시 강동구 상일동,1 명1 명0 명,0 명0 명0 명,1 명,
9,광문고등학교(일반고)서울특별시 강동구 고덕동,1 명1 명0 명,0 명0 명0 명,1 명,
10,성덕고등학교(일반고)서울특별시 강동구 천호동,0 명0 명0 명,0 명0 명0 명,0 명,
0,휘문고등학교(자율형사립고)서울특별시 강남구 대치동,34 명7 명27 명,1 명1 명0 명,35 명,
1,단국대학교사범대학부속고등학교(일반고)서울특별시 강남구 대치동,25 명8 명17 명,1 명0 명1 명,26 명,
2,국립국악고등학교(예술고)서울특별시 강남구 개포동,23 명23 명0 명,0 명0 명0 명,23 명,
3,현대고등학교(자율형사립고)서울특별시 강남구 압구정동,19 명7 명12 명,1 명0 명1 명,20 명,
4,숙명여자고등학교(일반고)서울특별시 강남구 도곡동,17 명6 명11 명,0 명0 명0 명,17 명,
5,중산고등학교(일반고)서울특별시 강남구 일원동,16 명6 명10 명,1 명1 명0 명,17 명,
6,중동고등학교(자율형사립고)서울특별시 강남구 일원동,14 명5 명9 명,0 명0 명0 명,14 명,
7,경기고등학교(일반고)서울특별시 강남구 삼성동,13 명6 명7 명,0 명0 명0 명,13 명,
8,진선여자고등학교(일반고)서울특별시 강남구 역삼동,11 명6 명5 명,0 명0 명0 명,11 명,
9,경기여자고등학교(일반고)서울특별시 강남구 개포동,10 명8 명2 명,0 명0 명0 명,10 명,
10,은광여자고등학교(일반고)서울특별시 강남구 도곡동,10 명7 명3 명,0 명0 명0 명,10 명,
11,영동고등학교(일반고)서울특별시 강남구 청담동,9 명3 명6 명,0 명0 명0 명,9 명,
12,중앙대학교사범대학부속고등학교(일반고)서울특별시 강남구 도곡동,7 명6 명1 명,1 명0 명1 명,8 명,
13,개포고등학교(일반고)서울특별시 강남구 개포동,7 명4 명3 명,0 명0 명0 명,7 명,
14,청담고등학교(일반고)서울특별시 강남구 압구정동,7 명4 명3 명,0 명0 명0 명,7 명,
15,압구정고등학교(일반고)서울특별시 강남구 압구정동,6 명4 명2 명,0 명0 명0 명,6 명,
16,서울세종고등학교(일반고)서울특별시 강남구 수서동,3 명1 명2 명,0 명0 명0 명,3 명,
17,풍문고등학교(일반고)서울특별시 강남구 자곡동,2 명2 명0 명,0 명0 명0 명,2 명,
