_c0,특목고진학자수,학교종류,중학교명,주소
0,3,일반중학교,경신중학교,서울특별시 종로구
1,2,일반중학교,대신중학교,서울특별시 종로구
2,1,일반중학교,덕성여자중학교,서울특별시 종로구
3,4,일반중학교,동성중학교,서울특별시 종로구
4,6,일반중학교,배화여자중학교,서울특별시 종로구
5,7,일반중학교,상명대학교사범대학부속여자중학교,서울특별시 종로구
6,10,일반중학교,서울대학교사범대학부설여자중학교,서울특별시 종로구
7,2,일반중학교,중앙중학교,서울특별시 종로구
8,4,일반중학교,청운중학교,서울특별시 종로구
9,2,일반중학교,금호여자중학교,서울특별시 중구
10,1,일반중학교,대경중학교,서울특별시 중구
11,2,일반중학교,덕수중학교,서울특별시 중구
12,3,일반중학교,장원중학교,서울특별시 중구
13,0,일반중학교,장충중학교,서울특별시 중구
14,2,일반중학교,창덕여자중학교,서울특별시 중구
15,1,일반중학교,한양중학교,서울특별시 중구
16,1,일반중학교,환일중학교,서울특별시 중구
17,3,일반중학교,배문중학교,서울특별시 용산구
18,2,일반중학교,보성여자중학교,서울특별시 용산구
19,5,일반중학교,선린중학교,서울특별시 용산구
20,2,일반중학교,성심여자중학교,서울특별시 용산구
21,1,일반중학교,신광여자중학교,서울특별시 용산구
22,1,일반중학교,오산중학교,서울특별시 용산구
23,14,일반중학교,용강중학교,서울특별시 용산구
24,"",일반중학교,용산중학교,서울특별시 용산구
25,1,일반중학교,한강중학교,서울특별시 용산구
26,2,일반중학교,경수중학교,서울특별시 성동구
27,1,일반중학교,경일중학교,서울특별시 성동구
28,6,일반중학교,광희중학교,서울특별시 성동구
29,"",일반중학교,동마중학교,서울특별시 성동구
30,4,일반중학교,마장중학교,서울특별시 성동구
31,4,일반중학교,무학중학교,서울특별시 성동구
32,3,일반중학교,성수중학교,서울특별시 성동구
33,1,일반중학교,성원중학교,서울특별시 성동구
34,4,일반중학교,옥정중학교,서울특별시 성동구
35,1,일반중학교,한양대학교사범대학부속중학교,서울특별시 성동구
36,2,일반중학교,행당중학교,서울특별시 성동구
37,1,일반중학교,건국대학교사범대학부속중학교,서울특별시 광진구
38,14,일반중학교,광남중학교,서울특별시 광진구
39,2,일반중학교,광양중학교,서울특별시 광진구
40,5,일반중학교,광장중학교,서울특별시 광진구
41,2,일반중학교,광진중학교,서울특별시 광진구
42,2,일반중학교,구의중학교,서울특별시 광진구
43,40,국제중학교,대원국제중학교,서울특별시 광진구
44,5,일반중학교,동국대학교사범대학부속여자중학교,서울특별시 광진구
45,1,일반중학교,신양중학교,서울특별시 광진구
46,10,일반중학교,양진중학교,서울특별시 광진구
47,0,일반중학교,용곡중학교,서울특별시 광진구
48,11,일반중학교,자양중학교,서울특별시 광진구
49,8,일반중학교,경희여자중학교,서울특별시 동대문구
50,8,일반중학교,경희중학교,서울특별시 동대문구
51,3,일반중학교,대광중학교,서울특별시 동대문구
52,1,일반중학교,동국대학교사범대학부속중학교,서울특별시 동대문구
53,3,일반중학교,동대문중학교,서울특별시 동대문구
54,2,일반중학교,성일중학교,서울특별시 동대문구
55,0,일반중학교,숭인중학교,서울특별시 동대문구
56,3,일반중학교,장평중학교,서울특별시 동대문구
57,4,일반중학교,전농중학교,서울특별시 동대문구
58,1,일반중학교,전동중학교,서울특별시 동대문구
59,"",일반중학교,전일중학교,서울특별시 동대문구
60,1,일반중학교,정화여자중학교,서울특별시 동대문구
61,3,일반중학교,청량중학교,서울특별시 동대문구
62,4,일반중학교,휘경여자중학교,서울특별시 동대문구
63,4,일반중학교,휘경중학교,서울특별시 동대문구
64,0,일반중학교,동원중학교,서울특별시 중랑구
65,3,일반중학교,면목중학교,서울특별시 중랑구
66,0,일반중학교,봉화중학교,서울특별시 중랑구
67,4,일반중학교,상봉중학교,서울특별시 중랑구
68,1,일반중학교,송곡여자중학교,서울특별시 중랑구
69,6,일반중학교,신현중학교,서울특별시 중랑구
70,2,일반중학교,영란여자중학교,서울특별시 중랑구
71,2,일반중학교,용마중학교,서울특별시 중랑구
72,12,일반중학교,원묵중학교,서울특별시 중랑구
73,2,일반중학교,장안중학교,서울특별시 중랑구
74,3,일반중학교,중랑중학교,서울특별시 중랑구
75,4,일반중학교,중화중학교,서울특별시 중랑구
76,2,일반중학교,태릉중학교,서울특별시 중랑구
77,2,일반중학교,혜원여자중학교,서울특별시 중랑구
78,7,일반중학교,개운중학교,서울특별시 성북구
79,5,일반중학교,고려대학교사범대학부속중학교,서울특별시 성북구
80,6,일반중학교,고명중학교,서울특별시 성북구
81,5,일반중학교,길음중학교,서울특별시 성북구
82,2,일반중학교,남대문중학교,서울특별시 성북구
83,6,일반중학교,동구여자중학교,서울특별시 성북구
84,3,일반중학교,북악중학교,서울특별시 성북구
85,6,일반중학교,삼선중학교,서울특별시 성북구
86,7,일반중학교,서울대학교사범대학부설중학교,서울특별시 성북구
87,5,일반중학교,석관중학교,서울특별시 성북구
88,5,일반중학교,성신여자중학교,서울특별시 성북구
89,6,일반중학교,숭곡중학교,서울특별시 성북구
90,2,일반중학교,용문중학교,서울특별시 성북구
91,4,일반중학교,월곡중학교,서울특별시 성북구
92,4,일반중학교,장위중학교,서울특별시 성북구
93,13,일반중학교,종암중학교,서울특별시 성북구
94,2,일반중학교,한성여자중학교,서울특별시 성북구
95,1,일반중학교,홍익대학교사범대학부속중학교,서울특별시 성북구
96,4,일반중학교,강북중학교,서울특별시 강북구
97,6,일반중학교,미양중학교,서울특별시 강북구
98,5,일반중학교,번동중학교,서울특별시 강북구
99,17,일반중학교,삼각산중학교,서울특별시 강북구
100,0,일반중학교,서라벌중학교,서울특별시 강북구
101,9,일반중학교,성암여자중학교,서울특별시 강북구
102,3,일반중학교,수송중학교,서울특별시 강북구
103,2,일반중학교,수유중학교,서울특별시 강북구
104,3,일반중학교,신일중학교,서울특별시 강북구
105,20,국제중학교,영훈국제중학교,서울특별시 강북구
106,3,일반중학교,인수중학교,서울특별시 강북구
107,6,일반중학교,창문여자중학교,서울특별시 강북구
108,4,일반중학교,화계중학교,서울특별시 강북구
109,10,일반중학교,노곡중학교,서울특별시 도봉구
110,5,일반중학교,도봉중학교,서울특별시 도봉구
111,4,일반중학교,방학중학교,서울특별시 도봉구
112,5,일반중학교,백운중학교,서울특별시 도봉구
113,4,일반중학교,북서울중학교,서울특별시 도봉구
114,5,일반중학교,선덕중학교,서울특별시 도봉구
115,8,일반중학교,신도봉중학교,서울특별시 도봉구
116,0,일반중학교,신방학중학교,서울특별시 도봉구
117,6,일반중학교,정의여자중학교,서울특별시 도봉구
118,9,일반중학교,창동중학교,서울특별시 도봉구
119,3,일반중학교,창북중학교,서울특별시 도봉구
120,7,일반중학교,창일중학교,서울특별시 도봉구
121,4,일반중학교,효문중학교,서울특별시 도봉구
122,8,일반중학교,공릉중학교,서울특별시 노원구
123,"",일반중학교,광운중학교,서울특별시 노원구
124,"",일반중학교,노원중학교,서울특별시 노원구
125,8,일반중학교,노일중학교,서울특별시 노원구
126,9,일반중학교,녹천중학교,서울특별시 노원구
127,26,일반중학교,불암중학교,서울특별시 노원구
128,8,일반중학교,상경중학교,서울특별시 노원구
129,12,일반중학교,상계제일중학교,서울특별시 노원구
130,13,일반중학교,상계중학교,서울특별시 노원구
131,8,일반중학교,상명중학교,서울특별시 노원구
132,6,일반중학교,상원중학교,서울특별시 노원구
133,4,일반중학교,수락중학교,서울특별시 노원구
134,6,일반중학교,신상중학교,서울특별시 노원구
135,3,일반중학교,신창중학교,서울특별시 노원구
136,8,일반중학교,염광중학교,서울특별시 노원구
137,"",일반중학교,온곡중학교,서울특별시 노원구
138,"",일반중학교,월계중학교,서울특별시 노원구
139,14,일반중학교,을지중학교,서울특별시 노원구
140,9,일반중학교,재현중학교,서울특별시 노원구
141,15,일반중학교,중계중학교,서울특별시 노원구
142,"",일반중학교,중원중학교,서울특별시 노원구
143,15,일반중학교,중평중학교,서울특별시 노원구
144,"",일반중학교,청원중학교,서울특별시 노원구
145,10,일반중학교,태랑중학교,서울특별시 노원구
146,15,일반중학교,하계중학교,서울특별시 노원구
147,9,일반중학교,한천중학교,서울특별시 노원구
148,5,일반중학교,구산중학교,서울특별시 은평구
149,4,일반중학교,대성중학교,서울특별시 은평구
150,2,일반중학교,덕산중학교,서울특별시 은평구
151,3,일반중학교,불광중학교,서울특별시 은평구
152,2,일반중학교,상신중학교,서울특별시 은평구
153,5,일반중학교,선일여자중학교,서울특별시 은평구
154,2,일반중학교,선정중학교,서울특별시 은평구
155,6,일반중학교,숭실중학교,서울특별시 은평구
156,10,일반중학교,신도중학교,서울특별시 은평구
157,0,일반중학교,연서중학교,서울특별시 은평구
158,2,일반중학교,연신중학교,서울특별시 은평구
159,1,일반중학교,연천중학교,서울특별시 은평구
160,3,일반중학교,영락중학교,서울특별시 은평구
161,6,일반중학교,예일여자중학교,서울특별시 은평구
162,3,일반중학교,은평중학교,서울특별시 은평구
163,6,일반중학교,증산중학교,서울특별시 은평구
164,7,일반중학교,진관중학교,서울특별시 은평구
165,3,일반중학교,충암중학교,서울특별시 은평구
166,9,일반중학교,가재울중학교,서울특별시 서대문구
167,3,일반중학교,동명여자중학교,서울특별시 서대문구
168,9,일반중학교,명지중학교,서울특별시 서대문구
169,2,일반중학교,서연중학교,서울특별시 서대문구
170,2,일반중학교,신연중학교,서울특별시 서대문구
171,6,일반중학교,연북중학교,서울특별시 서대문구
172,5,일반중학교,연희중학교,서울특별시 서대문구
173,"",일반중학교,이화여자대학교사범대학부속이화・금란중학교,서울특별시 서대문구
174,2,일반중학교,인왕중학교,서울특별시 서대문구
175,2,일반중학교,인창중학교,서울특별시 서대문구
176,5,일반중학교,정원여자중학교,서울특별시 서대문구
177,1,일반중학교,중앙여자중학교,서울특별시 서대문구
178,2,일반중학교,한성중학교,서울특별시 서대문구
179,8,일반중학교,홍은중학교,서울특별시 서대문구
180,1,일반중학교,경성중학교,서울특별시 마포구
181,1,일반중학교,광성중학교,서울특별시 마포구
182,7,일반중학교,동도중학교,서울특별시 마포구
183,12,일반중학교,상암중학교,서울특별시 마포구
184,6,일반중학교,서울여자중학교,서울특별시 마포구
185,2,일반중학교,성사중학교,서울특별시 마포구
186,3,일반중학교,성산중학교,서울특별시 마포구
187,1,일반중학교,성서중학교,서울특별시 마포구
188,4,일반중학교,숭문중학교,서울특별시 마포구
189,3,일반중학교,신수중학교,서울특별시 마포구
190,3,일반중학교,아현중학교,서울특별시 마포구
191,7,일반중학교,중암중학교,서울특별시 마포구
192,3,일반중학교,창천중학교,서울특별시 마포구
193,1,일반중학교,홍익대학교사범대학부속여자중학교,서울특별시 마포구
194,11,일반중학교,강신중학교,서울특별시 양천구
195,9,일반중학교,금옥중학교,서울특별시 양천구
196,17,일반중학교,목동중학교,서울특별시 양천구
197,22,일반중학교,목운중학교,서울특별시 양천구
198,21,일반중학교,목일중학교,서울특별시 양천구
199,4,일반중학교,봉영여자중학교,서울특별시 양천구
200,2,일반중학교,신남중학교,서울특별시 양천구
201,23,일반중학교,신목중학교,서울특별시 양천구
202,25,일반중학교,신서중학교,서울특별시 양천구
203,0,일반중학교,신원중학교,서울특별시 양천구
204,5,일반중학교,신월중학교,서울특별시 양천구
205,3,일반중학교,신화중학교,서울특별시 양천구
206,5,일반중학교,양강중학교,서울특별시 양천구
207,4,일반중학교,양동중학교,서울특별시 양천구
208,1,일반중학교,양서중학교,서울특별시 양천구
209,3,일반중학교,양정중학교,서울특별시 양천구
210,2,일반중학교,양천중학교,서울특별시 양천구
211,4,일반중학교,영도중학교,서울특별시 양천구
212,17,일반중학교,월촌중학교,서울특별시 양천구
213,2,일반중학교,경서중학교,서울특별시 강서구
214,3,일반중학교,공진중학교,서울특별시 강서구
215,2,일반중학교,공항중학교,서울특별시 강서구
216,6,일반중학교,덕원중학교,서울특별시 강서구
217,8,일반중학교,등명중학교,서울특별시 강서구
218,3,일반중학교,등원중학교,서울특별시 강서구
219,5,일반중학교,등촌중학교,서울특별시 강서구
220,"",일반중학교,마곡중학교,서울특별시 강서구
221,6,일반중학교,마포중학교,서울특별시 강서구
222,9,일반중학교,명덕여자중학교,서울특별시 강서구
223,3,일반중학교,방원중학교,서울특별시 강서구
224,3,일반중학교,방화중학교,서울특별시 강서구
225,0,일반중학교,백석중학교,서울특별시 강서구
226,"",일반중학교,삼정중학교,서울특별시 강서구
227,2,일반중학교,성재중학교,서울특별시 강서구
228,2,일반중학교,송정중학교,서울특별시 강서구
229,5,일반중학교,수명중학교,서울특별시 강서구
230,1,일반중학교,신정여자중학교,서울특별시 강서구
231,7,일반중학교,염경중학교,서울특별시 강서구
232,12,일반중학교,염창중학교,서울특별시 강서구
233,7,일반중학교,화곡중학교,서울특별시 강서구
234,4,일반중학교,화원중학교,서울특별시 강서구
235,2,일반중학교,개봉중학교,서울특별시 구로구
236,3,일반중학교,개웅중학교,서울특별시 구로구
237,4,일반중학교,경인중학교,서울특별시 구로구
238,5,일반중학교,고척중학교,서울특별시 구로구
239,1,일반중학교,구로중학교,서울특별시 구로구
240,3,일반중학교,구일중학교,서울특별시 구로구
241,7,일반중학교,신도림중학교,서울특별시 구로구
242,6,일반중학교,영림중학교,서울특별시 구로구
243,4,일반중학교,영서중학교,서울특별시 구로구
244,1,일반중학교,오남중학교,서울특별시 구로구
245,2,일반중학교,오류중학교,서울특별시 구로구
246,1,일반중학교,우신중학교,서울특별시 구로구
247,8,일반중학교,천왕중학교,서울특별시 구로구
248,2,일반중학교,가산중학교,서울특별시 금천구
249,2,일반중학교,난곡중학교,서울특별시 금천구
250,8,일반중학교,동일중학교,서울특별시 금천구
251,3,일반중학교,문성중학교,서울특별시 금천구
252,1,일반중학교,문일중학교,서울특별시 금천구
253,1,일반중학교,세일중학교,서울특별시 금천구
254,4,일반중학교,시흥중학교,서울특별시 금천구
255,0,일반중학교,안천중학교,서울특별시 금천구
256,3,일반중학교,한울중학교,서울특별시 금천구
257,3,일반중학교,당산서중학교,서울특별시 영등포구
258,2,일반중학교,당산중학교,서울특별시 영등포구
259,0,일반중학교,대림중학교,서울특별시 영등포구
260,1,일반중학교,대영중학교,서울특별시 영등포구
261,3,일반중학교,문래중학교,서울특별시 영등포구
262,5,일반중학교,선유중학교,서울특별시 영등포구
263,8,일반중학교,양화중학교,서울특별시 영등포구
264,11,일반중학교,여의도중학교,서울특별시 영등포구
265,4,일반중학교,영남중학교,서울특별시 영등포구
266,3,일반중학교,영원중학교,서울특별시 영등포구
267,6,일반중학교,윤중중학교,서울특별시 영등포구
268,3,일반중학교,강남중학교,서울특별시 동작구
269,3,일반중학교,강현중학교,서울특별시 동작구
270,0,일반중학교,국사봉중학교,서울특별시 동작구
271,0,일반중학교,남성중학교,서울특별시 동작구
272,7,일반중학교,대방중학교,서울특별시 동작구
273,4,일반중학교,동양중학교,서울특별시 동작구
274,2,일반중학교,동작중학교,서울특별시 동작구
275,2,일반중학교,문창중학교,서울특별시 동작구
276,1,일반중학교,사당중학교,서울특별시 동작구
277,3,일반중학교,상도중학교,서울특별시 동작구
278,5,일반중학교,상현중학교,서울특별시 동작구
279,3,일반중학교,성남중학교,서울특별시 동작구
280,9,일반중학교,숭의여자중학교,서울특별시 동작구
281,1,일반중학교,영등포중학교,서울특별시 동작구
282,4,일반중학교,장승중학교,서울특별시 동작구
283,9,일반중학교,중앙대학교사범대학부속중학교,서울특별시 동작구
284,0,일반중학교,관악중학교,서울특별시 관악구
285,1,일반중학교,광신중학교,서울특별시 관악구
286,7,일반중학교,구암중학교,서울특별시 관악구
287,9,일반중학교,난우중학교,서울특별시 관악구
288,2,일반중학교,남강중학교,서울특별시 관악구
289,1,일반중학교,남서울중학교,서울특별시 관악구
290,1,일반중학교,당곡중학교,서울특별시 관악구
291,0,일반중학교,미성중학교,서울특별시 관악구
292,1,일반중학교,봉림중학교,서울특별시 관악구
293,1,일반중학교,봉원중학교,서울특별시 관악구
294,3,일반중학교,삼성중학교,서울특별시 관악구
295,1,일반중학교,서울문영여자중학교,서울특별시 관악구
296,2,일반중학교,성보중학교,서울특별시 관악구
297,2,일반중학교,신관중학교,서울특별시 관악구
298,3,일반중학교,신림중학교,서울특별시 관악구
299,3,일반중학교,인헌중학교,서울특별시 관악구
300,15,일반중학교,경원중학교,서울특별시 서초구
301,"",일반중학교,내곡중학교,서울특별시 서초구
302,2,일반중학교,동덕여자중학교,서울특별시 서초구
303,8,일반중학교,반포중학교,서울특별시 서초구
304,5,일반중학교,방배중학교,서울특별시 서초구
305,3,일반중학교,서문여자중학교,서울특별시 서초구
306,12,일반중학교,서운중학교,서울특별시 서초구
307,18,일반중학교,서일중학교,서울특별시 서초구
308,7,일반중학교,서초중학교,서울특별시 서초구
309,6,일반중학교,세화여자중학교,서울특별시 서초구
310,14,일반중학교,신동중학교,서울특별시 서초구
311,4,일반중학교,신반포중학교,서울특별시 서초구
312,1,일반중학교,언남중학교,서울특별시 서초구
313,6,일반중학교,영동중학교,서울특별시 서초구
314,14,일반중학교,원촌중학교,서울특별시 서초구
315,6,일반중학교,이수중학교,서울특별시 서초구
316,4,일반중학교,개원중학교,서울특별시 강남구
317,"",일반중학교,개포중학교,서울특별시 강남구
318,8,일반중학교,구룡중학교,서울특별시 강남구
319,7,일반중학교,단국대학교사범대학부속중학교,서울특별시 강남구
320,11,일반중학교,대명중학교,서울특별시 강남구
321,13,일반중학교,대왕중학교,서울특별시 강남구
322,17,일반중학교,대청중학교,서울특별시 강남구
323,6,일반중학교,대치중학교,서울특별시 강남구
324,12,일반중학교,도곡중학교,서울특별시 강남구
325,2,일반중학교,봉은중학교,서울특별시 강남구
326,"",일반중학교,세곡중학교,서울특별시 강남구
327,"",일반중학교,수서중학교,서울특별시 강남구
328,8,일반중학교,숙명여자중학교,서울특별시 강남구
329,6,일반중학교,신구중학교,서울특별시 강남구
330,5,일반중학교,신사중학교,서울특별시 강남구
331,13,일반중학교,압구정중학교,서울특별시 강남구
332,5,일반중학교,언북중학교,서울특별시 강남구
333,9,일반중학교,언주중학교,서울특별시 강남구
334,12,일반중학교,역삼중학교,서울특별시 강남구
335,"",일반중학교,은성중학교,서울특별시 강남구
336,11,일반중학교,중동중학교,서울특별시 강남구
337,16,일반중학교,진선여자중학교,서울특별시 강남구
338,4,일반중학교,청담중학교,서울특별시 강남구
339,9,일반중학교,휘문중학교,서울특별시 강남구
340,8,일반중학교,가락중학교,서울특별시 송파구
341,8,일반중학교,가원중학교,서울특별시 송파구
342,4,일반중학교,거원중학교,서울특별시 송파구
343,5,일반중학교,문정중학교,서울특별시 송파구
344,"",일반중학교,문현중학교,서울특별시 송파구
345,7,일반중학교,방산중학교,서울특별시 송파구
346,2,일반중학교,방이중학교,서울특별시 송파구
347,3,일반중학교,배명중학교,서울특별시 송파구
348,5,일반중학교,보성중학교,서울특별시 송파구
349,"",일반중학교,보인중학교,서울특별시 송파구
350,"",체육중학교,서울체육중학교,서울특별시 송파구
351,6,일반중학교,석촌중학교,서울특별시 송파구
352,6,일반중학교,세륜중학교,서울특별시 송파구
353,"",일반중학교,송례중학교,서울특별시 송파구
354,15,일반중학교,송파중학교,서울특별시 송파구
355,19,일반중학교,신천중학교,서울특별시 송파구
356,6,일반중학교,아주중학교,서울특별시 송파구
357,"",일반중학교,영파여자중학교,서울특별시 송파구
358,"",일반중학교,오금중학교,서울특별시 송파구
359,13,일반중학교,오륜중학교,서울특별시 송파구
360,3,일반중학교,오주중학교,서울특별시 송파구
361,4,일반중학교,일신여자중학교,서울특별시 송파구
362,14,일반중학교,잠신중학교,서울특별시 송파구
363,10,일반중학교,잠실중학교,서울특별시 송파구
364,6,일반중학교,정신여자중학교,서울특별시 송파구
365,3,일반중학교,풍납중학교,서울특별시 송파구
366,"",일반중학교,풍성중학교,서울특별시 송파구
367,2,일반중학교,강동중학교,서울특별시 강동구
368,6,일반중학교,강명중학교,서울특별시 강동구
369,8,일반중학교,강일중학교,서울특별시 강동구
370,3,일반중학교,고덕중학교,서울특별시 강동구
371,2,일반중학교,동북중학교,서울특별시 강동구
372,0,일반중학교,동신중학교,서울특별시 강동구
373,2,일반중학교,둔촌중학교,서울특별시 강동구
374,6,일반중학교,명일중학교,서울특별시 강동구
375,2,일반중학교,배재중학교,서울특별시 강동구
376,1,일반중학교,상일여자중학교,서울특별시 강동구
377,6,일반중학교,성내중학교,서울특별시 강동구
378,7,일반중학교,성덕여자중학교,서울특별시 강동구
379,6,일반중학교,신명중학교,서울특별시 강동구
380,5,일반중학교,신암중학교,서울특별시 강동구
381,3,일반중학교,천일중학교,서울특별시 강동구
382,3,일반중학교,천호중학교,서울특별시 강동구
383,3,일반중학교,한산중학교,서울특별시 강동구
384,11,일반중학교,한영중학교,서울특별시 강동구
385,0,일반중학교,덕원중학교,부산광역시 중구
386,11,일반중학교,경남중학교,부산광역시 서구
387,4,일반중학교,대신여자중학교,부산광역시 서구
388,9,일반중학교,부산대신중학교,부산광역시 서구
389,8,일반중학교,부산여자중학교,부산광역시 서구
390,5,일반중학교,부산중앙여자중학교,부산광역시 서구
391,6,일반중학교,송도중학교,부산광역시 서구
392,2,일반중학교,초장중학교,부산광역시 서구
393,6,일반중학교,경남여자중학교,부산광역시 동구
394,2,일반중학교,금성중학교,부산광역시 동구
395,0,일반중학교,부산동여자중학교,부산광역시 동구
396,3,일반중학교,부산서중학교,부산광역시 동구
397,4,일반중학교,부산중학교,부산광역시 동구
398,3,일반중학교,선화여자중학교,부산광역시 동구
399,2,일반중학교,남도여자중학교,부산광역시 영도구
400,"",일반중학교,동삼중학교,부산광역시 영도구
401,5,일반중학교,부산남중학교,부산광역시 영도구
402,1,일반중학교,부산영선중학교,부산광역시 영도구
403,0,체육중학교,부산체육중학교,부산광역시 영도구
404,2,일반중학교,신선중학교,부산광역시 영도구
405,"",일반중학교,영도중학교,부산광역시 영도구
406,1,일반중학교,태종대중학교,부산광역시 영도구
407,3,일반중학교,해동중학교,부산광역시 영도구
408,5,일반중학교,가야여자중학교,부산광역시 부산진구
409,6,일반중학교,개금여자중학교,부산광역시 부산진구
410,3,일반중학교,개림중학교,부산광역시 부산진구
411,5,일반중학교,광무여자중학교,부산광역시 부산진구
412,3,일반중학교,덕명여자중학교,부산광역시 부산진구
413,7,일반중학교,동양중학교,부산광역시 부산진구
414,5,일반중학교,동의중학교,부산광역시 부산진구
415,1,일반중학교,동평여자중학교,부산광역시 부산진구
416,4,일반중학교,동평중학교,부산광역시 부산진구
417,8,일반중학교,부산개성중학교,부산광역시 부산진구
418,31,국제중학교,부산국제중학교,부산광역시 부산진구
419,11,일반중학교,부산동중학교,부산광역시 부산진구
420,2,일반중학교,부산진여자중학교,부산광역시 부산진구
421,1,일반중학교,부산진중학교,부산광역시 부산진구
422,1,일반중학교,서면중학교,부산광역시 부산진구
423,7,일반중학교,양동여자중학교,부산광역시 부산진구
424,7,일반중학교,초연중학교,부산광역시 부산진구
425,4,일반중학교,초읍중학교,부산광역시 부산진구
426,1,일반중학교,항도중학교,부산광역시 부산진구
427,6,일반중학교,남일중학교,부산광역시 동래구
428,3,일반중학교,동래중학교,부산광역시 동래구
429,2,일반중학교,동신중학교,부산광역시 동래구
430,8,일반중학교,동해중학교,부산광역시 동래구
431,10,일반중학교,부산내성중학교,부산광역시 동래구
432,16,일반중학교,사직여자중학교,부산광역시 동래구
433,15,일반중학교,사직중학교,부산광역시 동래구
434,9,일반중학교,안락중학교,부산광역시 동래구
435,11,일반중학교,여명중학교,부산광역시 동래구
436,9,일반중학교,온천중학교,부산광역시 동래구
437,12,일반중학교,유락여자중학교,부산광역시 동래구
438,1,일반중학교,충렬중학교,부산광역시 동래구
439,4,일반중학교,학산여자중학교,부산광역시 동래구
440,4,일반중학교,혜화여자중학교,부산광역시 동래구
441,1,일반중학교,감만중학교,부산광역시 남구
442,18,일반중학교,남천중학교,부산광역시 남구
443,5,일반중학교,대연중학교,부산광역시 남구
444,12,일반중학교,대천중학교,부산광역시 남구
445,0,일반중학교,동항중학교,부산광역시 남구
446,4,일반중학교,문현여자중학교,부산광역시 남구
447,12,일반중학교,분포중학교,부산광역시 남구
448,6,일반중학교,석포여자중학교,부산광역시 남구
449,2,일반중학교,성동중학교,부산광역시 남구
450,4,일반중학교,오륙도중학교,부산광역시 남구
451,8,일반중학교,용문중학교,부산광역시 남구
452,15,일반중학교,용호중학교,부산광역시 남구
453,4,일반중학교,해연중학교,부산광역시 남구
454,3,일반중학교,가람중학교,부산광역시 북구
455,4,일반중학교,구남중학교,부산광역시 북구
456,2,일반중학교,구포중학교,부산광역시 북구
457,6,일반중학교,금곡중학교,부산광역시 북구
458,13,일반중학교,금명중학교,부산광역시 북구
459,1,일반중학교,대천리중학교,부산광역시 북구
460,4,일반중학교,덕천여자중학교,부산광역시 북구
461,0,일반중학교,덕천중학교,부산광역시 북구
462,0,일반중학교,만덕중학교,부산광역시 북구
463,10,일반중학교,명진중학교,부산광역시 북구
464,2,일반중학교,백양중학교,부산광역시 북구
465,7,일반중학교,신덕중학교,부산광역시 북구
466,1,일반중학교,양덕여자중학교,부산광역시 북구
467,9,일반중학교,용수중학교,부산광역시 북구
468,10,일반중학교,화명중학교,부산광역시 북구
469,6,일반중학교,화신중학교,부산광역시 북구
470,15,일반중학교,동백중학교,부산광역시 해운대구
471,0,일반중학교,반송여자중학교,부산광역시 해운대구
472,0,일반중학교,반송중학교,부산광역시 해운대구
473,12,일반중학교,반안중학교,부산광역시 해운대구
474,2,일반중학교,반여중학교,부산광역시 해운대구
475,14,일반중학교,부흥중학교,부산광역시 해운대구
476,16,일반중학교,상당중학교,부산광역시 해운대구
477,21,일반중학교,센텀중학교,부산광역시 해운대구
478,12,일반중학교,신곡중학교,부산광역시 해운대구
479,13,일반중학교,신도중학교,부산광역시 해운대구
480,8,일반중학교,양운중학교,부산광역시 해운대구
481,0,일반중학교,운송중학교,부산광역시 해운대구
482,6,일반중학교,인지중학교,부산광역시 해운대구
483,12,일반중학교,장산중학교,부산광역시 해운대구
484,10,일반중학교,재송여자중학교,부산광역시 해운대구
485,8,일반중학교,재송중학교,부산광역시 해운대구
486,20,일반중학교,해강중학교,부산광역시 해운대구
487,14,일반중학교,해운대여자중학교,부산광역시 해운대구
488,7,일반중학교,해운대중학교,부산광역시 해운대구
489,3,일반중학교,감천중학교,부산광역시 사하구
490,8,일반중학교,건국중학교,부산광역시 사하구
491,13,일반중학교,다대중학교,부산광역시 사하구
492,5,일반중학교,다선중학교,부산광역시 사하구
493,7,일반중학교,다송중학교,부산광역시 사하구
494,7,일반중학교,당리중학교,부산광역시 사하구
495,8,일반중학교,대동중학교,부산광역시 사하구
496,17,일반중학교,동주여자중학교,부산광역시 사하구
497,4,일반중학교,두송중학교,부산광역시 사하구
498,9,일반중학교,사하중학교,부산광역시 사하구
499,6,일반중학교,삼성중학교,부산광역시 사하구
500,5,일반중학교,영남중학교,부산광역시 사하구
501,6,일반중학교,장림여자중학교,부산광역시 사하구
502,4,일반중학교,장평중학교,부산광역시 사하구
503,4,일반중학교,하남중학교,부산광역시 사하구
504,7,일반중학교,하단중학교,부산광역시 사하구
505,18,일반중학교,구서여자중학교,부산광역시 금정구
506,2,일반중학교,금사중학교,부산광역시 금정구
507,10,일반중학교,금양중학교,부산광역시 금정구
508,1,일반중학교,금정중학교,부산광역시 금정구
509,5,일반중학교,남산중학교,부산광역시 금정구
510,15,일반중학교,동래여자중학교,부산광역시 금정구
511,3,일반중학교,동현중학교,부산광역시 금정구
512,12,일반중학교,부곡여자중학교,부산광역시 금정구
513,6,일반중학교,부곡중학교,부산광역시 금정구
514,0,예술중학교,부산예술중학교,부산광역시 금정구
515,27,예술중학교,브니엘예술중학교,부산광역시 금정구
516,3,일반중학교,장전중학교,부산광역시 금정구
517,0,일반중학교,가락중학교,부산광역시 강서구
518,0,일반중학교,경일중학교,부산광역시 강서구
519,1,일반중학교,낙동중학교,부산광역시 강서구
520,0,일반중학교,녹산중학교,부산광역시 강서구
521,0,일반중학교,대저중학교,부산광역시 강서구
522,0,일반중학교,덕문중학교,부산광역시 강서구
523,0,일반중학교,명지중학교,부산광역시 강서구
524,17,일반중학교,명호중학교,부산광역시 강서구
525,0,일반중학교,신호중학교,부산광역시 강서구
526,0,일반중학교,지사중학교,부산광역시 강서구
527,4,일반중학교,거성중학교,부산광역시 연제구
528,12,일반중학교,거제여자중학교,부산광역시 연제구
529,5,일반중학교,연산중학교,부산광역시 연제구
530,7,일반중학교,연일중학교,부산광역시 연제구
531,3,일반중학교,연제중학교,부산광역시 연제구
532,8,일반중학교,연천중학교,부산광역시 연제구
533,8,일반중학교,이사벨중학교,부산광역시 연제구
534,4,일반중학교,토현중학교,부산광역시 연제구
535,4,일반중학교,광안중학교,부산광역시 수영구
536,4,일반중학교,동수영중학교,부산광역시 수영구
537,7,일반중학교,동아중학교,부산광역시 수영구
538,2,일반중학교,망미중학교,부산광역시 수영구
539,6,일반중학교,부산수영중학교,부산광역시 수영구
540,3,일반중학교,한바다중학교,부산광역시 수영구
541,0,일반중학교,덕포여자중학교,부산광역시 사상구
542,5,일반중학교,동주중학교,부산광역시 사상구
543,2,일반중학교,모동중학교,부산광역시 사상구
544,1,일반중학교,모라중학교,부산광역시 사상구
545,"",일반중학교,삼락중학교,부산광역시 사상구
546,0,일반중학교,신라중학교,부산광역시 사상구
547,3,일반중학교,엄궁중학교,부산광역시 사상구
548,2,일반중학교,주감중학교,부산광역시 사상구
549,3,일반중학교,주례여자중학교,부산광역시 사상구
550,2,일반중학교,주례중학교,부산광역시 사상구
551,4,일반중학교,학장중학교,부산광역시 사상구
552,1,일반중학교,기장중학교,부산광역시 기장군
553,3,일반중학교,대청중학교,부산광역시 기장군
554,7,일반중학교,모전중학교,부산광역시 기장군
555,6,일반중학교,부산중앙중학교,부산광역시 기장군
556,5,일반중학교,신정중학교,부산광역시 기장군
557,1,일반중학교,장안중학교,부산광역시 기장군
558,0,일반중학교,정관중학교,부산광역시 기장군
559,2,일반중학교,경구중학교,대구광역시 중구
560,3,일반중학교,경북대학교사범대학부설중학교,대구광역시 중구
561,1,일반중학교,계성중학교,대구광역시 중구
562,0,일반중학교,대구제일중학교,대구광역시 중구
563,0,일반중학교,성명여자중학교,대구광역시 중구
564,2,일반중학교,강동중학교,대구광역시 동구
565,2,일반중학교,공산중학교,대구광역시 동구
566,3,일반중학교,동촌중학교,대구광역시 동구
567,0,일반중학교,불로중학교,대구광역시 동구
568,0,일반중학교,새론중학교,대구광역시 동구
569,0,일반중학교,신기중학교,대구광역시 동구
570,0,일반중학교,신아중학교,대구광역시 동구
571,2,일반중학교,안심중학교,대구광역시 동구
572,4,일반중학교,영신중학교,대구광역시 동구
573,4,일반중학교,율원중학교,대구광역시 동구
574,1,일반중학교,입석중학교,대구광역시 동구
575,2,일반중학교,청구중학교,대구광역시 동구
576,0,일반중학교,경상여자중학교,대구광역시 서구
577,4,일반중학교,경운중학교,대구광역시 서구
578,1,일반중학교,경일중학교,대구광역시 서구
579,"",일반중학교,대구서부중학교,대구광역시 서구
580,1,일반중학교,대평중학교,대구광역시 서구
581,0,일반중학교,서남중학교,대구광역시 서구
582,"",일반중학교,서대구중학교,대구광역시 서구
583,"",일반중학교,서진중학교,대구광역시 서구
584,3,일반중학교,중리중학교,대구광역시 서구
585,1,일반중학교,평리중학교,대구광역시 서구
586,"",일반중학교,경복중학교,대구광역시 남구
587,0,일반중학교,경상중학교,대구광역시 남구
588,2,일반중학교,경일여자중학교,대구광역시 남구
589,1,일반중학교,경혜여자중학교,대구광역시 남구
590,0,일반중학교,대구중학교,대구광역시 남구
591,2,일반중학교,대명중학교,대구광역시 남구
592,1,일반중학교,심인중학교,대구광역시 남구
593,0,일반중학교,협성경복중학교,대구광역시 남구
594,4,일반중학교,강북중학교,대구광역시 북구
595,2,일반중학교,경명여자중학교,대구광역시 북구
596,"",일반중학교,관음중학교,대구광역시 북구
597,4,일반중학교,관천중학교,대구광역시 북구
598,"",일반중학교,교동중학교,대구광역시 북구
599,2,일반중학교,구암중학교,대구광역시 북구
600,2,일반중학교,대구북중학교,대구광역시 북구
601,3,일반중학교,대구일중학교,대구광역시 북구
602,"",체육중학교,대구체육중학교,대구광역시 북구
603,2,일반중학교,동변중학교,대구광역시 북구
604,5,일반중학교,동평중학교,대구광역시 북구
605,4,일반중학교,매천중학교,대구광역시 북구
606,1,일반중학교,복현중학교,대구광역시 북구
607,"",일반중학교,사수중학교,대구광역시 북구
608,1,일반중학교,산격중학교,대구광역시 북구
609,2,일반중학교,서변중학교,대구광역시 북구
610,6,일반중학교,성광중학교,대구광역시 북구
611,1,일반중학교,성화중학교,대구광역시 북구
612,2,일반중학교,운암중학교,대구광역시 북구
613,3,일반중학교,칠곡중학교,대구광역시 북구
614,7,일반중학교,침산중학교,대구광역시 북구
615,0,일반중학교,팔달중학교,대구광역시 북구
616,3,일반중학교,학남중학교,대구광역시 북구
617,4,일반중학교,경신중학교,대구광역시 수성구
618,4,일반중학교,고산중학교,대구광역시 수성구
619,2,일반중학교,노변중학교,대구광역시 수성구
620,2,일반중학교,능인중학교,대구광역시 수성구
621,8,일반중학교,대구동부중학교,대구광역시 수성구
622,7,일반중학교,대구동중학교,대구광역시 수성구
623,"",일반중학교,대구중앙중학교,대구광역시 수성구
624,6,일반중학교,대륜중학교,대구광역시 수성구
625,3,일반중학교,덕원중학교,대구광역시 수성구
626,2,일반중학교,덕화중학교,대구광역시 수성구
627,5,일반중학교,동도중학교,대구광역시 수성구
628,3,일반중학교,동원중학교,대구광역시 수성구
629,2,일반중학교,매호중학교,대구광역시 수성구
630,2,일반중학교,범물중학교,대구광역시 수성구
631,"",일반중학교,범일중학교,대구광역시 수성구
632,4,일반중학교,소선여자중학교,대구광역시 수성구
633,"",일반중학교,수성중학교,대구광역시 수성구
634,3,일반중학교,시지중학교,대구광역시 수성구
635,0,일반중학교,신명여자중학교,대구광역시 수성구
636,11,일반중학교,오성중학교,대구광역시 수성구
637,7,일반중학교,정화중학교,대구광역시 수성구
638,2,일반중학교,지산중학교,대구광역시 수성구
639,4,일반중학교,황금중학교,대구광역시 수성구
640,"",일반중학교,경암중학교,대구광역시 달서구
641,"",일반중학교,구남중학교,대구광역시 달서구
642,4,일반중학교,대건중학교,대구광역시 달서구
643,"",일반중학교,대곡중학교,대구광역시 달서구
644,2,일반중학교,대서중학교,대구광역시 달서구
645,6,일반중학교,대진중학교,대구광역시 달서구
646,2,일반중학교,도원중학교,대구광역시 달서구
647,1,일반중학교,상서중학교,대구광역시 달서구
648,3,일반중학교,상원중학교,대구광역시 달서구
649,"",일반중학교,상인중학교,대구광역시 달서구
650,"",일반중학교,새본리중학교,대구광역시 달서구
651,"",일반중학교,성곡중학교,대구광역시 달서구
652,"",일반중학교,성당중학교,대구광역시 달서구
653,"",일반중학교,성산중학교,대구광역시 달서구
654,3,일반중학교,성서중학교,대구광역시 달서구
655,2,일반중학교,성지중학교,대구광역시 달서구
656,1,일반중학교,송현여자중학교,대구광역시 달서구
657,1,일반중학교,신당중학교,대구광역시 달서구
658,5,일반중학교,영남중학교,대구광역시 달서구
659,3,일반중학교,와룡중학교,대구광역시 달서구
660,2,일반중학교,용산중학교,대구광역시 달서구
661,1,일반중학교,원화중학교,대구광역시 달서구
662,5,일반중학교,월배중학교,대구광역시 달서구
663,5,일반중학교,월서중학교,대구광역시 달서구
664,4,일반중학교,월암중학교,대구광역시 달서구
665,2,일반중학교,이곡중학교,대구광역시 달서구
666,"",일반중학교,조암중학교,대구광역시 달서구
667,1,일반중학교,죽전중학교,대구광역시 달서구
668,1,일반중학교,학산중학교,대구광역시 달서구
669,"",일반중학교,효성중학교,대구광역시 달서구
670,1,일반중학교,가창중학교,대구광역시 달성군
671,0,일반중학교,경서중학교,대구광역시 달성군
672,0,일반중학교,구지중학교,대구광역시 달성군
673,0,일반중학교,논공중학교,대구광역시 달성군
674,2,일반중학교,다사중학교,대구광역시 달성군
675,0,일반중학교,달서중학교,대구광역시 달성군
676,1,일반중학교,달성중학교,대구광역시 달성군
677,1,일반중학교,북동중학교,대구광역시 달성군
678,"",일반중학교,서동중학교,대구광역시 달성군
679,3,일반중학교,서재중학교,대구광역시 달성군
680,1,일반중학교,왕선중학교,대구광역시 달성군
681,0,일반중학교,유가중학교,대구광역시 달성군
682,1,일반중학교,천내중학교,대구광역시 달성군
683,0,일반중학교,포산중학교,대구광역시 달성군
684,"",일반중학교,한울안중학교,대구광역시 달성군
685,0,일반중학교,현풍중학교,대구광역시 달성군
686,0,일반중학교,화원중학교,대구광역시 달성군
687,0,일반중학교,광성중학교,인천광역시 중구
688,1,일반중학교,송도중학교,인천광역시 중구
689,2,일반중학교,신흥여자중학교,인천광역시 중구
690,4,일반중학교,신흥중학교,인천광역시 중구
691,4,일반중학교,영종중학교,인천광역시 중구
692,0,일반중학교,용유중학교,인천광역시 중구
693,4,일반중학교,인성여자중학교,인천광역시 중구
694,3,일반중학교,인천공항중학교,인천광역시 중구
695,4,일반중학교,동산중학교,인천광역시 동구
696,3,일반중학교,재능중학교,인천광역시 동구
697,3,일반중학교,화도진중학교,인천광역시 동구
698,"",일반중학교,관교여자중학교,인천광역시 미추홀구
699,3,일반중학교,관교중학교,인천광역시 미추홀구
700,"",일반중학교,남인천여자중학교,인천광역시 미추홀구
701,"",일반중학교,선인중학교,인천광역시 미추홀구
702,"",일반중학교,선화여자중학교,인천광역시 미추홀구
703,"",일반중학교,용현여자중학교,인천광역시 미추홀구
704,"",일반중학교,용현중학교,인천광역시 미추홀구
705,"",일반중학교,인주중학교,인천광역시 미추홀구
706,"",일반중학교,인천남중학교,인천광역시 미추홀구
707,"",일반중학교,인하대학교사범대학부속중학교,인천광역시 미추홀구
708,6,일반중학교,인화여자중학교,인천광역시 미추홀구
709,"",일반중학교,제물포여자중학교,인천광역시 미추홀구
710,0,일반중학교,능허대중학교,인천광역시 연수구
711,13,일반중학교,박문중학교,인천광역시 연수구
712,3,일반중학교,선학중학교,인천광역시 연수구
713,19,일반중학교,신송중학교,인천광역시 연수구
714,7,일반중학교,연성중학교,인천광역시 연수구
715,3,일반중학교,연수중학교,인천광역시 연수구
716,8,일반중학교,연화중학교,인천광역시 연수구
717,3,일반중학교,옥련중학교,인천광역시 연수구
718,2,일반중학교,인송중학교,인천광역시 연수구
719,14,일반중학교,인천신정중학교,인천광역시 연수구
720,3,일반중학교,인천여자중학교,인천광역시 연수구
721,0,일반중학교,인천예송중학교,인천광역시 연수구
722,5,일반중학교,인천중학교,인천광역시 연수구
723,12,일반중학교,인천해송중학교,인천광역시 연수구
724,6,일반중학교,청량중학교,인천광역시 연수구
725,3,일반중학교,청학중학교,인천광역시 연수구
726,2,일반중학교,함박중학교,인천광역시 연수구
727,1,일반중학교,간석여자중학교,인천광역시 남동구
728,10,일반중학교,구월여자중학교,인천광역시 남동구
729,7,일반중학교,구월중학교,인천광역시 남동구
730,4,일반중학교,남동중학교,인천광역시 남동구
731,5,일반중학교,논곡중학교,인천광역시 남동구
732,6,일반중학교,동인천중학교,인천광역시 남동구
733,3,일반중학교,만성중학교,인천광역시 남동구
734,6,일반중학교,만수북중학교,인천광역시 남동구
735,"",일반중학교,만수여자중학교,인천광역시 남동구
736,7,일반중학교,만수중학교,인천광역시 남동구
737,"",일반중학교,만월중학교,인천광역시 남동구
738,2,일반중학교,상인천여자중학교,인천광역시 남동구
739,7,일반중학교,상인천중학교,인천광역시 남동구
740,3,일반중학교,석정중학교,인천광역시 남동구
741,5,일반중학교,숭덕여자중학교,인천광역시 남동구
742,14,일반중학교,인천고잔중학교,인천광역시 남동구
743,15,일반중학교,인천논현중학교,인천광역시 남동구
744,9,일반중학교,인천동방중학교,인천광역시 남동구
745,14,일반중학교,인천사리울중학교,인천광역시 남동구
746,6,일반중학교,인천서창중학교,인천광역시 남동구
747,4,일반중학교,인천성리중학교,인천광역시 남동구
748,11,일반중학교,인천정각중학교,인천광역시 남동구
749,8,일반중학교,갈산중학교,인천광역시 부평구
750,14,일반중학교,구산중학교,인천광역시 부평구
751,2,일반중학교,동암중학교,인천광역시 부평구
752,2,일반중학교,부광중학교,인천광역시 부평구
753,22,일반중학교,부원여자중학교,인천광역시 부평구
754,24,일반중학교,부원중학교,인천광역시 부평구
755,1,일반중학교,부일여자중학교,인천광역시 부평구
756,8,일반중학교,부일중학교,인천광역시 부평구
757,8,일반중학교,부평동중학교,인천광역시 부평구
758,10,일반중학교,부평서여자중학교,인천광역시 부평구
759,2,일반중학교,부평서중학교,인천광역시 부평구
760,6,일반중학교,부평여자중학교,인천광역시 부평구
761,5,일반중학교,부평중학교,인천광역시 부평구
762,"",일반중학교,부흥중학교,인천광역시 부평구
763,12,일반중학교,산곡남중학교,인천광역시 부평구
764,16,일반중학교,산곡여자중학교,인천광역시 부평구
765,6,일반중학교,산곡중학교,인천광역시 부평구
766,15,일반중학교,삼산중학교,인천광역시 부평구
767,2,일반중학교,인천상정중학교,인천광역시 부평구
768,13,일반중학교,진산중학교,인천광역시 부평구
769,2,일반중학교,청천중학교,인천광역시 부평구
770,7,일반중학교,계산여자중학교,인천광역시 계양구
771,15,일반중학교,계산중학교,인천광역시 계양구
772,7,일반중학교,계양중학교,인천광역시 계양구
773,1,일반중학교,명현중학교,인천광역시 계양구
774,6,일반중학교,북인천여자중학교,인천광역시 계양구
775,8,일반중학교,북인천중학교,인천광역시 계양구
776,4,일반중학교,서운중학교,인천광역시 계양구
777,14,일반중학교,인천계수중학교,인천광역시 계양구
778,3,일반중학교,인천동양중학교,인천광역시 계양구
779,4,일반중학교,인천안남중학교,인천광역시 계양구
780,2,일반중학교,인천양촌중학교,인천광역시 계양구
781,1,일반중학교,인천예일중학교,인천광역시 계양구
782,11,일반중학교,인천효성중학교,인천광역시 계양구
783,10,일반중학교,임학중학교,인천광역시 계양구
784,6,일반중학교,작전중학교,인천광역시 계양구
785,1,일반중학교,가정여자중학교,인천광역시 서구
786,"",일반중학교,가좌중학교,인천광역시 서구
787,8,일반중학교,간재울중학교,인천광역시 서구
788,12,일반중학교,검단중학교,인천광역시 서구
789,4,일반중학교,검암중학교,인천광역시 서구
790,3,일반중학교,동인천여자중학교,인천광역시 서구
791,16,일반중학교,마전중학교,인천광역시 서구
792,2,일반중학교,백석중학교,인천광역시 서구
793,12,일반중학교,불로중학교,인천광역시 서구
794,5,일반중학교,서곶중학교,인천광역시 서구
795,2,일반중학교,신현여자중학교,인천광역시 서구
796,3,일반중학교,신현중학교,인천광역시 서구
797,15,일반중학교,원당중학교,인천광역시 서구
798,3,일반중학교,인천가좌여자중학교,인천광역시 서구
799,5,일반중학교,인천가현중학교,인천광역시 서구
800,11,일반중학교,인천당하중학교,인천광역시 서구
801,3,일반중학교,인천석남중학교,인천광역시 서구
802,25,일반중학교,인천청라중학교,인천광역시 서구
803,"",일반중학교,인천청람중학교,인천광역시 서구
804,12,일반중학교,인천초은중학교,인천광역시 서구
805,15,일반중학교,인천해원중학교,인천광역시 서구
806,3,일반중학교,제물포중학교,인천광역시 서구
807,1,일반중학교,강남중학교,인천광역시 강화군
808,0,일반중학교,강서중학교,인천광역시 강화군
809,1,일반중학교,강화여자중학교,인천광역시 강화군
810,2,일반중학교,강화중학교,인천광역시 강화군
811,0,일반중학교,교동중학교,인천광역시 강화군
812,0,일반중학교,동광중학교,인천광역시 강화군
813,1,일반중학교,삼산승영중학교,인천광역시 강화군
814,0,일반중학교,서도중학교,인천광역시 강화군
815,"",일반중학교,서도중학교볼음분교장,인천광역시 강화군
816,2,일반중학교,심도중학교,인천광역시 강화군
817,0,일반중학교,대청중학교,인천광역시 옹진군
818,0,일반중학교,덕적중학교,인천광역시 옹진군
819,0,일반중학교,백령중학교,인천광역시 옹진군
820,0,일반중학교,연평중학교,인천광역시 옹진군
821,0,일반중학교,영흥중학교,인천광역시 옹진군
822,0,일반중학교,광주충장중학교,광주광역시 동구
823,2,일반중학교,무등중학교,광주광역시 동구
824,0,일반중학교,살레시오여자중학교,광주광역시 동구
825,1,일반중학교,운림중학교,광주광역시 동구
826,1,일반중학교,조선대학교부속중학교,광주광역시 동구
827,1,일반중학교,조선대학교여자중학교,광주광역시 동구
828,1,일반중학교,광덕중학교,광주광역시 서구
829,4,일반중학교,광주동명중학교,광주광역시 서구
830,3,일반중학교,광주서석중학교,광주광역시 서구
831,2,일반중학교,광주중학교,광주광역시 서구
832,2,일반중학교,광주화정중학교,광주광역시 서구
833,1,일반중학교,광주효광중학교,광주광역시 서구
834,1,일반중학교,금호중학교,광주광역시 서구
835,3,일반중학교,대자중학교,광주광역시 서구
836,1,일반중학교,상무중학교,광주광역시 서구
837,1,일반중학교,상일중학교,광주광역시 서구
838,3,일반중학교,운리중학교,광주광역시 서구
839,2,일반중학교,유덕중학교,광주광역시 서구
840,3,일반중학교,전남중학교,광주광역시 서구
841,1,일반중학교,치평중학교,광주광역시 서구
842,4,일반중학교,풍암중학교,광주광역시 서구
843,0,일반중학교,광주동성여자중학교,광주광역시 남구
844,0,일반중학교,광주동성중학교,광주광역시 남구
845,1,일반중학교,광주무진중학교,광주광역시 남구
846,0,일반중학교,광주서광중학교,광주광역시 남구
847,9,일반중학교,광주송원중학교,광주광역시 남구
848,3,일반중학교,광주수피아여자중학교,광주광역시 남구
849,2,일반중학교,금당중학교,광주광역시 남구
850,1,일반중학교,대성여자중학교,광주광역시 남구
851,0,일반중학교,대촌중학교,광주광역시 남구
852,3,일반중학교,동아여자중학교,광주광역시 남구
853,"",일반중학교,문성중학교,광주광역시 남구
854,2,일반중학교,봉선중학교,광주광역시 남구
855,5,일반중학교,숭의중학교,광주광역시 남구
856,3,일반중학교,주월중학교,광주광역시 남구
857,1,일반중학교,진남중학교,광주광역시 남구
858,0,일반중학교,효천중학교,광주광역시 남구
859,1,일반중학교,각화중학교,광주광역시 북구
860,2,일반중학교,고려중학교,광주광역시 북구
861,2,일반중학교,광주경신중학교,광주광역시 북구
862,"",일반중학교,광주동신여자중학교,광주광역시 북구
863,3,일반중학교,광주동신중학교,광주광역시 북구
864,0,일반중학교,광주북성중학교,광주광역시 북구
865,"",일반중학교,광주숭일중학교,광주광역시 북구
866,"",체육중학교,광주체육중학교,광주광역시 북구
867,2,일반중학교,금호중앙중학교,광주광역시 북구
868,"",일반중학교,두암중학교,광주광역시 북구
869,"",일반중학교,문산중학교,광주광역시 북구
870,"",일반중학교,문화중학교,광주광역시 북구
871,1,일반중학교,문흥중학교,광주광역시 북구
872,1,일반중학교,살레시오중학교,광주광역시 북구
873,0,일반중학교,서강중학교,광주광역시 북구
874,2,일반중학교,신광중학교,광주광역시 북구
875,3,일반중학교,신용중학교,광주광역시 북구
876,1,일반중학교,양산중학교,광주광역시 북구
877,3,일반중학교,용두중학교,광주광역시 북구
878,1,일반중학교,용봉중학교,광주광역시 북구
879,0,일반중학교,우산중학교,광주광역시 북구
880,"",일반중학교,운암중학교,광주광역시 북구
881,2,일반중학교,일곡중학교,광주광역시 북구
882,"",일반중학교,일동중학교,광주광역시 북구
883,5,일반중학교,일신중학교,광주광역시 북구
884,0,일반중학교,전남대학교사범대학부설중학교,광주광역시 북구
885,6,일반중학교,지산중학교,광주광역시 북구
886,1,일반중학교,광산중학교,광주광역시 광산구
887,4,일반중학교,광주진흥중학교,광주광역시 광산구
888,3,일반중학교,금구중학교,광주광역시 광산구
889,0,일반중학교,봉산중학교,광주광역시 광산구
890,1,일반중학교,비아중학교,광주광역시 광산구
891,"",일반중학교,산정중학교,광주광역시 광산구
892,1,일반중학교,선운중학교,광주광역시 광산구
893,8,일반중학교,성덕중학교,광주광역시 광산구
894,4,일반중학교,송광중학교,광주광역시 광산구
895,0,일반중학교,송정중학교,광주광역시 광산구
896,2,일반중학교,수완중학교,광주광역시 광산구
897,"",일반중학교,수완하나중학교,광주광역시 광산구
898,2,일반중학교,신가중학교,광주광역시 광산구
899,1,일반중학교,신창중학교,광주광역시 광산구
900,1,일반중학교,영천중학교,광주광역시 광산구
901,"",일반중학교,운남중학교,광주광역시 광산구
902,4,일반중학교,월계중학교,광주광역시 광산구
903,"",일반중학교,월곡중학교,광주광역시 광산구
904,3,일반중학교,월봉중학교,광주광역시 광산구
905,0,일반중학교,임곡중학교,광주광역시 광산구
906,2,일반중학교,장덕중학교,광주광역시 광산구
907,4,일반중학교,정광중학교,광주광역시 광산구
908,0,일반중학교,천곡중학교,광주광역시 광산구
909,0,일반중학교,첨단중학교,광주광역시 광산구
910,"",일반중학교,평동중학교,광주광역시 광산구
911,"",일반중학교,하남중학교,광주광역시 광산구
912,6,일반중학교,대전가양중학교,대전광역시 동구
913,5,일반중학교,대전가오중학교,대전광역시 동구
914,0,일반중학교,대전대성여자중학교,대전광역시 동구
915,0,일반중학교,대전용운중학교,대전광역시 동구
916,4,일반중학교,대전은어송중학교,대전광역시 동구
917,0,일반중학교,동대전중학교,대전광역시 동구
918,2,일반중학교,동신중학교,대전광역시 동구
919,1,일반중학교,보문중학교,대전광역시 동구
920,0,일반중학교,우송중학교,대전광역시 동구
921,5,일반중학교,충남중학교,대전광역시 동구
922,4,일반중학교,한밭여자중학교,대전광역시 동구
923,1,일반중학교,한밭중학교,대전광역시 동구
924,7,일반중학교,대전글꽃중학교,대전광역시 중구
925,1,일반중학교,대전대문중학교,대전광역시 중구
926,1,일반중학교,대전대성중학교,대전광역시 중구
927,3,일반중학교,대전동산중학교,대전광역시 중구
928,2,일반중학교,대전문화여자중학교,대전광역시 중구
929,2,일반중학교,대전신일여자중학교,대전광역시 중구
930,2,일반중학교,대전여자중학교,대전광역시 중구
931,0,일반중학교,대전중앙중학교,대전광역시 중구
932,1,일반중학교,대전중학교,대전광역시 중구
933,1,일반중학교,대전태평중학교,대전광역시 중구
934,0,일반중학교,동명중학교,대전광역시 중구
935,1,일반중학교,청란여자중학교,대전광역시 중구
936,13,일반중학교,충남여자중학교,대전광역시 중구
937,4,일반중학교,호수돈여자중학교,대전광역시 중구
938,2,일반중학교,가수원중학교,대전광역시 서구
939,2,일반중학교,갈마중학교,대전광역시 서구
940,"",일반중학교,기성중학교,대전광역시 서구
941,11,일반중학교,대전갑천중학교,대전광역시 서구
942,"",일반중학교,대전관저중학교,대전광역시 서구
943,"",일반중학교,대전괴정중학교,대전광역시 서구
944,3,일반중학교,대전구봉중학교,대전광역시 서구
945,4,일반중학교,대전남선중학교,대전광역시 서구
946,6,일반중학교,대전내동중학교,대전광역시 서구
947,"",일반중학교,대전느리울중학교,대전광역시 서구
948,"",일반중학교,대전대신중학교,대전광역시 서구
949,3,일반중학교,대전도마중학교,대전광역시 서구
950,4,일반중학교,대전도안중학교,대전광역시 서구
951,7,일반중학교,대전둔산중학교,대전광역시 서구
952,6,일반중학교,대전둔원중학교,대전광역시 서구
953,5,일반중학교,대전만년중학교,대전광역시 서구
954,19,일반중학교,대전문정중학교,대전광역시 서구
955,"",일반중학교,대전버드내중학교,대전광역시 서구
956,3,일반중학교,대전변동중학교,대전광역시 서구
957,2,일반중학교,대전봉산중학교,대전광역시 서구
958,4,일반중학교,대전봉우중학교,대전광역시 서구
959,6,일반중학교,대전삼육중학교,대전광역시 서구
960,17,일반중학교,대전삼천중학교,대전광역시 서구
961,2,일반중학교,대전서중학교,대전광역시 서구
962,"",일반중학교,대전신계중학교,대전광역시 서구
963,2,일반중학교,대전월평중학교,대전광역시 서구
964,"",일반중학교,대전정림중학교,대전광역시 서구
965,15,일반중학교,대전탄방중학교,대전광역시 서구
966,"",일반중학교,동방여자중학교,대전광역시 서구
967,10,일반중학교,대덕중학교,대전광역시 유성구
968,12,일반중학교,대전관평중학교,대전광역시 유성구
969,11,일반중학교,대전노은중학교,대전광역시 유성구
970,2,일반중학교,대전덕명중학교,대전광역시 유성구
971,9,일반중학교,대전동화중학교,대전광역시 유성구
972,2,일반중학교,대전두리중학교,대전광역시 유성구
973,8,일반중학교,대전문지중학교,대전광역시 유성구
974,6,일반중학교,대전봉명중학교,대전광역시 유성구
975,1,일반중학교,대전새미래중학교,대전광역시 유성구
976,1,일반중학교,대전송강중학교,대전광역시 유성구
977,11,일반중학교,대전어은중학교,대전광역시 유성구
978,12,일반중학교,대전외삼중학교,대전광역시 유성구
979,0,일반중학교,대전자운중학교,대전광역시 유성구
980,3,일반중학교,대전장대중학교,대전광역시 유성구
981,14,일반중학교,대전전민중학교,대전광역시 유성구
982,6,일반중학교,대전지족중학교,대전광역시 유성구
983,"",체육중학교,대전체육중학교,대전광역시 유성구
984,4,일반중학교,대전하기중학교,대전광역시 유성구
985,5,일반중학교,성덕중학교,대전광역시 유성구
986,8,일반중학교,유성중학교,대전광역시 유성구
987,4,일반중학교,진잠중학교,대전광역시 유성구
988,1,일반중학교,대전경덕중학교,대전광역시 대덕구
989,3,일반중학교,대전대청중학교,대전광역시 대덕구
990,4,일반중학교,대전대화중학교,대전광역시 대덕구
991,5,일반중학교,대전매봉중학교,대전광역시 대덕구
992,3,일반중학교,대전법동중학교,대전광역시 대덕구
993,6,일반중학교,대전송촌중학교,대전광역시 대덕구
994,1,일반중학교,대전용전중학교,대전광역시 대덕구
995,0,일반중학교,신탄중앙중학교,대전광역시 대덕구
996,2,일반중학교,신탄진중학교,대전광역시 대덕구
997,0,일반중학교,오정중학교,대전광역시 대덕구
998,2,일반중학교,중리중학교,대전광역시 대덕구
999,0,일반중학교,회덕중학교,대전광역시 대덕구
1000,12,일반중학교,남외중학교,울산광역시 중구
1001,4,일반중학교,다운중학교,울산광역시 중구
1002,7,일반중학교,무룡중학교,울산광역시 중구
1003,4,일반중학교,성안중학교,울산광역시 중구
1004,1,일반중학교,약사중학교,울산광역시 중구
1005,1,일반중학교,외솔중학교,울산광역시 중구
1006,6,일반중학교,울산여자중학교,울산광역시 중구
1007,5,일반중학교,울산제일중학교,울산광역시 중구
1008,"",일반중학교,울산중학교,울산광역시 중구
1009,"",일반중학교,울산중학교,울산광역시 중구
1010,9,일반중학교,유곡중학교,울산광역시 중구
1011,5,일반중학교,학성여자중학교,울산광역시 중구
1012,7,일반중학교,대현중학교,울산광역시 남구
1013,2,일반중학교,동평중학교,울산광역시 남구
1014,7,일반중학교,무거중학교,울산광역시 남구
1015,5,일반중학교,문수중학교,울산광역시 남구
1016,3,일반중학교,삼호중학교,울산광역시 남구
1017,4,일반중학교,신일중학교,울산광역시 남구
1018,11,일반중학교,신정중학교,울산광역시 남구
1019,4,일반중학교,야음중학교,울산광역시 남구
1020,7,일반중학교,옥동중학교,울산광역시 남구
1021,7,일반중학교,옥현중학교,울산광역시 남구
1022,4,일반중학교,울산강남중학교,울산광역시 남구
1023,10,일반중학교,울산서여자중학교,울산광역시 남구
1024,7,일반중학교,울산중앙중학교,울산광역시 남구
1025,3,일반중학교,월평중학교,울산광역시 남구
1026,2,일반중학교,태화중학교,울산광역시 남구
1027,8,일반중학교,학성중학교,울산광역시 남구
1028,2,일반중학교,남목중학교,울산광역시 동구
1029,2,일반중학교,대송중학교,울산광역시 동구
1030,1,일반중학교,명덕여자중학교,울산광역시 동구
1031,1,일반중학교,방어진중학교,울산광역시 동구
1032,1,일반중학교,일산중학교,울산광역시 동구
1033,1,일반중학교,현대중학교,울산광역시 동구
1034,3,일반중학교,현대청운중학교,울산광역시 동구
1035,3,일반중학교,화암중학교,울산광역시 동구
1036,0,일반중학교,화진중학교,울산광역시 동구
1037,2,일반중학교,강동중학교,울산광역시 북구
1038,3,일반중학교,농소중학교,울산광역시 북구
1039,2,일반중학교,달천중학교,울산광역시 북구
1040,6,일반중학교,매곡중학교,울산광역시 북구
1041,7,일반중학교,상안중학교,울산광역시 북구
1042,1,일반중학교,연암중학교,울산광역시 북구
1043,0,체육중학교,울산스포츠과학중학교,울산광역시 북구
1044,0,일반중학교,이화중학교,울산광역시 북구
1045,3,일반중학교,진장중학교,울산광역시 북구
1046,8,일반중학교,천곡중학교,울산광역시 북구
1047,3,일반중학교,호계중학교,울산광역시 북구
1048,5,일반중학교,화봉중학교,울산광역시 북구
1049,3,일반중학교,효정중학교,울산광역시 북구
1050,5,일반중학교,구영중학교,울산광역시 울주군
1051,8,일반중학교,남창중학교,울산광역시 울주군
1052,1,일반중학교,두광중학교,울산광역시 울주군
1053,6,일반중학교,범서중학교,울산광역시 울주군
1054,2,일반중학교,삼남중학교,울산광역시 울주군
1055,0,일반중학교,상북중학교,울산광역시 울주군
1056,4,일반중학교,서생중학교,울산광역시 울주군
1057,1,일반중학교,신언중학교,울산광역시 울주군
1058,3,일반중학교,언양중학교,울산광역시 울주군
1059,0,일반중학교,온산중학교,울산광역시 울주군
1060,2,일반중학교,웅촌중학교,울산광역시 울주군
1061,0,일반중학교,장검중학교,울산광역시 울주군
1062,5,일반중학교,천상중학교,울산광역시 울주군
1063,1,일반중학교,청량중학교,울산광역시 울주군
1064,"",일반중학교,고운중학교,세종특별자치시
1065,"",일반중학교,글벗중학교,세종특별자치시
1066,"",일반중학교,금호중학교,세종특별자치시
1067,"",일반중학교,다정중학교,세종특별자치시
1068,"",일반중학교,도담중학교,세종특별자치시
1069,"",일반중학교,두루중학교,세종특별자치시
1070,"",일반중학교,보람중학교,세종특별자치시
1071,"",일반중학교,부강중학교,세종특별자치시
1072,"",일반중학교,새뜸중학교,세종특별자치시
1073,"",일반중학교,새롬중학교,세종특별자치시
1074,"",일반중학교,새움중학교,세종특별자치시
1075,"",일반중학교,소담중학교,세종특별자치시
1076,"",일반중학교,아름중학교,세종특별자치시
1077,"",일반중학교,양지중학교,세종특별자치시
1078,"",일반중학교,어진중학교,세종특별자치시
1079,"",일반중학교,연동중학교,세종특별자치시
1080,"",일반중학교,연서중학교,세종특별자치시
1081,"",일반중학교,장기중학교,세종특별자치시
1082,"",일반중학교,전의중학교,세종특별자치시
1083,"",일반중학교,조치원여자중학교,세종특별자치시
1084,"",일반중학교,조치원중학교,세종특별자치시
1085,"",일반중학교,종촌중학교,세종특별자치시
1086,"",일반중학교,한솔중학교,세종특별자치시
1087,"",체육중학교,경기체육중학교,경기도 수원시
1088,"",일반중학교,고색중학교,경기도 수원시
1089,"",일반중학교,곡반중학교,경기도 수원시
1090,"",일반중학교,곡선중학교,경기도 수원시
1091,6,일반중학교,광교중학교,경기도 수원시
1092,"",일반중학교,구운중학교,경기도 수원시
1093,"",일반중학교,권선중학교,경기도 수원시
1094,"",일반중학교,남수원중학교,경기도 수원시
1095,"",일반중학교,능실중학교,경기도 수원시
1096,10,일반중학교,대평중학교,경기도 수원시
1097,10,일반중학교,동성중학교,경기도 수원시
1098,"",일반중학교,동수원중학교,경기도 수원시
1099,6,일반중학교,망포중학교,경기도 수원시
1100,"",일반중학교,매원중학교,경기도 수원시
1101,"",일반중학교,매탄중학교,경기도 수원시
1102,"",일반중학교,매향중학교,경기도 수원시
1103,"",일반중학교,매현중학교,경기도 수원시
1104,"",일반중학교,명인중학교,경기도 수원시
1105,18,일반중학교,산남중학교,경기도 수원시
1106,"",일반중학교,삼일중학교,경기도 수원시
1107,"",일반중학교,상촌중학교,경기도 수원시
1108,"",일반중학교,서호중학교,경기도 수원시
1109,3,일반중학교,세류중학교,경기도 수원시
1110,"",일반중학교,송원중학교,경기도 수원시
1111,"",일반중학교,수성중학교,경기도 수원시
1112,8,일반중학교,수원다산중학교,경기도 수원시
1113,"",일반중학교,수원북중학교,경기도 수원시
1114,5,일반중학교,수원원일중학교,경기도 수원시
1115,"",일반중학교,수원제일중학교,경기도 수원시
1116,"",일반중학교,수원중학교,경기도 수원시
1117,7,일반중학교,수일여자중학교,경기도 수원시
1118,4,일반중학교,수일중학교,경기도 수원시
1119,"",일반중학교,숙지중학교,경기도 수원시
1120,11,일반중학교,연무중학교,경기도 수원시
1121,8,일반중학교,영덕중학교,경기도 수원시
1122,"",일반중학교,영동중학교,경기도 수원시
1123,"",일반중학교,영복여자중학교,경기도 수원시
1124,"",일반중학교,영신중학교,경기도 수원시
1125,8,일반중학교,영일중학교,경기도 수원시
1126,"",일반중학교,영통중학교,경기도 수원시
1127,"",일반중학교,원천중학교,경기도 수원시
1128,"",일반중학교,율전중학교,경기도 수원시
1129,10,일반중학교,율현중학교,경기도 수원시
1130,6,일반중학교,이목중학교,경기도 수원시
1131,6,일반중학교,이의중학교,경기도 수원시
1132,"",일반중학교,잠원중학교,경기도 수원시
1133,8,일반중학교,정천중학교,경기도 수원시
1134,"",일반중학교,조원중학교,경기도 수원시
1135,"",일반중학교,중앙기독중학교,경기도 수원시
1136,"",일반중학교,창용중학교,경기도 수원시
1137,11,일반중학교,천천중학교,경기도 수원시
1138,10,일반중학교,청명중학교,경기도 수원시
1139,"",일반중학교,칠보중학교,경기도 수원시
1140,"",일반중학교,태장중학교,경기도 수원시
1141,"",일반중학교,호매실중학교,경기도 수원시
1142,"",일반중학교,화홍중학교,경기도 수원시
1143,5,일반중학교,구미중학교,경기도 성남시
1144,"",일반중학교,금광중학교,경기도 성남시
1145,"",일반중학교,낙원중학교,경기도 성남시
1146,22,일반중학교,내정중학교,경기도 성남시
1147,10,일반중학교,늘푸른중학교,경기도 성남시
1148,"",일반중학교,대원중학교,경기도 성남시
1149,"",일반중학교,도촌중학교,경기도 성남시
1150,"",일반중학교,동광중학교,경기도 성남시
1151,12,일반중학교,매송중학교,경기도 성남시
1152,14,일반중학교,백현중학교,경기도 성남시
1153,11,일반중학교,보평중학교,경기도 성남시
1154,7,일반중학교,분당중학교,경기도 성남시
1155,"",일반중학교,불곡중학교,경기도 성남시
1156,"",일반중학교,삼평중학교,경기도 성남시
1157,"",일반중학교,상원여자중학교,경기도 성남시
1158,9,일반중학교,샛별중학교,경기도 성남시
1159,19,일반중학교,서현중학교,경기도 성남시
1160,"",일반중학교,성남동중학교,경기도 성남시
1161,"",일반중학교,성남문원중학교,경기도 성남시
1162,"",일반중학교,성남서중학교,경기도 성남시
1163,"",일반중학교,성남여자중학교,경기도 성남시
1164,"",일반중학교,성남중학교,경기도 성남시
1165,"",일반중학교,성일중학교,경기도 성남시
1166,9,일반중학교,송림중학교,경기도 성남시
1167,17,일반중학교,수내중학교,경기도 성남시
1168,"",일반중학교,수진중학교,경기도 성남시
1169,"",일반중학교,숭신여자중학교,경기도 성남시
1170,5,일반중학교,신백현중학교,경기도 성남시
1171,"",일반중학교,야탑중학교,경기도 성남시
1172,9,일반중학교,양영중학교,경기도 성남시
1173,"",일반중학교,영성중학교,경기도 성남시
1174,11,일반중학교,운중중학교,경기도 성남시
1175,"",일반중학교,위례중앙중학교,경기도 성남시
1176,"",일반중학교,위례한빛중학교,경기도 성남시
1177,"",일반중학교,은행중학교,경기도 성남시
1178,16,일반중학교,이매중학교,경기도 성남시
1179,"",일반중학교,이우중학교,경기도 성남시
1180,"",일반중학교,장안중학교,경기도 성남시
1181,9,일반중학교,정자중학교,경기도 성남시
1182,"",일반중학교,창성중학교,경기도 성남시
1183,"",일반중학교,청솔중학교,경기도 성남시
1184,"",일반중학교,태평중학교,경기도 성남시
1185,"",일반중학교,판교중학교,경기도 성남시
1186,"",일반중학교,풍생중학교,경기도 성남시
1187,8,일반중학교,하탑중학교,경기도 성남시
1188,8,일반중학교,계남중학교,경기도 부천시
1189,4,일반중학교,까치울중학교,경기도 부천시
1190,"",일반중학교,내동중학교,경기도 부천시
1191,"",일반중학교,덕산중학교,경기도 부천시
1192,"",일반중학교,도당중학교,경기도 부천시
1193,5,일반중학교,부명중학교,경기도 부천시
1194,4,일반중학교,부인중학교,경기도 부천시
1195,1,일반중학교,부일중학교,경기도 부천시
1196,"",일반중학교,부천남중학교,경기도 부천시
1197,3,일반중학교,부천동여자중학교,경기도 부천시
1198,"",일반중학교,부천동중학교,경기도 부천시
1199,"",일반중학교,부천부곡중학교,경기도 부천시
1200,"",일반중학교,부천부흥중학교,경기도 부천시
1201,"",일반중학교,부천북여자중학교,경기도 부천시
1202,"",일반중학교,부천북중학교,경기도 부천시
1203,"",일반중학교,부천여월중학교,경기도 부천시
1204,5,일반중학교,부천여자중학교,경기도 부천시
1205,9,일반중학교,부천일신중학교,경기도 부천시
1206,3,일반중학교,부천중학교,경기도 부천시
1207,4,일반중학교,상도중학교,경기도 부천시
1208,7,일반중학교,상동중학교,경기도 부천시
1209,9,일반중학교,상일중학교,경기도 부천시
1210,14,일반중학교,석천중학교,경기도 부천시
1211,2,일반중학교,성곡중학교,경기도 부천시
1212,3,일반중학교,성주중학교,경기도 부천시
1213,2,일반중학교,소명여자중학교,경기도 부천시
1214,6,일반중학교,소사중학교,경기도 부천시
1215,"",일반중학교,수주중학교,경기도 부천시
1216,2,일반중학교,심원중학교,경기도 부천시
1217,"",일반중학교,역곡중학교,경기도 부천시
1218,"",일반중학교,옥길중학교,경기도 부천시
1219,"",일반중학교,원미중학교,경기도 부천시
1220,3,일반중학교,중원중학교,경기도 부천시
1221,6,일반중학교,중흥중학교,경기도 부천시
1222,8,일반중학교,관양중학교,경기도 안양시
1223,26,일반중학교,귀인중학교,경기도 안양시
1224,6,일반중학교,근명중학교,경기도 안양시
1225,12,일반중학교,대안여자중학교,경기도 안양시
1226,16,일반중학교,대안중학교,경기도 안양시
1227,"",일반중학교,박달중학교,경기도 안양시
1228,21,일반중학교,범계중학교,경기도 안양시
1229,12,일반중학교,부림중학교,경기도 안양시
1230,6,일반중학교,부안중학교,경기도 안양시
1231,13,일반중학교,비산중학교,경기도 안양시
1232,2,일반중학교,성문중학교,경기도 안양시
1233,12,일반중학교,신기중학교,경기도 안양시
1234,9,일반중학교,신성중학교,경기도 안양시
1235,"",일반중학교,신안중학교,경기도 안양시
1236,"",일반중학교,안양부흥중학교,경기도 안양시
1237,"",일반중학교,안양서중학교,경기도 안양시
1238,4,일반중학교,안양여자중학교,경기도 안양시
1239,"",일반중학교,안양중학교,경기도 안양시
1240,9,일반중학교,연현중학교,경기도 안양시
1241,5,일반중학교,인덕원중학교,경기도 안양시
1242,13,일반중학교,임곡중학교,경기도 안양시
1243,25,일반중학교,평촌중학교,경기도 안양시
1244,6,일반중학교,호계중학교,경기도 안양시
1245,8,일반중학교,호성중학교,경기도 안양시
1246,26,일반중학교,과천문원중학교,경기도 과천시
1247,18,일반중학교,과천중학교,경기도 과천시
1248,"",일반중학교,경수중학교,경기도 안산시
1249,"",일반중학교,관산중학교,경기도 안산시
1250,2,일반중학교,광덕중학교,경기도 안산시
1251,"",일반중학교,단원중학교,경기도 안산시
1252,"",일반중학교,대부중학교,경기도 안산시
1253,2,일반중학교,반월중학교,경기도 안산시
1254,6,일반중학교,별망중학교,경기도 안산시
1255,"",일반중학교,본오중학교,경기도 안산시
1256,7,일반중학교,상록중학교,경기도 안산시
1257,3,일반중학교,석수중학교,경기도 안산시
1258,"",일반중학교,석호중학교,경기도 안산시
1259,4,일반중학교,선부중학교,경기도 안산시
1260,"",일반중학교,선일중학교,경기도 안산시
1261,5,일반중학교,성안중학교,경기도 안산시
1262,7,일반중학교,성포중학교,경기도 안산시
1263,4,일반중학교,송호중학교,경기도 안산시
1264,6,일반중학교,시곡중학교,경기도 안산시
1265,6,일반중학교,신길중학교,경기도 안산시
1266,"",일반중학교,안산부곡중학교,경기도 안산시
1267,"",일반중학교,안산성호중학교,경기도 안산시
1268,"",일반중학교,안산중학교,경기도 안산시
1269,6,일반중학교,안산해양중학교,경기도 안산시
1270,8,일반중학교,양지중학교,경기도 안산시
1271,4,일반중학교,와동중학교,경기도 안산시
1272,"",일반중학교,원곡중학교,경기도 안산시
1273,5,일반중학교,원일중학교,경기도 안산시
1274,"",일반중학교,이호중학교,경기도 안산시
1275,9,일반중학교,중앙중학교,경기도 안산시
1276,3,일반중학교,초지중학교,경기도 안산시
1277,"",일반중학교,고림중학교,경기도 용인시
1278,"",일반중학교,구갈중학교,경기도 용인시
1279,"",일반중학교,구성중학교,경기도 용인시
1280,"",일반중학교,기흥중학교,경기도 용인시
1281,"",일반중학교,나곡중학교,경기도 용인시
1282,"",일반중학교,남사중학교,경기도 용인시
1283,"",일반중학교,대지중학교,경기도 용인시
1284,"",일반중학교,동백중학교,경기도 용인시
1285,"",일반중학교,모현중학교,경기도 용인시
1286,"",일반중학교,문정중학교,경기도 용인시
1287,"",일반중학교,백암중학교,경기도 용인시
1288,"",일반중학교,보라중학교,경기도 용인시
1289,"",일반중학교,상갈중학교,경기도 용인시
1290,"",일반중학교,상하중학교,경기도 용인시
1291,11,일반중학교,상현중학교,경기도 용인시
1292,9,일반중학교,서원중학교,경기도 용인시
1293,"",일반중학교,서천중학교,경기도 용인시
1294,12,일반중학교,성복중학교,경기도 용인시
1295,"",일반중학교,성서중학교,경기도 용인시
1296,"",일반중학교,성지중학교,경기도 용인시
1297,5,일반중학교,소현중학교,경기도 용인시
1298,5,일반중학교,손곡중학교,경기도 용인시
1299,"",일반중학교,송전중학교,경기도 용인시
1300,11,일반중학교,수지중학교,경기도 용인시
1301,"",일반중학교,신갈중학교,경기도 용인시
1302,3,일반중학교,신봉중학교,경기도 용인시
1303,"",일반중학교,어정중학교,경기도 용인시
1304,"",일반중학교,언동중학교,경기도 용인시
1305,"",일반중학교,영문중학교,경기도 용인시
1306,"",일반중학교,용동중학교,경기도 용인시
1307,"",일반중학교,용신중학교,경기도 용인시
1308,11,일반중학교,용인대덕중학교,경기도 용인시
1309,7,일반중학교,용인백현중학교,경기도 용인시
1310,"",일반중학교,용인신릉중학교,경기도 용인시
1311,13,일반중학교,용인신촌중학교,경기도 용인시
1312,"",일반중학교,용인중학교,경기도 용인시
1313,3,일반중학교,용인한빛중학교,경기도 용인시
1314,"",일반중학교,용천중학교,경기도 용인시
1315,"",일반중학교,원삼중학교,경기도 용인시
1316,19,일반중학교,이현중학교,경기도 용인시
1317,9,일반중학교,정평중학교,경기도 용인시
1318,6,일반중학교,죽전중학교,경기도 용인시
1319,"",일반중학교,청덕중학교,경기도 용인시
1320,10,일반중학교,초당중학교,경기도 용인시
1321,3,일반중학교,태성중학교,경기도 용인시
1322,"",일반중학교,포곡중학교,경기도 용인시
1323,"",일반중학교,헌산중학교,경기도 용인시
1324,4,일반중학교,현암중학교,경기도 용인시
1325,7,일반중학교,홍천중학교,경기도 용인시
1326,14,일반중학교,흥덕중학교,경기도 용인시
1327,5,일반중학교,곡란중학교,경기도 군포시
1328,2,일반중학교,군포중학교,경기도 군포시
1329,17,일반중학교,궁내중학교,경기도 군포시
1330,6,일반중학교,금정중학교,경기도 군포시
1331,14,일반중학교,당동중학교,경기도 군포시
1332,2,일반중학교,당정중학교,경기도 군포시
1333,8,일반중학교,도장중학교,경기도 군포시
1334,3,일반중학교,부곡중앙중학교,경기도 군포시
1335,17,일반중학교,산본중학교,경기도 군포시
1336,8,일반중학교,수리중학교,경기도 군포시
1337,11,일반중학교,용호중학교,경기도 군포시
1338,9,일반중학교,흥진중학교,경기도 군포시
1339,11,일반중학교,갈뫼중학교,경기도 의왕시
1340,4,일반중학교,고천중학교,경기도 의왕시
1341,4,일반중학교,덕장중학교,경기도 의왕시
1342,10,일반중학교,모락중학교,경기도 의왕시
1343,3,일반중학교,백운중학교,경기도 의왕시
1344,2,일반중학교,의왕부곡중학교,경기도 의왕시
1345,6,일반중학교,의왕중학교,경기도 의왕시
1346,1,일반중학교,군서중학교,경기도 시흥시
1347,0,일반중학교,군자중학교,경기도 시흥시
1348,1,일반중학교,논곡중학교,경기도 시흥시
1349,4,일반중학교,대흥중학교,경기도 시흥시
1350,1,일반중학교,배곧중학교,경기도 시흥시
1351,0,일반중학교,서해중학교,경기도 시흥시
1352,5,일반중학교,소래중학교,경기도 시흥시
1353,1,일반중학교,송운중학교,경기도 시흥시
1354,0,일반중학교,시화중학교,경기도 시흥시
1355,2,일반중학교,시흥능곡중학교,경기도 시흥시
1356,"",일반중학교,시흥매화중학교,경기도 시흥시
1357,8,일반중학교,시흥은행중학교,경기도 시흥시
1358,0,일반중학교,시흥중학교,경기도 시흥시
1359,2,일반중학교,신천중학교,경기도 시흥시
1360,3,일반중학교,연성중학교,경기도 시흥시
1361,4,일반중학교,월곶중학교,경기도 시흥시
1362,4,일반중학교,은계중학교,경기도 시흥시
1363,3,일반중학교,응곡중학교,경기도 시흥시
1364,"",일반중학교,장곡중학교,경기도 시흥시
1365,0,일반중학교,정왕중학교,경기도 시흥시
1366,"",일반중학교,조남중학교,경기도 시흥시
1367,0,일반중학교,한국글로벌중학교,경기도 시흥시
1368,4,일반중학교,함현중학교,경기도 시흥시
1369,0,일반중학교,도곡중학교,경기도 평택시
1370,0,일반중학교,라온중학교,경기도 평택시
1371,1,일반중학교,비전중학교,경기도 평택시
1372,0,일반중학교,세교중학교,경기도 평택시
1373,0,일반중학교,송탄중학교,경기도 평택시
1374,0,일반중학교,신한중학교,경기도 평택시
1375,3,일반중학교,안일중학교,경기도 평택시
1376,0,일반중학교,안중중학교,경기도 평택시
1377,0,일반중학교,오성중학교,경기도 평택시
1378,0,일반중학교,은혜중학교,경기도 평택시
1379,2,일반중학교,이충중학교,경기도 평택시
1380,1,일반중학교,장당중학교,경기도 평택시
1381,"",일반중학교,진위중학교,경기도 평택시
1382,1,일반중학교,청담중학교,경기도 평택시
1383,"",일반중학교,청북중학교,경기도 평택시
1384,0,일반중학교,청옥중학교,경기도 평택시
1385,0,일반중학교,태광중학교,경기도 평택시
1386,"",일반중학교,평택여자중학교,경기도 평택시
1387,1,일반중학교,평택중학교,경기도 평택시
1388,"",일반중학교,포승중학교,경기도 평택시
1389,0,일반중학교,한광여자중학교,경기도 평택시
1390,2,일반중학교,한광중학교,경기도 평택시
1391,1,일반중학교,현화중학교,경기도 평택시
1392,1,일반중학교,효명중학교,경기도 평택시
1393,2,일반중학교,기산중학교,경기도 화성시
1394,4,일반중학교,기안중학교,경기도 화성시
1395,2,일반중학교,남양중학교,경기도 화성시
1396,9,일반중학교,능동중학교,경기도 화성시
1397,"",일반중학교,다원중학교,경기도 화성시
1398,4,일반중학교,동탄중학교,경기도 화성시
1399,8,일반중학교,동학중학교,경기도 화성시
1400,"",일반중학교,두레자연중학교,경기도 화성시
1401,13,일반중학교,반송중학교,경기도 화성시
1402,"",일반중학교,발안중학교,경기도 화성시
1403,"",일반중학교,방교중학교,경기도 화성시
1404,"",일반중학교,병점중학교,경기도 화성시
1405,"",일반중학교,봉담중학교,경기도 화성시
1406,1,일반중학교,비봉중학교,경기도 화성시
1407,1,일반중학교,삼괴중학교,경기도 화성시
1408,"",일반중학교,서신중학교,경기도 화성시
1409,14,일반중학교,석우중학교,경기도 화성시
1410,4,일반중학교,솔빛중학교,경기도 화성시
1411,"",일반중학교,송린중학교,경기도 화성시
1412,"",일반중학교,송산중학교,경기도 화성시
1413,2,일반중학교,안용중학교,경기도 화성시
1414,5,일반중학교,안화중학교,경기도 화성시
1415,"",일반중학교,양감중학교,경기도 화성시
1416,5,일반중학교,예당중학교,경기도 화성시
1417,"",일반중학교,와우중학교,경기도 화성시
1418,"",일반중학교,이산중학교,경기도 화성시
1419,"",일반중학교,장안여자중학교,경기도 화성시
1420,"",일반중학교,정남중학교,경기도 화성시
1421,"",일반중학교,진안중학교,경기도 화성시
1422,3,일반중학교,청계중학교,경기도 화성시
1423,"",일반중학교,청림중학교,경기도 화성시
1424,"",일반중학교,푸른중학교,경기도 화성시
1425,"",일반중학교,하길중학교,경기도 화성시
1426,2,일반중학교,한백중학교,경기도 화성시
1427,12,일반중학교,향남중학교,경기도 화성시
1428,1,일반중학교,화도중학교,경기도 화성시
1429,3,일반중학교,화성동화중학교,경기도 화성시
1430,1,일반중학교,화성반월중학교,경기도 화성시
1431,"",일반중학교,화성중학교,경기도 화성시
1432,1,일반중학교,대호중학교,경기도 오산시
1433,1,일반중학교,매홀중학교,경기도 오산시
1434,4,일반중학교,문시중학교,경기도 오산시
1435,0,일반중학교,성호중학교,경기도 오산시
1436,1,일반중학교,세마중학교,경기도 오산시
1437,2,일반중학교,오산원일중학교,경기도 오산시
1438,4,일반중학교,오산중학교,경기도 오산시
1439,2,일반중학교,운암중학교,경기도 오산시
1440,2,일반중학교,운천중학교,경기도 오산시
1441,5,일반중학교,가림중학교,경기도 광명시
1442,7,일반중학교,광남중학교,경기도 광명시
1443,6,일반중학교,광명북중학교,경기도 광명시
1444,3,일반중학교,광명중학교,경기도 광명시
1445,0,일반중학교,광문중학교,경기도 광명시
1446,13,일반중학교,소하중학교,경기도 광명시
1447,0,일반중학교,안서중학교,경기도 광명시
1448,21,일반중학교,철산중학교,경기도 광명시
1449,5,일반중학교,충현중학교,경기도 광명시
1450,12,일반중학교,하안북중학교,경기도 광명시
1451,12,일반중학교,하안중학교,경기도 광명시
1452,2,일반중학교,경안중학교,경기도 광주시
1453,8,일반중학교,경화여자중학교,경기도 광주시
1454,1,일반중학교,곤지암중학교,경기도 광주시
1455,0,일반중학교,광수중학교,경기도 광주시
1456,1,일반중학교,광일중학교,경기도 광주시
1457,3,일반중학교,광주광남중학교,경기도 광주시
1458,1,일반중학교,광주중학교,경기도 광주시
1459,0,일반중학교,매양중학교,경기도 광주시
1460,0,일반중학교,신현중학교,경기도 광주시
1461,2,일반중학교,초월중학교,경기도 광주시
1462,3,일반중학교,탄벌중학교,경기도 광주시
1463,0,일반중학교,남한중학교,경기도 하남시
1464,5,일반중학교,덕풍중학교,경기도 하남시
1465,1,일반중학교,동부중학교,경기도 하남시
1466,0,일반중학교,미사강변중학교,경기도 하남시
1467,0,일반중학교,미사중학교,경기도 하남시
1468,1,일반중학교,신장중학교,경기도 하남시
1469,4,일반중학교,신평중학교,경기도 하남시
1470,2,일반중학교,위례중학교,경기도 하남시
1471,0,일반중학교,윤슬중학교,경기도 하남시
1472,0,일반중학교,은가람중학교,경기도 하남시
1473,2,일반중학교,하남중학교,경기도 하남시
1474,5,일반중학교,감정중학교,경기도 김포시
1475,10,일반중학교,고창중학교,경기도 김포시
1476,6,일반중학교,고촌중학교,경기도 김포시
1477,13,일반중학교,금파중학교,경기도 김포시
1478,6,일반중학교,김포신곡중학교,경기도 김포시
1479,4,일반중학교,김포여자중학교,경기도 김포시
1480,2,일반중학교,김포중학교,경기도 김포시
1481,5,일반중학교,김포한가람중학교,경기도 김포시
1482,0,일반중학교,대곶중학교,경기도 김포시
1483,0,일반중학교,마송중학교,경기도 김포시
1484,0,일반중학교,분진중학교,경기도 김포시
1485,"",일반중학교,신양중학교,경기도 김포시
1486,0,일반중학교,양곡중학교,경기도 김포시
1487,5,일반중학교,양도중학교,경기도 김포시
1488,3,일반중학교,운양중학교,경기도 김포시
1489,3,일반중학교,은여울중학교,경기도 김포시
1490,8,일반중학교,장기중학교,경기도 김포시
1491,5,일반중학교,통진중학교,경기도 김포시
1492,2,일반중학교,푸른솔중학교,경기도 김포시
1493,11,일반중학교,풍무중학교,경기도 김포시
1494,3,일반중학교,하늘빛중학교,경기도 김포시
1495,"",일반중학교,하성중학교,경기도 김포시
1496,0,일반중학교,대월중학교,경기도 이천시
1497,0,일반중학교,마장중학교,경기도 이천시
1498,0,일반중학교,모가중학교,경기도 이천시
1499,1,일반중학교,백사중학교,경기도 이천시
1500,0,일반중학교,부발중학교,경기도 이천시
1501,0,일반중학교,설봉중학교,경기도 이천시
1502,0,일반중학교,율면중학교,경기도 이천시
1503,0,일반중학교,이천경남중학교,경기도 이천시
1504,2,일반중학교,이천사동중학교,경기도 이천시
1505,0,일반중학교,이천송정중학교,경기도 이천시
1506,0,일반중학교,이천양정여자중학교,경기도 이천시
1507,0,일반중학교,이천중학교,경기도 이천시
1508,1,일반중학교,장호원중학교,경기도 이천시
1509,0,일반중학교,증포중학교,경기도 이천시
1510,0,일반중학교,효양중학교,경기도 이천시
1511,2,일반중학교,공도중학교,경기도 안성시
1512,1,일반중학교,만정중학교,경기도 안성시
1513,4,일반중학교,명륜여자중학교,경기도 안성시
1514,4,일반중학교,비룡중학교,경기도 안성시
1515,0,일반중학교,서운중학교,경기도 안성시
1516,0,일반중학교,안성여자중학교,경기도 안성시
1517,0,일반중학교,안성중학교,경기도 안성시
1518,0,일반중학교,안청중학교,경기도 안성시
1519,0,일반중학교,양성중학교,경기도 안성시
1520,0,일반중학교,양진중학교,경기도 안성시
1521,0,일반중학교,일죽중학교,경기도 안성시
1522,0,일반중학교,죽산중학교,경기도 안성시
1523,0,일반중학교,한겨레중학교,경기도 안성시
1524,0,일반중학교,강천중학교,경기도 여주시
1525,0,일반중학교,대신중학교,경기도 여주시
1526,0,일반중학교,상품중학교,경기도 여주시
1527,0,일반중학교,세정중학교,경기도 여주시
1528,3,일반중학교,세종중학교,경기도 여주시
1529,0,일반중학교,여강중학교,경기도 여주시
1530,1,일반중학교,여주여자중학교,경기도 여주시
1531,1,일반중학교,여주제일중학교,경기도 여주시
1532,0,일반중학교,여주중학교,경기도 여주시
1533,0,일반중학교,이포중학교,경기도 여주시
1534,0,일반중학교,점동중학교,경기도 여주시
1535,0,일반중학교,창명여자중학교,경기도 여주시
1536,0,일반중학교,흥천중학교,경기도 여주시
1537,0,일반중학교,강하중학교,경기도 양평군
1538,0,일반중학교,개군중학교,경기도 양평군
1539,0,일반중학교,국수중학교,경기도 양평군
1540,0,일반중학교,단월중학교,경기도 양평군
1541,1,일반중학교,서종중학교,경기도 양평군
1542,0,일반중학교,양동중학교,경기도 양평군
1543,0,일반중학교,양수중학교,경기도 양평군
1544,0,일반중학교,양일중학교,경기도 양평군
1545,2,일반중학교,양평중학교,경기도 양평군
1546,0,일반중학교,용문중학교,경기도 양평군
1547,0,일반중학교,지평중학교,경기도 양평군
1548,0,일반중학교,청운중학교,경기도 양평군
1549,13,일반중학교,가람중학교,경기도 고양시
1550,"",일반중학교,고양송산중학교,경기도 고양시
1551,27,일반중학교,고양제일중학교,경기도 고양시
1552,"",일반중학교,고양중학교,경기도 고양시
1553,"",일반중학교,능곡중학교,경기도 고양시
1554,12,일반중학교,대송중학교,경기도 고양시
1555,"",일반중학교,대화중학교,경기도 고양시
1556,"",일반중학교,덕양중학교,경기도 고양시
1557,"",일반중학교,덕이중학교,경기도 고양시
1558,"",일반중학교,도래울중학교,경기도 고양시
1559,"",일반중학교,목암중학교,경기도 고양시
1560,"",일반중학교,무원중학교,경기도 고양시
1561,18,일반중학교,발산중학교,경기도 고양시
1562,15,일반중학교,백마중학교,경기도 고양시
1563,8,일반중학교,백석중학교,경기도 고양시
1564,26,일반중학교,백신중학교,경기도 고양시
1565,"",일반중학교,백양중학교,경기도 고양시
1566,7,일반중학교,서정중학교,경기도 고양시
1567,"",일반중학교,성사중학교,경기도 고양시
1568,"",일반중학교,신능중학교,경기도 고양시
1569,6,일반중학교,신원중학교,경기도 고양시
1570,"",일반중학교,신일중학교,경기도 고양시
1571,"",일반중학교,안곡중학교,경기도 고양시
1572,37,일반중학교,오마중학교,경기도 고양시
1573,"",일반중학교,원당중학교,경기도 고양시
1574,"",일반중학교,일산동중학교,경기도 고양시
1575,"",일반중학교,일산양일중학교,경기도 고양시
1576,"",일반중학교,일산중학교,경기도 고양시
1577,"",일반중학교,장성중학교,경기도 고양시
1578,"",일반중학교,저동중학교,경기도 고양시
1579,"",일반중학교,정발중학교,경기도 고양시
1580,"",일반중학교,중산중학교,경기도 고양시
1581,"",일반중학교,지도중학교,경기도 고양시
1582,"",일반중학교,풍동중학교,경기도 고양시
1583,9,일반중학교,풍산중학교,경기도 고양시
1584,"",일반중학교,한수중학교,경기도 고양시
1585,"",일반중학교,행신중학교,경기도 고양시
1586,"",일반중학교,현산중학교,경기도 고양시
1587,"",일반중학교,호곡중학교,경기도 고양시
1588,"",일반중학교,화수중학교,경기도 고양시
1589,20,일반중학교,화정중학교,경기도 고양시
1590,1,일반중학교,가운중학교,경기도 남양주시
1591,3,일반중학교,광동중학교,경기도 남양주시
1592,2,일반중학교,광릉중학교,경기도 남양주시
1593,"",일반중학교,금곡중학교,경기도 남양주시
1594,3,일반중학교,덕소중학교,경기도 남양주시
1595,5,일반중학교,도농중학교,경기도 남양주시
1596,2,일반중학교,동화중학교,경기도 남양주시
1597,"",일반중학교,마석중학교,경기도 남양주시
1598,3,일반중학교,미금중학교,경기도 남양주시
1599,6,일반중학교,별가람중학교,경기도 남양주시
1600,3,일반중학교,별내중학교,경기도 남양주시
1601,4,일반중학교,송라중학교,경기도 남양주시
1602,"",일반중학교,수동중학교,경기도 남양주시
1603,"",일반중학교,심석중학교,경기도 남양주시
1604,4,일반중학교,양오중학교,경기도 남양주시
1605,2,일반중학교,어람중학교,경기도 남양주시
1606,"",일반중학교,연세중학교,경기도 남양주시
1607,5,일반중학교,예봉중학교,경기도 남양주시
1608,"",일반중학교,오남중학교,경기도 남양주시
1609,"",일반중학교,와부중학교,경기도 남양주시
1610,7,일반중학교,장내중학교,경기도 남양주시
1611,1,일반중학교,주곡중학교,경기도 남양주시
1612,"",일반중학교,진건중학교,경기도 남양주시
1613,"",일반중학교,진접중학교,경기도 남양주시
1614,"",일반중학교,천마중학교,경기도 남양주시
1615,7,일반중학교,퇴계원중학교,경기도 남양주시
1616,6,일반중학교,판곡중학교,경기도 남양주시
1617,5,일반중학교,평내중학교,경기도 남양주시
1618,4,일반중학교,풍양중학교,경기도 남양주시
1619,2,일반중학교,한별중학교,경기도 남양주시
1620,"",일반중학교,호평중학교,경기도 남양주시
1621,"",일반중학교,화광중학교,경기도 남양주시
1622,0,일반중학교,갈매중학교,경기도 구리시
1623,12,일반중학교,교문중학교,경기도 구리시
1624,3,일반중학교,구리여자중학교,경기도 구리시
1625,5,일반중학교,구리중학교,경기도 구리시
1626,8,일반중학교,동구중학교,경기도 구리시
1627,10,일반중학교,인창중학교,경기도 구리시
1628,10,일반중학교,장자중학교,경기도 구리시
1629,4,일반중학교,토평중학교,경기도 구리시
1630,6,일반중학교,경민여자중학교,경기도 의정부시
1631,2,일반중학교,경민중학교,경기도 의정부시
1632,4,일반중학교,금오중학교,경기도 의정부시
1633,5,일반중학교,녹양중학교,경기도 의정부시
1634,0,일반중학교,다온중학교,경기도 의정부시
1635,9,일반중학교,동암중학교,경기도 의정부시
1636,5,일반중학교,민락중학교,경기도 의정부시
1637,8,일반중학교,발곡중학교,경기도 의정부시
1638,4,일반중학교,부용중학교,경기도 의정부시
1639,2,일반중학교,솔뫼중학교,경기도 의정부시
1640,0,일반중학교,송양중학교,경기도 의정부시
1641,7,일반중학교,신곡중학교,경기도 의정부시
1642,1,일반중학교,의정부여자중학교,경기도 의정부시
1643,4,일반중학교,의정부중학교,경기도 의정부시
1644,8,일반중학교,천보중학교,경기도 의정부시
1645,4,일반중학교,충의중학교,경기도 의정부시
1646,6,일반중학교,호원중학교,경기도 의정부시
1647,9,일반중학교,회룡중학교,경기도 의정부시
1648,6,일반중학교,효자중학교,경기도 의정부시
1649,0,일반중학교,광탄중학교,경기도 파주시
1650,5,일반중학교,교하중학교,경기도 파주시
1651,6,일반중학교,금릉중학교,경기도 파주시
1652,8,일반중학교,금촌중학교,경기도 파주시
1653,1,일반중학교,동패중학교,경기도 파주시
1654,4,일반중학교,두일중학교,경기도 파주시
1655,0,일반중학교,문산동중학교,경기도 파주시
1656,0,일반중학교,문산북중학교,경기도 파주시
1657,0,일반중학교,문산수억중학교,경기도 파주시
1658,3,일반중학교,문산중학교,경기도 파주시
1659,"",일반중학교,법원여자중학교,경기도 파주시
1660,5,일반중학교,봉일천중학교,경기도 파주시
1661,"",일반중학교,산내중학교,경기도 파주시
1662,"",일반중학교,삼광중학교,경기도 파주시
1663,0,일반중학교,선유중학교,경기도 파주시
1664,0,일반중학교,어유중학교,경기도 파주시
1665,"",일반중학교,율곡중학교,경기도 파주시
1666,6,일반중학교,지산중학교,경기도 파주시
1667,0,일반중학교,탄현중학교,경기도 파주시
1668,1,일반중학교,파주광일중학교,경기도 파주시
1669,0,일반중학교,파주중학교,경기도 파주시
1670,"",일반중학교,파평중학교,경기도 파주시
1671,5,일반중학교,한가람중학교,경기도 파주시
1672,15,일반중학교,한빛중학교,경기도 파주시
1673,1,일반중학교,해솔중학교,경기도 파주시
1674,0,일반중학교,동두천여자중학교,경기도 동두천시
1675,2,일반중학교,동두천중학교,경기도 동두천시
1676,3,일반중학교,보영여자중학교,경기도 동두천시
1677,12,일반중학교,생연중학교,경기도 동두천시
1678,7,일반중학교,송내중앙중학교,경기도 동두천시
1679,5,일반중학교,신흥중학교,경기도 동두천시
1680,9,일반중학교,고암중학교,경기도 양주시
1681,2,일반중학교,남문중학교,경기도 양주시
1682,0,일반중학교,덕계중학교,경기도 양주시
1683,2,일반중학교,덕정중학교,경기도 양주시
1684,13,일반중학교,덕현중학교,경기도 양주시
1685,4,일반중학교,삼숭중학교,경기도 양주시
1686,2,일반중학교,양주백석중학교,경기도 양주시
1687,1,일반중학교,옥정중학교,경기도 양주시
1688,0,일반중학교,조양중학교,경기도 양주시
1689,3,일반중학교,회천중학교,경기도 양주시
1690,3,일반중학교,갈월중학교,경기도 포천시
1691,0,일반중학교,경북중학교,경기도 포천시
1692,0,일반중학교,관인중학교,경기도 포천시
1693,0,일반중학교,내촌중학교,경기도 포천시
1694,1,일반중학교,대경중학교,경기도 포천시
1695,0,일반중학교,동남중학교,경기도 포천시
1696,0,일반중학교,삼성중학교,경기도 포천시
1697,1,일반중학교,송우중학교,경기도 포천시
1698,0,일반중학교,영북중학교,경기도 포천시
1699,0,일반중학교,영중중학교,경기도 포천시
1700,0,일반중학교,이동중학교,경기도 포천시
1701,1,일반중학교,일동중학교,경기도 포천시
1702,4,일반중학교,포천여자중학교,경기도 포천시
1703,2,일반중학교,포천중학교,경기도 포천시
1704,0,일반중학교,가평북중학교,경기도 가평군
1705,0,일반중학교,가평중학교,경기도 가평군
1706,6,일반중학교,설악중학교,경기도 가평군
1707,0,일반중학교,조종중학교,경기도 가평군
1708,43,국제중학교,청심국제중학교,경기도 가평군
1709,0,일반중학교,청평중학교,경기도 가평군
1710,1,일반중학교,군남중학교,경기도 연천군
1711,0,일반중학교,대광중학교,경기도 연천군
1712,0,일반중학교,백학중학교,경기도 연천군
1713,0,일반중학교,연천중학교,경기도 연천군
1714,1,일반중학교,전곡중학교,경기도 연천군
1715,0,일반중학교,청산중학교,경기도 연천군
1716,0,일반중학교,가정중학교,강원도 춘천시
1717,0,일반중학교,강서중학교,강원도 춘천시
1718,5,일반중학교,강원중학교,강원도 춘천시
1719,0,체육중학교,강원체육중학교,강원도 춘천시
1720,0,일반중학교,광판중학교,강원도 춘천시
1721,6,일반중학교,남춘천여자중학교,강원도 춘천시
1722,12,일반중학교,남춘천중학교,강원도 춘천시
1723,8,일반중학교,대룡중학교,강원도 춘천시
1724,0,일반중학교,동산중학교,강원도 춘천시
1725,2,일반중학교,봉의중학교,강원도 춘천시
1726,5,일반중학교,소양중학교,강원도 춘천시
1727,0,일반중학교,신포중학교,강원도 춘천시
1728,3,일반중학교,우석중학교,강원도 춘천시
1729,2,일반중학교,유봉여자중학교,강원도 춘천시
1730,0,일반중학교,창촌중학교,강원도 춘천시
1731,1,일반중학교,춘성중학교,강원도 춘천시
1732,"",일반중학교,춘천여자중학교,강원도 춘천시
1733,8,일반중학교,춘천중학교,강원도 춘천시
1734,5,일반중학교,후평중학교,강원도 춘천시
1735,0,일반중학교,귀래중학교,강원도 원주시
1736,7,일반중학교,남원주중학교,강원도 원주시
1737,9,일반중학교,단구중학교,강원도 원주시
1738,1,일반중학교,문막중학교,강원도 원주시
1739,5,일반중학교,반곡중학교,강원도 원주시
1740,"",일반중학교,버들중학교,강원도 원주시
1741,"",일반중학교,부론중학교,강원도 원주시
1742,"",일반중학교,북원여자중학교,강원도 원주시
1743,2,일반중학교,상지여자중학교,강원도 원주시
1744,0,일반중학교,신림중학교,강원도 원주시
1745,3,일반중학교,원주대성중학교,강원도 원주시
1746,8,일반중학교,원주삼육중학교,강원도 원주시
1747,8,일반중학교,원주여자중학교,강원도 원주시
1748,12,일반중학교,원주중학교,강원도 원주시
1749,0,일반중학교,육민관중학교,강원도 원주시
1750,"",일반중학교,지정중학교,강원도 원주시
1751,2,일반중학교,진광중학교,강원도 원주시
1752,3,일반중학교,치악중학교,강원도 원주시
1753,2,일반중학교,태장중학교,강원도 원주시
1754,4,일반중학교,평원중학교,강원도 원주시
1755,6,일반중학교,학성중학교,강원도 원주시
1756,0,일반중학교,호저중학교,강원도 원주시
1757,0,일반중학교,황둔중학교,강원도 원주시
1758,5,일반중학교,강릉중학교,강원도 강릉시
1759,4,일반중학교,강릉해람중학교,강원도 강릉시
1760,5,일반중학교,경포중학교,강원도 강릉시
1761,2,일반중학교,관동중학교,강원도 강릉시
1762,1,일반중학교,동명중학교,강원도 강릉시
1763,0,일반중학교,사천중학교,강원도 강릉시
1764,0,일반중학교,솔올중학교,강원도 강릉시
1765,0,일반중학교,옥계중학교,강원도 강릉시
1766,0,일반중학교,왕산중학교,강원도 강릉시
1767,2,일반중학교,율곡중학교,강원도 강릉시
1768,1,일반중학교,주문진중학교,강원도 강릉시
1769,3,일반중학교,하슬라중학교,강원도 강릉시
1770,1,일반중학교,동해광희중학교,강원도 동해시
1771,0,일반중학교,동해삼육중학교,강원도 동해시
1772,0,일반중학교,동해중학교,강원도 동해시
1773,"",일반중학교,묵호여자중학교,강원도 동해시
1774,1,일반중학교,묵호중학교,강원도 동해시
1775,"",일반중학교,북평여자중학교,강원도 동해시
1776,1,일반중학교,북평중학교,강원도 동해시
1777,0,일반중학교,상장중학교,강원도 태백시
1778,0,일반중학교,장성여자중학교,강원도 태백시
1779,0,일반중학교,철암중학교,강원도 태백시
1780,1,일반중학교,태백중학교,강원도 태백시
1781,0,일반중학교,함태중학교,강원도 태백시
1782,"",일반중학교,황지여자중학교,강원도 태백시
1783,0,일반중학교,황지중학교,강원도 태백시
1784,"",일반중학교,설악여자중학교,강원도 속초시
1785,5,일반중학교,설악중학교,강원도 속초시
1786,"",일반중학교,속초여자중학교,강원도 속초시
1787,1,일반중학교,속초중학교,강원도 속초시
1788,0,일반중학교,가곡중학교,강원도 삼척시
1789,0,일반중학교,근덕중학교,강원도 삼척시
1790,0,일반중학교,도계여자중학교,강원도 삼척시
1791,0,일반중학교,도계중학교,강원도 삼척시
1792,0,일반중학교,미로중학교,강원도 삼척시
1793,2,일반중학교,삼일중학교,강원도 삼척시
1794,4,일반중학교,삼척여자중학교,강원도 삼척시
1795,0,일반중학교,삼척중학교,강원도 삼척시
1796,"",일반중학교,소달중학교,강원도 삼척시
1797,0,일반중학교,원덕중학교,강원도 삼척시
1798,0,일반중학교,임원중학교,강원도 삼척시
1799,0,일반중학교,장호중학교,강원도 삼척시
1800,0,일반중학교,하장중학교,강원도 삼척시
1801,0,일반중학교,내면중학교,강원도 홍천군
1802,0,일반중학교,내촌중학교,강원도 홍천군
1803,0,일반중학교,동화중학교,강원도 홍천군
1804,0,일반중학교,두촌중학교,강원도 홍천군
1805,0,일반중학교,서석중학교,강원도 홍천군
1806,2,일반중학교,양덕중학교,강원도 홍천군
1807,1,일반중학교,팔렬중학교,강원도 홍천군
1808,0,일반중학교,한서중학교,강원도 홍천군
1809,0,일반중학교,홍천여자중학교,강원도 홍천군
1810,0,일반중학교,홍천중학교,강원도 홍천군
1811,0,일반중학교,화촌중학교,강원도 홍천군
1812,0,일반중학교,갑천중학교,강원도 횡성군
1813,0,일반중학교,강림중학교,강원도 횡성군
1814,0,일반중학교,공근중학교,강원도 횡성군
1815,0,일반중학교,대동여자중학교,강원도 횡성군
1816,0,일반중학교,둔내중학교,강원도 횡성군
1817,0,일반중학교,서원중학교,강원도 횡성군
1818,0,일반중학교,안흥중학교,강원도 횡성군
1819,0,일반중학교,우천중학교,강원도 횡성군
1820,0,일반중학교,청일중학교,강원도 횡성군
1821,0,일반중학교,횡성중학교,강원도 횡성군
1822,0,일반중학교,녹전중학교,강원도 영월군
1823,0,일반중학교,마차중학교,강원도 영월군
1824,0,일반중학교,봉래중학교,강원도 영월군
1825,0,일반중학교,상동중학교,강원도 영월군
1826,0,일반중학교,석정여자중학교,강원도 영월군
1827,0,일반중학교,신천중학교,강원도 영월군
1828,0,일반중학교,쌍룡중학교,강원도 영월군
1829,0,일반중학교,연당중학교,강원도 영월군
1830,0,일반중학교,영월중학교,강원도 영월군
1831,0,일반중학교,옥동중학교,강원도 영월군
1832,0,일반중학교,주천중학교,강원도 영월군
1833,0,일반중학교,계촌중학교,강원도 평창군
1834,0,일반중학교,대관령중학교,강원도 평창군
1835,0,일반중학교,대화중학교,강원도 평창군
1836,0,일반중학교,미탄중학교,강원도 평창군
1837,0,일반중학교,봉평중학교,강원도 평창군
1838,0,일반중학교,용전중학교,강원도 평창군
1839,2,일반중학교,진부중학교,강원도 평창군
1840,0,일반중학교,평창중학교,강원도 평창군
1841,0,일반중학교,고한중학교,강원도 정선군
1842,0,일반중학교,나전중학교,강원도 정선군
1843,0,일반중학교,문곡중학교,강원도 정선군
1844,0,일반중학교,사북중학교,강원도 정선군
1845,0,일반중학교,여량중학교,강원도 정선군
1846,0,일반중학교,임계중학교,강원도 정선군
1847,0,일반중학교,정선중학교,강원도 정선군
1848,0,일반중학교,함백중학교,강원도 정선군
1849,0,일반중학교,화동중학교,강원도 정선군
1850,1,일반중학교,김화여자중학교,강원도 철원군
1851,0,일반중학교,김화중학교,강원도 철원군
1852,0,일반중학교,신철원중학교,강원도 철원군
1853,0,일반중학교,철원여자중학교,강원도 철원군
1854,0,일반중학교,철원중학교,강원도 철원군
1855,0,일반중학교,간동중학교,강원도 화천군
1856,0,일반중학교,사내중학교,강원도 화천군
1857,0,일반중학교,상서중학교,강원도 화천군
1858,0,일반중학교,화천중학교,강원도 화천군
1859,0,일반중학교,대암중학교,강원도 양구군
1860,0,일반중학교,방산중학교,강원도 양구군
1861,"",일반중학교,양구여자중학교,강원도 양구군
1862,0,일반중학교,양구중학교,강원도 양구군
1863,0,일반중학교,용하중학교,강원도 양구군
1864,0,일반중학교,해안중학교,강원도 양구군
1865,0,일반중학교,기린중학교,강원도 인제군
1866,0,일반중학교,상남중학교,강원도 인제군
1867,0,일반중학교,서화중학교,강원도 인제군
1868,1,일반중학교,신남중학교,강원도 인제군
1869,1,일반중학교,원통중학교,강원도 인제군
1870,1,일반중학교,인제중학교,강원도 인제군
1871,1,일반중학교,거진중학교,강원도 고성군
1872,2,일반중학교,고성중학교,강원도 고성군
1873,0,일반중학교,대진중학교,강원도 고성군
1874,0,일반중학교,동광중학교,강원도 고성군
1875,0,일반중학교,강현중학교,강원도 양양군
1876,"",일반중학교,양양여자중학교,강원도 양양군
1877,0,일반중학교,양양중학교,강원도 양양군
1878,0,일반중학교,현남중학교,강원도 양양군
1879,0,일반중학교,현북중학교,강원도 양양군
1880,"",일반중학교,가경중학교,충청북도 청주시
1881,"",일반중학교,가덕중학교,충청북도 청주시
1882,8,일반중학교,각리중학교,충청북도 청주시
1883,14,일반중학교,경덕중학교,충청북도 청주시
1884,"",일반중학교,금천중학교,충청북도 청주시
1885,7,일반중학교,남성중학교,충청북도 청주시
1886,"",일반중학교,내수중학교,충청북도 청주시
1887,4,일반중학교,대성여자중학교,충청북도 청주시
1888,"",일반중학교,대성중학교,충청북도 청주시
1889,"",일반중학교,문의중학교,충청북도 청주시
1890,1,일반중학교,미원중학교,충청북도 청주시
1891,"",일반중학교,복대중학교,충청북도 청주시
1892,"",일반중학교,봉명중학교,충청북도 청주시
1893,13,일반중학교,산남중학교,충청북도 청주시
1894,15,일반중학교,서경중학교,충청북도 청주시
1895,"",일반중학교,서원중학교,충청북도 청주시
1896,11,일반중학교,서현중학교,충청북도 청주시
1897,"",일반중학교,성화중학교,충청북도 청주시
1898,8,일반중학교,세광중학교,충청북도 청주시
1899,14,일반중학교,솔밭중학교,충청북도 청주시
1900,"",일반중학교,송절중학교,충청북도 청주시
1901,7,일반중학교,수곡중학교,충청북도 청주시
1902,"",일반중학교,양청중학교,충청북도 청주시
1903,"",일반중학교,오송중학교,충청북도 청주시
1904,"",일반중학교,오창중학교,충청북도 청주시
1905,"",일반중학교,옥산중학교,충청북도 청주시
1906,8,일반중학교,용성중학교,충청북도 청주시
1907,"",일반중학교,용암중학교,충청북도 청주시
1908,"",일반중학교,운동중학교,충청북도 청주시
1909,"",일반중학교,운호중학교,충청북도 청주시
1910,9,일반중학교,원봉중학교,충청북도 청주시
1911,"",일반중학교,원평중학교,충청북도 청주시
1912,"",일반중학교,율량중학교,충청북도 청주시
1913,"",일반중학교,일신여자중학교,충청북도 청주시
1914,"",일반중학교,주성중학교,충청북도 청주시
1915,6,일반중학교,청운중학교,충청북도 청주시
1916,"",일반중학교,청주남중학교,충청북도 청주시
1917,6,일반중학교,청주동중학교,충청북도 청주시
1918,9,일반중학교,청주여자중학교,충청북도 청주시
1919,9,일반중학교,청주중앙여자중학교,충청북도 청주시
1920,"",일반중학교,청주중앙중학교,충청북도 청주시
1921,"",일반중학교,청주중학교,충청북도 청주시
1922,6,일반중학교,충북대학교사범대학부설중학교,충청북도 청주시
1923,6,일반중학교,충북여자중학교,충청북도 청주시
1924,5,일반중학교,한국교원대학교부설미호중학교,충청북도 청주시
1925,"",일반중학교,현도중학교,충청북도 청주시
1926,0,일반중학교,노은중학교,충청북도 충주시
1927,0,일반중학교,산척중학교,충청북도 충주시
1928,0,일반중학교,수안보중학교,충청북도 충주시
1929,0,일반중학교,신니중학교,충청북도 충주시
1930,0,일반중학교,신명중학교,충청북도 충주시
1931,0,일반중학교,앙성중학교,충청북도 충주시
1932,0,일반중학교,주덕중학교,충청북도 충주시
1933,1,일반중학교,중원중학교,충청북도 충주시
1934,2,일반중학교,충일중학교,충청북도 충주시
1935,2,일반중학교,충주미덕중학교,충청북도 충주시
1936,1,일반중학교,충주북여자중학교,충청북도 충주시
1937,1,일반중학교,충주여자중학교,충청북도 충주시
1938,1,일반중학교,충주예성여자중학교,충청북도 충주시
1939,0,일반중학교,충주중앙중학교,충청북도 충주시
1940,0,일반중학교,충주중학교,충청북도 충주시
1941,2,일반중학교,칠금중학교,충청북도 충주시
1942,2,일반중학교,탄금중학교,충청북도 충주시
1943,0,일반중학교,내토중학교,충청북도 제천시
1944,3,일반중학교,대제중학교,충청북도 제천시
1945,0,일반중학교,백운중학교,충청북도 제천시
1946,0,일반중학교,봉양중학교,충청북도 제천시
1947,0,일반중학교,송학중학교,충청북도 제천시
1948,1,일반중학교,수산중학교,충청북도 제천시
1949,1,일반중학교,의림여자중학교,충청북도 제천시
1950,0,일반중학교,제천덕산중학교,충청북도 제천시
1951,0,일반중학교,제천동중학교,충청북도 제천시
1952,0,일반중학교,제천여자중학교,충청북도 제천시
1953,1,일반중학교,제천중학교,충청북도 제천시
1954,0,일반중학교,청풍중학교,충청북도 제천시
1955,0,일반중학교,한송중학교,충청북도 제천시
1956,0,일반중학교,보덕중학교,충청북도 보은군
1957,0,일반중학교,보은여자중학교,충청북도 보은군
1958,0,일반중학교,보은중학교,충청북도 보은군
1959,3,일반중학교,속리산중학교,충청북도 보은군
1960,0,일반중학교,회인중학교,충청북도 보은군
1961,1,일반중학교,안내중학교,충청북도 옥천군
1962,0,일반중학교,옥천여자중학교,충청북도 옥천군
1963,0,일반중학교,옥천중학교,충청북도 옥천군
1964,0,일반중학교,이원중학교,충청북도 옥천군
1965,0,일반중학교,청산중학교,충청북도 옥천군
1966,"",일반중학교,상촌중학교,충청북도 영동군
1967,0,일반중학교,심천중학교,충청북도 영동군
1968,0,일반중학교,영동중학교,충청북도 영동군
1969,0,일반중학교,영신중학교,충청북도 영동군
1970,"",일반중학교,용문중학교,충청북도 영동군
1971,0,일반중학교,정수중학교,충청북도 영동군
1972,0,일반중학교,추풍령중학교,충청북도 영동군
1973,0,일반중학교,학산중학교,충청북도 영동군
1974,"",일반중학교,황간중학교,충청북도 영동군
1975,0,일반중학교,광혜원중학교,충청북도 진천군
1976,1,일반중학교,덕산중학교,충청북도 진천군
1977,0,일반중학교,서전중학교,충청북도 진천군
1978,0,일반중학교,이월중학교,충청북도 진천군
1979,1,일반중학교,진천여자중학교,충청북도 진천군
1980,1,일반중학교,진천중학교,충청북도 진천군
1981,0,일반중학교,괴산북중학교,충청북도 괴산군
1982,1,일반중학교,괴산오성중학교,충청북도 괴산군
1983,0,일반중학교,괴산중학교,충청북도 괴산군
1984,0,일반중학교,송면중학교,충청북도 괴산군
1985,0,일반중학교,연풍중학교,충청북도 괴산군
1986,0,일반중학교,청안중학교,충청북도 괴산군
1987,0,일반중학교,청천중학교,충청북도 괴산군
1988,0,일반중학교,칠성중학교,충청북도 괴산군
1989,0,일반중학교,감곡중학교,충청북도 음성군
1990,1,일반중학교,대소중학교,충청북도 음성군
1991,1,일반중학교,동성중학교,충청북도 음성군
1992,0,일반중학교,매괴여자중학교,충청북도 음성군
1993,0,일반중학교,무극중학교,충청북도 음성군
1994,0,일반중학교,삼성중학교,충청북도 음성군
1995,0,일반중학교,생극중학교,충청북도 음성군
1996,0,일반중학교,음성여자중학교,충청북도 음성군
1997,0,일반중학교,음성중학교,충청북도 음성군
1998,0,일반중학교,한일중학교,충청북도 음성군
1999,0,일반중학교,단성중학교,충청북도 단양군
2000,0,일반중학교,단양소백산중학교,충청북도 단양군
2001,1,일반중학교,단양중학교,충청북도 단양군
2002,0,일반중학교,매포중학교,충청북도 단양군
2003,0,일반중학교,영춘중학교,충청북도 단양군
2004,2,일반중학교,증평여자중학교,충청북도 증평군
2005,2,일반중학교,증평중학교,충청북도 증평군
2006,0,일반중학교,형석중학교,충청북도 증평군
2007,"",일반중학교,광풍중학교,충청남도 천안시
2008,"",일반중학교,목천중학교,충청남도 천안시
2009,3,일반중학교,병천중학교,충청남도 천안시
2010,2,일반중학교,복자여자중학교,충청남도 천안시
2011,"",일반중학교,성환중학교,충청남도 천안시
2012,2,일반중학교,입장중학교,충청남도 천안시
2013,"",일반중학교,천남중학교,충청남도 천안시
2014,1,일반중학교,천성중학교,충청남도 천안시
2015,3,일반중학교,천안가온중학교,충청남도 천안시
2016,"",일반중학교,천안계광중학교,충청남도 천안시
2017,2,일반중학교,천안동성중학교,충청남도 천안시
2018,2,일반중학교,천안동중학교,충청남도 천안시
2019,6,일반중학교,천안두정중학교,충청남도 천안시
2020,6,일반중학교,천안백석중학교,충청남도 천안시
2021,4,일반중학교,천안봉서중학교,충청남도 천안시
2022,"",일반중학교,천안부성중학교,충청남도 천안시
2023,"",일반중학교,천안북중학교,충청남도 천안시
2024,3,일반중학교,천안불당중학교,충청남도 천안시
2025,"",일반중학교,천안불무중학교,충청남도 천안시
2026,5,일반중학교,천안새샘중학교,충청남도 천안시
2027,2,일반중학교,천안서여자중학교,충청남도 천안시
2028,"",일반중학교,천안성성중학교,충청남도 천안시
2029,3,일반중학교,천안성정중학교,충청남도 천안시
2030,"",일반중학교,천안신방중학교,충청남도 천안시
2031,6,일반중학교,천안쌍용중학교,충청남도 천안시
2032,"",일반중학교,천안여자중학교,충청남도 천안시
2033,2,일반중학교,천안오성중학교,충청남도 천안시
2034,5,일반중학교,천안용곡중학교,충청남도 천안시
2035,6,일반중학교,천안월봉중학교,충청남도 천안시
2036,"",일반중학교,천안중학교,충청남도 천안시
2037,9,일반중학교,환서중학교,충청남도 천안시
2038,0,일반중학교,경천중학교,충청남도 공주시
2039,1,일반중학교,공주대학교사범대학부설중학교,충청남도 공주시
2040,2,일반중학교,공주북중학교,충청남도 공주시
2041,6,일반중학교,공주여자중학교,충청남도 공주시
2042,1,일반중학교,공주영명중학교,충청남도 공주시
2043,3,일반중학교,공주중학교,충청남도 공주시
2044,0,일반중학교,반포중학교,충청남도 공주시
2045,3,일반중학교,봉황중학교,충청남도 공주시
2046,0,일반중학교,사곡중학교,충청남도 공주시
2047,0,일반중학교,우성중학교,충청남도 공주시
2048,0,일반중학교,유구중학교,충청남도 공주시
2049,0,일반중학교,이인중학교,충청남도 공주시
2050,0,일반중학교,정안중학교,충청남도 공주시
2051,0,일반중학교,탄천중학교,충청남도 공주시
2052,0,일반중학교,남포중학교,충청남도 보령시
2053,1,일반중학교,대명중학교,충청남도 보령시
2054,0,일반중학교,대천서중학교,충청남도 보령시
2055,7,일반중학교,대천여자중학교,충청남도 보령시
2056,2,일반중학교,대천중학교,충청남도 보령시
2057,0,일반중학교,미산중학교,충청남도 보령시
2058,0,일반중학교,보령중학교,충청남도 보령시
2059,0,일반중학교,웅천중학교,충청남도 보령시
2060,0,일반중학교,주산중학교,충청남도 보령시
2061,0,일반중학교,천북중학교,충청남도 보령시
2062,0,일반중학교,청라중학교,충청남도 보령시
2063,3,일반중학교,한내여자중학교,충청남도 보령시
2064,0,일반중학교,도고중학교,충청남도 아산시
2065,0,일반중학교,둔포중학교,충청남도 아산시
2066,"",일반중학교,모산중학교,충청남도 아산시
2067,0,일반중학교,선도중학교,충청남도 아산시
2068,2,일반중학교,설화중학교,충청남도 아산시
2069,0,일반중학교,송남중학교,충청남도 아산시
2070,0,일반중학교,신창중학교,충청남도 아산시
2071,16,일반중학교,아산배방중학교,충청남도 아산시
2072,1,일반중학교,아산중학교,충청남도 아산시
2073,0,일반중학교,아산테크노중학교,충청남도 아산시
2074,0,일반중학교,영인중학교,충청남도 아산시
2075,3,일반중학교,온양신정중학교,충청남도 아산시
2076,5,일반중학교,온양여자중학교,충청남도 아산시
2077,2,일반중학교,온양용화중학교,충청남도 아산시
2078,2,일반중학교,온양중학교,충청남도 아산시
2079,3,일반중학교,온양한올중학교,충청남도 아산시
2080,1,일반중학교,음봉중학교,충청남도 아산시
2081,0,일반중학교,인주중학교,충청남도 아산시
2082,5,일반중학교,탕정중학교,충청남도 아산시
2083,0,일반중학교,고북중학교,충청남도 서산시
2084,1,일반중학교,대산중학교,충청남도 서산시
2085,1,일반중학교,대철중학교,충청남도 서산시
2086,0,일반중학교,부석중학교,충청남도 서산시
2087,4,일반중학교,서령중학교,충청남도 서산시
2088,0,일반중학교,서산명지중학교,충청남도 서산시
2089,2,일반중학교,서산부춘중학교,충청남도 서산시
2090,8,일반중학교,서산석림중학교,충청남도 서산시
2091,9,일반중학교,서산여자중학교,충청남도 서산시
2092,4,일반중학교,서산중학교,충청남도 서산시
2093,1,일반중학교,서일중학교,충청남도 서산시
2094,0,일반중학교,성연중학교,충청남도 서산시
2095,0,일반중학교,음암중학교,충청남도 서산시
2096,0,일반중학교,인지중학교,충청남도 서산시
2097,0,일반중학교,팔봉중학교,충청남도 서산시
2098,0,일반중학교,해미중학교,충청남도 서산시
2099,0,일반중학교,가야곡중학교,충청남도 논산시
2100,0,일반중학교,강경여자중학교,충청남도 논산시
2101,0,일반중학교,강경중학교,충청남도 논산시
2102,0,일반중학교,건양대학교병설건양중학교,충청남도 논산시
2103,0,일반중학교,광석중학교,충청남도 논산시
2104,1,일반중학교,기민중학교,충청남도 논산시
2105,0,일반중학교,노성중학교,충청남도 논산시
2106,1,일반중학교,논산대건중학교,충청남도 논산시
2107,2,일반중학교,논산여자중학교,충청남도 논산시
2108,0,일반중학교,논산중학교,충청남도 논산시
2109,2,일반중학교,쌘뽈여자중학교,충청남도 논산시
2110,0,일반중학교,연무여자중학교,충청남도 논산시
2111,0,일반중학교,연무중학교,충청남도 논산시
2112,0,일반중학교,연산중학교,충청남도 논산시
2113,1,일반중학교,계룡중학교,충청남도 계룡시
2114,4,일반중학교,엄사중학교,충청남도 계룡시
2115,3,일반중학교,용남중학교,충청남도 계룡시
2116,1,일반중학교,금산동중학교,충청남도 금산군
2117,1,일반중학교,금산여자중학교,충청남도 금산군
2118,0,일반중학교,금산중학교,충청남도 금산군
2119,0,일반중학교,복수중학교,충청남도 금산군
2120,0,일반중학교,부리중학교,충청남도 금산군
2121,0,일반중학교,제원중학교,충청남도 금산군
2122,0,일반중학교,진산중학교,충청남도 금산군
2123,2,일반중학교,추부중학교,충청남도 금산군
2124,1,일반중학교,백제중학교,충청남도 부여군
2125,1,일반중학교,부여여자중학교,충청남도 부여군
2126,1,일반중학교,부여중학교,충청남도 부여군
2127,0,일반중학교,석성중학교,충청남도 부여군
2128,0,일반중학교,세도중학교,충청남도 부여군
2129,0,일반중학교,양화중학교,충청남도 부여군
2130,0,일반중학교,외산중학교,충청남도 부여군
2131,0,일반중학교,용강중학교,충청남도 부여군
2132,0,일반중학교,은산중학교,충청남도 부여군
2133,0,일반중학교,임천중학교,충청남도 부여군
2134,1,일반중학교,홍산중학교,충청남도 부여군
2135,1,일반중학교,동강중학교,충청남도 서천군
2136,0,일반중학교,비인중학교,충청남도 서천군
2137,2,일반중학교,서림여자중학교,충청남도 서천군
2138,1,일반중학교,서면중학교,충청남도 서천군
2139,0,일반중학교,서천여자중학교,충청남도 서천군
2140,1,일반중학교,서천중학교,충청남도 서천군
2141,2,일반중학교,장항중학교,충청남도 서천군
2142,0,일반중학교,판교중학교,충청남도 서천군
2143,0,일반중학교,한산중학교,충청남도 서천군
2144,0,일반중학교,동영중학교,충청남도 청양군
2145,0,일반중학교,장평중학교,충청남도 청양군
2146,1,일반중학교,정산중학교,충청남도 청양군
2147,0,일반중학교,청남중학교,충청남도 청양군
2148,0,일반중학교,청신여자중학교,충청남도 청양군
2149,1,일반중학교,청양중학교,충청남도 청양군
2150,0,일반중학교,화성중학교,충청남도 청양군
2151,0,일반중학교,갈산중학교,충청남도 홍성군
2152,"",일반중학교,결성중학교,충청남도 홍성군
2153,0,일반중학교,광천중학교,충청남도 홍성군
2154,"",일반중학교,광흥중학교,충청남도 홍성군
2155,0,일반중학교,금마중학교,충청남도 홍성군
2156,1,일반중학교,내포중학교,충청남도 홍성군
2157,2,일반중학교,서해삼육중학교,충청남도 홍성군
2158,0,일반중학교,홍동중학교,충청남도 홍성군
2159,0,일반중학교,홍성서부중학교,충청남도 홍성군
2160,1,일반중학교,홍성여자중학교,충청남도 홍성군
2161,2,일반중학교,홍성중학교,충청남도 홍성군
2162,0,일반중학교,홍주중학교,충청남도 홍성군
2163,0,일반중학교,고덕중학교,충청남도 예산군
2164,0,일반중학교,광시중학교,충청남도 예산군
2165,0,일반중학교,대술중학교,충청남도 예산군
2166,0,일반중학교,대흥중학교,충청남도 예산군
2167,0,일반중학교,덕산중학교,충청남도 예산군
2168,0,일반중학교,삽교중학교,충청남도 예산군
2169,0,일반중학교,신암중학교,충청남도 예산군
2170,1,일반중학교,신양중학교,충청남도 예산군
2171,2,일반중학교,예산여자중학교,충청남도 예산군
2172,2,일반중학교,예산중학교,충청남도 예산군
2173,0,일반중학교,임성중학교,충청남도 예산군
2174,1,일반중학교,근흥중학교,충청남도 태안군
2175,0,일반중학교,남면중학교,충청남도 태안군
2176,0,일반중학교,만리포중학교,충청남도 태안군
2177,0,일반중학교,안면중학교,충청남도 태안군
2178,0,일반중학교,원이중학교,충청남도 태안군
2179,"",일반중학교,원이중학교이원분교장,충청남도 태안군
2180,0,일반중학교,창기중학교,충청남도 태안군
2181,2,일반중학교,태안여자중학교,충청남도 태안군
2182,1,일반중학교,태안중학교,충청남도 태안군
2183,0,일반중학교,고대중학교,충청남도 당진시
2184,7,일반중학교,당진중학교,충청남도 당진시
2185,"",일반중학교,당진중학교대호지분교장,충청남도 당진시
2186,0,일반중학교,면천중학교,충청남도 당진시
2187,0,일반중학교,서야중학교,충청남도 당진시
2188,0,일반중학교,석문중학교,충청남도 당진시
2189,0,일반중학교,송산중학교,충청남도 당진시
2190,0,일반중학교,송악중학교,충청남도 당진시
2191,0,일반중학교,순성중학교,충청남도 당진시
2192,2,일반중학교,신평중학교,충청남도 당진시
2193,5,일반중학교,원당중학교,충청남도 당진시
2194,0,일반중학교,합덕여자중학교,충청남도 당진시
2195,0,일반중학교,합덕중학교,충청남도 당진시
2196,0,일반중학교,호서중학교,충청남도 당진시
2197,"",일반중학교,서전주중학교,전라북도 전주시
2198,2,일반중학교,완산중학교,전라북도 전주시
2199,"",일반중학교,전라중학교,전라북도 전주시
2200,"",일반중학교,전북중학교,전라북도 전주시
2201,3,일반중학교,전일중학교,전라북도 전주시
2202,"",일반중학교,전주곤지중학교,전라북도 전주시
2203,"",일반중학교,전주근영중학교,전라북도 전주시
2204,3,일반중학교,전주기린중학교,전라북도 전주시
2205,6,일반중학교,전주기전중학교,전라북도 전주시
2206,"",일반중학교,전주남중학교,전라북도 전주시
2207,"",일반중학교,전주덕일중학교,전라북도 전주시
2208,"",일반중학교,전주덕진중학교,전라북도 전주시
2209,"",일반중학교,전주동중학교,전라북도 전주시
2210,6,일반중학교,전주서곡중학교,전라북도 전주시
2211,9,일반중학교,전주서신중학교,전라북도 전주시
2212,4,일반중학교,전주서중학교,전라북도 전주시
2213,"",일반중학교,전주성심여자중학교,전라북도 전주시
2214,"",일반중학교,전주솔빛중학교,전라북도 전주시
2215,"",일반중학교,전주신일중학교,전라북도 전주시
2216,"",일반중학교,전주신흥중학교,전라북도 전주시
2217,7,일반중학교,전주아중중학교,전라북도 전주시
2218,"",일반중학교,전주양지중학교,전라북도 전주시
2219,5,일반중학교,전주오송중학교,전라북도 전주시
2220,5,일반중학교,전주온고을중학교,전라북도 전주시
2221,"",일반중학교,전주온빛중학교,전라북도 전주시
2222,"",일반중학교,전주용소중학교,전라북도 전주시
2223,"",일반중학교,전주용흥중학교,전라북도 전주시
2224,5,일반중학교,전주우림중학교,전라북도 전주시
2225,"",일반중학교,전주우아중학교,전라북도 전주시
2226,6,일반중학교,전주우전중학교,전라북도 전주시
2227,"",일반중학교,전주중앙중학교,전라북도 전주시
2228,4,일반중학교,전주중학교,전라북도 전주시
2229,"",일반중학교,전주평화중학교,전라북도 전주시
2230,4,일반중학교,전주풍남중학교,전라북도 전주시
2231,3,일반중학교,전주해성중학교,전라북도 전주시
2232,2,일반중학교,전주호성중학교,전라북도 전주시
2233,"",일반중학교,전주효문여자중학교,전라북도 전주시
2234,1,일반중학교,전주효정중학교,전라북도 전주시
2235,9,일반중학교,군산금강중학교,전라북도 군산시
2236,5,일반중학교,군산남중학교,전라북도 군산시
2237,0,일반중학교,군산대성중학교,전라북도 군산시
2238,3,일반중학교,군산동산중학교,전라북도 군산시
2239,4,일반중학교,군산동원중학교,전라북도 군산시
2240,6,일반중학교,군산산북중학교,전라북도 군산시
2241,7,일반중학교,군산서흥중학교,전라북도 군산시
2242,3,일반중학교,군산영광중학교,전라북도 군산시
2243,2,일반중학교,군산월명중학교,전라북도 군산시
2244,0,일반중학교,군산자양중학교,전라북도 군산시
2245,2,일반중학교,군산제일중학교,전라북도 군산시
2246,4,일반중학교,군산중앙중학교,전라북도 군산시
2247,7,일반중학교,군산중학교,전라북도 군산시
2248,7,일반중학교,군산진포중학교,전라북도 군산시
2249,0,일반중학교,나포중학교,전라북도 군산시
2250,0,일반중학교,선유도중학교,전라북도 군산시
2251,0,일반중학교,옥구중학교,전라북도 군산시
2252,0,일반중학교,임피중학교,전라북도 군산시
2253,4,일반중학교,회현중학교,전라북도 군산시
2254,2,일반중학교,남성중학교,전라북도 익산시
2255,"",일반중학교,삼기중학교,전라북도 익산시
2256,0,일반중학교,성당중학교,전라북도 익산시
2257,"",일반중학교,여산중학교,전라북도 익산시
2258,1,일반중학교,왕궁중학교,전라북도 익산시
2259,"",일반중학교,용안중학교,전라북도 익산시
2260,1,일반중학교,웅포중학교,전라북도 익산시
2261,1,일반중학교,원광여자중학교,전라북도 익산시
2262,3,일반중학교,원광중학교,전라북도 익산시
2263,5,일반중학교,이리남성여자중학교,전라북도 익산시
2264,5,일반중학교,이리남중학교,전라북도 익산시
2265,"",일반중학교,이리동중학교,전라북도 익산시
2266,4,일반중학교,이리북중학교,전라북도 익산시
2267,4,일반중학교,이리영등중학교,전라북도 익산시
2268,2,일반중학교,이리중학교,전라북도 익산시
2269,2,일반중학교,이일여자중학교,전라북도 익산시
2270,4,일반중학교,익산부송중학교,전라북도 익산시
2271,2,일반중학교,익산부천중학교,전라북도 익산시
2272,4,일반중학교,익산어양중학교,전라북도 익산시
2273,1,일반중학교,익산중학교,전라북도 익산시
2274,3,일반중학교,익산지원중학교,전라북도 익산시
2275,0,일반중학교,진경여자중학교,전라북도 익산시
2276,"",일반중학교,함라중학교,전라북도 익산시
2277,0,일반중학교,함열여자중학교,전라북도 익산시
2278,"",일반중학교,함열중학교,전라북도 익산시
2279,0,일반중학교,황등중학교,전라북도 익산시
2280,0,일반중학교,감곡중학교,전라북도 정읍시
2281,0,일반중학교,고부중학교,전라북도 정읍시
2282,0,일반중학교,배영중학교,전라북도 정읍시
2283,0,일반중학교,산외중학교,전라북도 정읍시
2284,1,일반중학교,소성중학교,전라북도 정읍시
2285,0,일반중학교,신태인중학교,전라북도 정읍시
2286,0,일반중학교,왕신여자중학교,전라북도 정읍시
2287,0,일반중학교,이평중학교,전라북도 정읍시
2288,0,일반중학교,입암중학교,전라북도 정읍시
2289,0,일반중학교,전북동화중학교,전라북도 정읍시
2290,"",일반중학교,정산중학교,전라북도 정읍시
2291,0,일반중학교,정우중학교,전라북도 정읍시
2292,1,일반중학교,정읍여자중학교,전라북도 정읍시
2293,0,일반중학교,정읍중학교,전라북도 정읍시
2294,0,일반중학교,정일여자중학교,전라북도 정읍시
2295,0,일반중학교,칠보중학교,전라북도 정읍시
2296,0,일반중학교,태인중학교,전라북도 정읍시
2297,0,일반중학교,학산중학교,전라북도 정읍시
2298,0,일반중학교,호남중학교,전라북도 정읍시
2299,0,일반중학교,금지중학교,전라북도 남원시
2300,1,일반중학교,남원용성중학교,전라북도 남원시
2301,2,일반중학교,남원중학교,전라북도 남원시
2302,0,일반중학교,남원하늘중학교,전라북도 남원시
2303,2,일반중학교,남원한빛중학교,전라북도 남원시
2304,0,일반중학교,대강중학교,전라북도 남원시
2305,0,일반중학교,보절중학교,전라북도 남원시
2306,0,일반중학교,산내중학교,전라북도 남원시
2307,0,일반중학교,송동중학교,전라북도 남원시
2308,0,일반중학교,수지중학교,전라북도 남원시
2309,0,일반중학교,아영중학교,전라북도 남원시
2310,0,일반중학교,용북중학교,전라북도 남원시
2311,1,일반중학교,운봉중학교,전라북도 남원시
2312,0,일반중학교,인월중학교,전라북도 남원시
2313,0,일반중학교,금구중학교,전라북도 김제시
2314,0,일반중학교,금성여자중학교,전라북도 김제시
2315,0,일반중학교,김제여자중학교,전라북도 김제시
2316,1,일반중학교,김제중앙중학교,전라북도 김제시
2317,0,일반중학교,김제중학교,전라북도 김제시
2318,0,일반중학교,덕암중학교,전라북도 김제시
2319,0,일반중학교,동국대학교사범대학부속금산중학교,전라북도 김제시
2320,0,일반중학교,만경여자중학교,전라북도 김제시
2321,0,일반중학교,만경중학교,전라북도 김제시
2322,0,일반중학교,봉남중학교,전라북도 김제시
2323,0,일반중학교,용지중학교,전라북도 김제시
2324,0,일반중학교,지평선중학교,전라북도 김제시
2325,0,일반중학교,청하중학교,전라북도 김제시
2326,0,일반중학교,고산중학교,전라북도 완주군
2327,1,일반중학교,구이중학교,전라북도 완주군
2328,4,일반중학교,봉서중학교,전라북도 완주군
2329,1,일반중학교,삼례여자중학교,전라북도 완주군
2330,0,일반중학교,삼례중학교,전라북도 완주군
2331,0,일반중학교,삼우중학교,전라북도 완주군
2332,0,일반중학교,상관중학교,전라북도 완주군
2333,0,일반중학교,소양중학교,전라북도 완주군
2334,0,일반중학교,완주중학교,전라북도 완주군
2335,0,일반중학교,용진중학교,전라북도 완주군
2336,0,일반중학교,운주중학교,전라북도 완주군
2337,0,체육중학교,전북체육중학교,전라북도 완주군
2338,0,예술중학교,전주예술중학교,전라북도 완주군
2339,5,일반중학교,화산중학교,전라북도 완주군
2340,0,일반중학교,동향중학교,전라북도 진안군
2341,0,일반중학교,마령중학교,전라북도 진안군
2342,0,일반중학교,백운중학교,전라북도 진안군
2343,0,일반중학교,부귀중학교,전라북도 진안군
2344,0,일반중학교,안천중학교,전라북도 진안군
2345,0,일반중학교,용담중학교,전라북도 진안군
2346,0,일반중학교,주천중학교,전라북도 진안군
2347,0,일반중학교,진성중학교,전라북도 진안군
2348,0,일반중학교,진안여자중학교,전라북도 진안군
2349,2,일반중학교,진안중학교,전라북도 진안군
2350,0,일반중학교,무주중학교,전라북도 무주군
2351,0,일반중학교,무풍중학교,전라북도 무주군
2352,0,일반중학교,부남중학교,전라북도 무주군
2353,0,일반중학교,설천중학교,전라북도 무주군
2354,1,일반중학교,안성중학교,전라북도 무주군
2355,0,일반중학교,적상중학교,전라북도 무주군
2356,0,일반중학교,계남중학교,전라북도 장수군
2357,0,일반중학교,계북중학교,전라북도 장수군
2358,0,일반중학교,번암중학교,전라북도 장수군
2359,0,일반중학교,산서중학교,전라북도 장수군
2360,0,일반중학교,장계중학교,전라북도 장수군
2361,0,일반중학교,장수중학교,전라북도 장수군
2362,0,일반중학교,천천중학교,전라북도 장수군
2363,0,일반중학교,관촌중학교,전라북도 임실군
2364,0,일반중학교,삼계중학교,전라북도 임실군
2365,0,일반중학교,섬진중학교,전라북도 임실군
2366,0,일반중학교,성수중학교,전라북도 임실군
2367,0,일반중학교,오수중학교,전라북도 임실군
2368,0,일반중학교,운암중학교,전라북도 임실군
2369,0,일반중학교,임실동중학교,전라북도 임실군
2370,0,일반중학교,지사중학교,전라북도 임실군
2371,0,일반중학교,청웅중학교,전라북도 임실군
2372,0,일반중학교,구림중학교,전라북도 순창군
2373,0,일반중학교,동계중학교,전라북도 순창군
2374,0,일반중학교,복흥중학교,전라북도 순창군
2375,0,일반중학교,순창북중학교,전라북도 순창군
2376,0,일반중학교,순창여자중학교,전라북도 순창군
2377,0,일반중학교,순창중학교,전라북도 순창군
2378,0,일반중학교,쌍치중학교,전라북도 순창군
2379,0,일반중학교,고창남중학교,전라북도 고창군
2380,1,일반중학교,고창북중학교,전라북도 고창군
2381,1,일반중학교,고창여자중학교,전라북도 고창군
2382,0,일반중학교,고창중학교,전라북도 고창군
2383,0,일반중학교,공음중학교,전라북도 고창군
2384,0,일반중학교,대성중학교,전라북도 고창군
2385,0,일반중학교,상하중학교,전라북도 고창군
2386,0,일반중학교,성내중학교,전라북도 고창군
2387,0,일반중학교,신림중학교,전라북도 고창군
2388,0,일반중학교,심원중학교,전라북도 고창군
2389,0,일반중학교,아산중학교,전라북도 고창군
2390,3,일반중학교,영선중학교,전라북도 고창군
2391,0,일반중학교,해리중학교,전라북도 고창군
2392,0,일반중학교,흥덕중학교,전라북도 고창군
2393,0,일반중학교,계화중학교,전라북도 부안군
2394,0,일반중학교,백산중학교,전라북도 부안군
2395,0,일반중학교,변산서중학교,전라북도 부안군
2396,0,일반중학교,변산중학교,전라북도 부안군
2397,0,일반중학교,보안중학교,전라북도 부안군
2398,2,일반중학교,부안여자중학교,전라북도 부안군
2399,0,일반중학교,부안중학교,전라북도 부안군
2400,0,일반중학교,삼남중학교,전라북도 부안군
2401,0,일반중학교,상서중학교,전라북도 부안군
2402,0,일반중학교,위도중학교,전라북도 부안군
2403,0,일반중학교,주산중학교,전라북도 부안군
2404,0,일반중학교,줄포중학교,전라북도 부안군
2405,0,일반중학교,하서중학교,전라북도 부안군
2406,0,일반중학교,목포덕인중학교,전라남도 목포시
2407,6,일반중학교,목포애향중학교,전라남도 목포시
2408,1,일반중학교,목포여자중학교,전라남도 목포시
2409,0,일반중학교,목포영화중학교,전라남도 목포시
2410,3,일반중학교,목포옥암중학교,전라남도 목포시
2411,1,일반중학교,목포유달중학교,전라남도 목포시
2412,2,일반중학교,목포정명여자중학교,전라남도 목포시
2413,2,일반중학교,목포제일중학교,전라남도 목포시
2414,1,일반중학교,목포중앙여자중학교,전라남도 목포시
2415,3,일반중학교,목포청호중학교,전라남도 목포시
2416,1,일반중학교,목포하당중학교,전라남도 목포시
2417,0,일반중학교,목포항도여자중학교,전라남도 목포시
2418,0,일반중학교,목포혜인여자중학교,전라남도 목포시
2419,1,일반중학교,목포홍일중학교,전라남도 목포시
2420,3,일반중학교,문태중학교,전라남도 목포시
2421,0,일반중학교,영흥중학교,전라남도 목포시
2422,0,일반중학교,거문중학교,전라남도 여수시
2423,"",일반중학교,거문중학교초도분교장,전라남도 여수시
2424,0,일반중학교,돌산중앙중학교,전라남도 여수시
2425,0,일반중학교,돌산중학교,전라남도 여수시
2426,2,일반중학교,무선중학교,전라남도 여수시
2427,1,일반중학교,안산중학교,전라남도 여수시
2428,0,일반중학교,여남중학교,전라남도 여수시
2429,3,일반중학교,여도중학교,전라남도 여수시
2430,3,일반중학교,여선중학교,전라남도 여수시
2431,0,일반중학교,여수개도중학교,전라남도 여수시
2432,0,일반중학교,여수구봉중학교,전라남도 여수시
2433,0,일반중학교,여수문수중학교,전라남도 여수시
2434,0,일반중학교,여수삼일중학교,전라남도 여수시
2435,"",일반중학교,여수여자중학교,전라남도 여수시
2436,"",일반중학교,여수웅천중학교,전라남도 여수시
2437,1,일반중학교,여수종고중학교,전라남도 여수시
2438,"",일반중학교,여수중앙여자중학교,전라남도 여수시
2439,0,일반중학교,여수중학교,전라남도 여수시
2440,"",일반중학교,여안초등학교여남중학교안도분교장,전라남도 여수시
2441,0,일반중학교,여양중학교,전라남도 여수시
2442,1,일반중학교,여천중학교,전라남도 여수시
2443,"",일반중학교,율촌중학교,전라남도 여수시
2444,0,일반중학교,진남여자중학교,전라남도 여수시
2445,"",일반중학교,진성여자중학교,전라남도 여수시
2446,0,일반중학교,충덕중학교,전라남도 여수시
2447,"",일반중학교,화양중학교,전라남도 여수시
2448,"",일반중학교,화양중학교화양남분교장,전라남도 여수시
2449,"",일반중학교,화태초등학교돌산중학교화태분교장,전라남도 여수시
2450,1,일반중학교,순천금당중학교,전라남도 순천시
2451,0,일반중학교,순천낙안중학교,전라남도 순천시
2452,0,일반중학교,순천남산중학교,전라남도 순천시
2453,3,일반중학교,순천동산여자중학교,전라남도 순천시
2454,5,일반중학교,순천매산중학교,전라남도 순천시
2455,1,일반중학교,순천별량중학교,전라남도 순천시
2456,1,일반중학교,순천삼산중학교,전라남도 순천시
2457,0,일반중학교,순천승남중학교,전라남도 순천시
2458,"",일반중학교,순천승남중학교외서분교장,전라남도 순천시
2459,"",일반중학교,순천승주중학교,전라남도 순천시
2460,1,일반중학교,순천승평중학교,전라남도 순천시
2461,3,일반중학교,순천신흥중학교,전라남도 순천시
2462,1,일반중학교,순천여자중학교,전라남도 순천시
2463,2,일반중학교,순천연향중학교,전라남도 순천시
2464,3,일반중학교,순천왕운중학교,전라남도 순천시
2465,1,일반중학교,순천왕의중학교,전라남도 순천시
2466,0,일반중학교,순천월전중학교,전라남도 순천시
2467,1,일반중학교,순천이수중학교,전라남도 순천시
2468,0,일반중학교,순천주암중학교,전라남도 순천시
2469,1,일반중학교,순천팔마중학교,전라남도 순천시
2470,1,일반중학교,순천풍덕중학교,전라남도 순천시
2471,1,일반중학교,순천향림중학교,전라남도 순천시
2472,"",일반중학교,한국바둑중학교,전라남도 순천시
2473,1,일반중학교,금성중학교,전라남도 나주시
2474,0,일반중학교,나주공산중학교,전라남도 나주시
2475,0,일반중학교,나주금천중학교,전라남도 나주시
2476,0,일반중학교,나주다시중학교,전라남도 나주시
2477,0,일반중학교,나주동강중학교,전라남도 나주시
2478,0,일반중학교,나주문평중학교,전라남도 나주시
2479,0,일반중학교,나주반남중학교,전라남도 나주시
2480,2,일반중학교,나주봉황중학교,전라남도 나주시
2481,3,일반중학교,나주중학교,전라남도 나주시
2482,3,일반중학교,남평중학교,전라남도 나주시
2483,"",일반중학교,남평중학교다도분교장,전라남도 나주시
2484,0,일반중학교,노안중학교,전라남도 나주시
2485,7,일반중학교,빛가람중학교,전라남도 나주시
2486,1,일반중학교,세지중학교,전라남도 나주시
2487,0,일반중학교,영산중학교,전라남도 나주시
2488,0,일반중학교,영산포여자중학교,전라남도 나주시
2489,0,일반중학교,광양골약중학교,전라남도 광양시
2490,0,일반중학교,광양다압중학교,전라남도 광양시
2491,0,일반중학교,광양마동중학교,전라남도 광양시
2492,2,일반중학교,광양백운중학교,전라남도 광양시
2493,0,일반중학교,광양여자중학교,전라남도 광양시
2494,0,일반중학교,광양용강중학교,전라남도 광양시
2495,2,일반중학교,광양제철중학교,전라남도 광양시
2496,0,일반중학교,광양중동중학교,전라남도 광양시
2497,0,일반중학교,광양중학교,전라남도 광양시
2498,0,일반중학교,광양진월중학교,전라남도 광양시
2499,0,일반중학교,광영중학교,전라남도 광양시
2500,3,일반중학교,동광양중학교,전라남도 광양시
2501,0,일반중학교,옥곡중학교,전라남도 광양시
2502,0,일반중학교,진상중학교,전라남도 광양시
2503,0,일반중학교,담양고서중학교,전라남도 담양군
2504,0,일반중학교,담양금성중학교,전라남도 담양군
2505,0,일반중학교,담양수북중학교,전라남도 담양군
2506,0,일반중학교,담양여자중학교,전라남도 담양군
2507,1,일반중학교,담양중학교,전라남도 담양군
2508,1,일반중학교,창평중학교,전라남도 담양군
2509,0,일반중학교,한재중학교,전라남도 담양군
2510,0,일반중학교,곡성중학교,전라남도 곡성군
2511,0,일반중학교,석곡중학교,전라남도 곡성군
2512,0,일반중학교,옥과중학교,전라남도 곡성군
2513,1,일반중학교,구례동중학교,전라남도 구례군
2514,0,일반중학교,구례북중학교,전라남도 구례군
2515,0,일반중학교,구례산동중학교,전라남도 구례군
2516,1,일반중학교,구례여자중학교,전라남도 구례군
2517,2,일반중학교,구례중학교,전라남도 구례군
2518,0,일반중학교,고흥과역중학교,전라남도 고흥군
2519,1,일반중학교,고흥남양중학교,전라남도 고흥군
2520,0,일반중학교,고흥대서중학교,전라남도 고흥군
2521,0,일반중학교,고흥도덕중학교,전라남도 고흥군
2522,0,일반중학교,고흥도화중학교,전라남도 고흥군
2523,0,일반중학교,고흥백양중학교,전라남도 고흥군
2524,0,일반중학교,고흥여자중학교,전라남도 고흥군
2525,0,일반중학교,고흥점암중앙중학교,전라남도 고흥군
2526,1,일반중학교,고흥중학교,전라남도 고흥군
2527,0,일반중학교,고흥풍양중학교,전라남도 고흥군
2528,0,일반중학교,금산중학교,전라남도 고흥군
2529,0,일반중학교,녹동중학교,전라남도 고흥군
2530,0,일반중학교,동강중학교,전라남도 고흥군
2531,0,일반중학교,봉래중학교,전라남도 고흥군
2532,0,일반중학교,포두중학교,전라남도 고흥군
2533,0,일반중학교,득량중학교,전라남도 보성군
2534,0,일반중학교,벌교여자중학교,전라남도 보성군
2535,0,일반중학교,벌교중학교,전라남도 보성군
2536,0,일반중학교,보성복내중학교,전라남도 보성군
2537,0,일반중학교,보성여자중학교,전라남도 보성군
2538,0,일반중학교,보성중학교,전라남도 보성군
2539,0,일반중학교,보성회천중학교,전라남도 보성군
2540,0,일반중학교,삼광중학교,전라남도 보성군
2541,0,일반중학교,예당중학교,전라남도 보성군
2542,2,일반중학교,용정중학교,전라남도 보성군
2543,0,일반중학교,조성중학교,전라남도 보성군
2544,0,일반중학교,능주중학교,전라남도 화순군
2545,0,일반중학교,화순도곡중학교,전라남도 화순군
2546,0,일반중학교,화순도암중학교,전라남도 화순군
2547,0,일반중학교,화순동면중학교,전라남도 화순군
2548,0,일반중학교,화순동복중학교,전라남도 화순군
2549,0,일반중학교,화순북면중학교,전라남도 화순군
2550,0,일반중학교,화순사평중학교,전라남도 화순군
2551,0,일반중학교,화순이양중학교,전라남도 화순군
2552,2,일반중학교,화순제일중학교,전라남도 화순군
2553,6,일반중학교,화순중학교,전라남도 화순군
2554,0,일반중학교,대덕중학교,전라남도 장흥군
2555,1,일반중학교,장흥관산중학교,전라남도 장흥군
2556,0,일반중학교,장흥안양중학교,전라남도 장흥군
2557,2,일반중학교,장흥여자중학교,전라남도 장흥군
2558,0,일반중학교,장흥용산중학교,전라남도 장흥군
2559,0,일반중학교,장흥유치중학교,전라남도 장흥군
2560,0,일반중학교,장흥장평중학교,전라남도 장흥군
2561,0,일반중학교,장흥중학교,전라남도 장흥군
2562,0,일반중학교,장흥회덕중학교,전라남도 장흥군
2563,0,일반중학교,강진대구중학교,전라남도 강진군
2564,0,일반중학교,강진여자중학교,전라남도 강진군
2565,0,일반중학교,강진작천중학교,전라남도 강진군
2566,0,일반중학교,강진중학교,전라남도 강진군
2567,0,일반중학교,강진칠량중학교,전라남도 강진군
2568,0,일반중학교,도암중학교,전라남도 강진군
2569,0,일반중학교,병영중학교,전라남도 강진군
2570,0,일반중학교,성전중학교,전라남도 강진군
2571,0,일반중학교,청람중학교,전라남도 강진군
2572,0,일반중학교,두륜중학교,전라남도 해남군
2573,0,일반중학교,북평중학교,전라남도 해남군
2574,0,일반중학교,산이중학교,전라남도 해남군
2575,0,일반중학교,송지중학교,전라남도 해남군
2576,1,일반중학교,우수영중학교,전라남도 해남군
2577,0,일반중학교,해남제일중학교,전라남도 해남군
2578,4,일반중학교,해남중학교,전라남도 해남군
2579,0,일반중학교,현산중학교,전라남도 해남군
2580,0,일반중학교,화산중학교,전라남도 해남군
2581,0,일반중학교,화원중학교,전라남도 해남군
2582,0,일반중학교,황산중학교,전라남도 해남군
2583,0,일반중학교,구림중학교,전라남도 영암군
2584,1,일반중학교,삼호서중학교,전라남도 영암군
2585,0,일반중학교,삼호중학교,전라남도 영암군
2586,0,일반중학교,시종중학교,전라남도 영암군
2587,1,일반중학교,신북중학교,전라남도 영암군
2588,0,일반중학교,영암금정중학교,전라남도 영암군
2589,0,일반중학교,영암낭주중학교,전라남도 영암군
2590,0,일반중학교,영암도포중학교,전라남도 영암군
2591,0,일반중학교,영암미암중학교,전라남도 영암군
2592,0,일반중학교,영암서호중학교,전라남도 영암군
2593,0,일반중학교,영암여자중학교,전라남도 영암군
2594,0,일반중학교,영암중학교,전라남도 영암군
2595,1,일반중학교,남악중학교,전라남도 무안군
2596,0,일반중학교,망운중학교,전라남도 무안군
2597,1,일반중학교,무안몽탄중학교,전라남도 무안군
2598,0,일반중학교,무안북중학교,전라남도 무안군
2599,0,일반중학교,무안중학교,전라남도 무안군
2600,2,일반중학교,무안청계중학교,전라남도 무안군
2601,1,일반중학교,무안현경중학교,전라남도 무안군
2602,2,일반중학교,오룡중학교,전라남도 무안군
2603,0,체육중학교,전남체육중학교,전라남도 무안군
2604,0,일반중학교,해제중학교,전라남도 무안군
2605,"",일반중학교,나산실용예술중학교,전라남도 함평군
2606,"",일반중학교,나산중학교,전라남도 함평군
2607,"",일반중학교,학다리중학교,전라남도 함평군
2608,0,일반중학교,함평손불중학교,전라남도 함평군
2609,0,일반중학교,함평신광중학교,전라남도 함평군
2610,0,일반중학교,함평여자중학교,전라남도 함평군
2611,0,일반중학교,함평월야중학교,전라남도 함평군
2612,0,일반중학교,함평중학교,전라남도 함평군
2613,0,일반중학교,함평해보중학교,전라남도 함평군
2614,0,일반중학교,법성중학교,전라남도 영광군
2615,3,일반중학교,성지송학중학교,전라남도 영광군
2616,0,일반중학교,영광군남중학교,전라남도 영광군
2617,0,일반중학교,영광대마중학교,전라남도 영광군
2618,2,일반중학교,영광백수중학교,전라남도 영광군
2619,1,일반중학교,영광여자중학교,전라남도 영광군
2620,0,일반중학교,영광염산중학교,전라남도 영광군
2621,2,일반중학교,영광중학교,전라남도 영광군
2622,0,일반중학교,영광홍농중학교,전라남도 영광군
2623,1,일반중학교,해룡중학교,전라남도 영광군
2624,1,일반중학교,삼계중학교,전라남도 장성군
2625,"",일반중학교,약수중학교,전라남도 장성군
2626,1,일반중학교,장성남중학교,전라남도 장성군
2627,2,일반중학교,장성백암중학교,전라남도 장성군
2628,0,일반중학교,장성삼서중학교,전라남도 장성군
2629,1,일반중학교,장성여자중학교,전라남도 장성군
2630,0,일반중학교,장성중학교,전라남도 장성군
2631,0,일반중학교,장성황룡중학교,전라남도 장성군
2632,0,일반중학교,고금중학교,전라남도 완도군
2633,0,일반중학교,군외중학교,전라남도 완도군
2634,0,일반중학교,금당중학교,전라남도 완도군
2635,0,일반중학교,금일중학교,전라남도 완도군
2636,"",일반중학교,금일중학교생일분교장,전라남도 완도군
2637,"",일반중학교,넙도초등학교노화중학교넙도분교장,전라남도 완도군
2638,0,일반중학교,노화중학교,전라남도 완도군
2639,0,일반중학교,소안중학교,전라남도 완도군
2640,0,일반중학교,약산중학교,전라남도 완도군
2641,0,일반중학교,완도보길중학교,전라남도 완도군
2642,3,일반중학교,완도신지중학교,전라남도 완도군
2643,1,일반중학교,완도여자중학교,전라남도 완도군
2644,0,일반중학교,완도중학교,전라남도 완도군
2645,0,일반중학교,청산중학교,전라남도 완도군
2646,0,일반중학교,고성중학교,전라남도 진도군
2647,0,일반중학교,석교중학교,전라남도 진도군
2648,0,일반중학교,의신중학교,전라남도 진도군
2649,0,일반중학교,조도중학교,전라남도 진도군
2650,0,일반중학교,진도군내중학교,전라남도 진도군
2651,0,일반중학교,진도중학교,전라남도 진도군
2652,0,일반중학교,진도지산중학교,전라남도 진도군
2653,"",일반중학교,가거도초등학교신안흑산중학교가거도분교장,전라남도 신안군
2654,0,일반중학교,비금중학교,전라남도 신안군
2655,0,일반중학교,신안신의중학교,전라남도 신안군
2656,0,일반중학교,신안증도중학교,전라남도 신안군
2657,0,일반중학교,신안흑산중학교,전라남도 신안군
2658,0,일반중학교,안좌중학교,전라남도 신안군
2659,"",일반중학교,안좌중학교팔금분교장,전라남도 신안군
2660,0,일반중학교,암태중학교,전라남도 신안군
2661,0,일반중학교,압해중학교,전라남도 신안군
2662,1,일반중학교,임자중학교,전라남도 신안군
2663,0,일반중학교,자은중학교,전라남도 신안군
2664,0,일반중학교,장산중학교,전라남도 신안군
2665,0,일반중학교,지명중학교,전라남도 신안군
2666,0,일반중학교,하의중학교,전라남도 신안군
2667,"",일반중학교,구룡포중학교,경상북도 포항시
2668,0,일반중학교,기계중학교,경상북도 포항시
2669,"",일반중학교,기계중학교기북분교장,경상북도 포항시
2670,"",일반중학교,기계중학교상옥분교장,경상북도 포항시
2671,3,일반중학교,대도중학교,경상북도 포항시
2672,"",일반중학교,대동중학교,경상북도 포항시
2673,"",일반중학교,대보중학교,경상북도 포항시
2674,"",일반중학교,대송중학교,경상북도 포항시
2675,"",일반중학교,대흥중학교,경상북도 포항시
2676,"",일반중학교,동지여자중학교,경상북도 포항시
2677,"",일반중학교,동지중학교,경상북도 포항시
2678,"",일반중학교,상도중학교,경상북도 포항시
2679,"",일반중학교,서포중학교,경상북도 포항시
2680,"",일반중학교,송도중학교,경상북도 포항시
2681,0,일반중학교,송라중학교,경상북도 포항시
2682,"",일반중학교,신광중학교,경상북도 포항시
2683,"",일반중학교,신흥중학교,경상북도 포항시
2684,"",일반중학교,양덕중학교,경상북도 포항시
2685,1,일반중학교,양학중학교,경상북도 포항시
2686,"",일반중학교,영일중학교,경상북도 포항시
2687,"",일반중학교,오천중학교,경상북도 포항시
2688,"",일반중학교,용흥중학교,경상북도 포항시
2689,"",일반중학교,유강중학교,경상북도 포항시
2690,"",일반중학교,장기중학교,경상북도 포항시
2691,1,일반중학교,장흥중학교,경상북도 포항시
2692,"",일반중학교,창포중학교,경상북도 포항시
2693,"",일반중학교,청하중학교,경상북도 포항시
2694,"",일반중학교,포항동해중학교,경상북도 포항시
2695,1,일반중학교,포항여자중학교,경상북도 포항시
2696,"",일반중학교,포항영신중학교,경상북도 포항시
2697,6,일반중학교,포항이동중학교,경상북도 포항시
2698,"",일반중학교,포항제철중학교,경상북도 포항시
2699,1,일반중학교,포항중학교,경상북도 포항시
2700,"",일반중학교,포항포은중학교,경상북도 포항시
2701,1,일반중학교,포항항도중학교,경상북도 포항시
2702,13,일반중학교,환호여자중학교,경상북도 포항시
2703,2,일반중학교,흥해중학교,경상북도 포항시
2704,0,일반중학교,감포중학교,경상북도 경주시
2705,4,일반중학교,경주여자중학교,경상북도 경주시
2706,1,일반중학교,경주중학교,경상북도 경주시
2707,2,일반중학교,계림중학교,경상북도 경주시
2708,2,일반중학교,근화여자중학교,경상북도 경주시
2709,0,일반중학교,무산중학교,경상북도 경주시
2710,1,일반중학교,문화중학교,경상북도 경주시
2711,0,일반중학교,불국중학교,경상북도 경주시
2712,0,일반중학교,산내중학교,경상북도 경주시
2713,4,일반중학교,서라벌여자중학교,경상북도 경주시
2714,1,일반중학교,선덕여자중학교,경상북도 경주시
2715,2,일반중학교,신라중학교,경상북도 경주시
2716,0,일반중학교,아화중학교,경상북도 경주시
2717,1,일반중학교,안강여자중학교,경상북도 경주시
2718,5,일반중학교,안강중학교,경상북도 경주시
2719,0,일반중학교,양남중학교,경상북도 경주시
2720,0,일반중학교,양북중학교,경상북도 경주시
2721,0,일반중학교,외동중학교,경상북도 경주시
2722,3,일반중학교,월성중학교,경상북도 경주시
2723,2,일반중학교,화랑중학교,경상북도 경주시
2724,0,일반중학교,감문중학교,경상북도 김천시
2725,0,일반중학교,개령중학교,경상북도 김천시
2726,2,일반중학교,김천석천중학교,경상북도 김천시
2727,3,일반중학교,김천여자중학교,경상북도 김천시
2728,2,일반중학교,김천중앙중학교,경상북도 김천시
2729,1,일반중학교,김천중학교,경상북도 김천시
2730,2,일반중학교,문성중학교,경상북도 김천시
2731,0,일반중학교,성의여자중학교,경상북도 김천시
2732,1,일반중학교,성의중학교,경상북도 김천시
2733,0,일반중학교,아포중학교,경상북도 김천시
2734,1,일반중학교,어모중학교,경상북도 김천시
2735,1,일반중학교,율곡중학교,경상북도 김천시
2736,0,일반중학교,지품천중학교,경상북도 김천시
2737,2,일반중학교,한일여자중학교,경상북도 김천시
2738,2,일반중학교,경덕중학교,경상북도 안동시
2739,0,일반중학교,경안여자중학교,경상북도 안동시
2740,3,일반중학교,경안중학교,경상북도 안동시
2741,0,일반중학교,길안중학교,경상북도 안동시
2742,5,일반중학교,길주중학교,경상북도 안동시
2743,"",일반중학교,길주중학교녹전분교장,경상북도 안동시
2744,"",일반중학교,도산중학교,경상북도 안동시
2745,1,일반중학교,복주여자중학교,경상북도 안동시
2746,0,일반중학교,북후중학교,경상북도 안동시
2747,0,일반중학교,안동여자중학교,경상북도 안동시
2748,1,일반중학교,안동중학교,경상북도 안동시
2749,"",일반중학교,안동중학교와룡분교장,경상북도 안동시
2750,"",일반중학교,안동중학교인계분교장,경상북도 안동시
2751,"",일반중학교,웅부중학교,경상북도 안동시
2752,0,일반중학교,일직중학교,경상북도 안동시
2753,"",일반중학교,임동중학교,경상북도 안동시
2754,0,일반중학교,풍산중학교,경상북도 안동시
2755,0,일반중학교,풍천중학교,경상북도 안동시
2756,"",일반중학교,경구중학교,경상북도 구미시
2757,4,일반중학교,광평중학교,경상북도 구미시
2758,0,일반중학교,구미신평중학교,경상북도 구미시
2759,2,일반중학교,구미여자중학교,경상북도 구미시
2760,1,일반중학교,구미중학교,경상북도 구미시
2761,6,일반중학교,금오중학교,경상북도 구미시
2762,"",일반중학교,도개중학교,경상북도 구미시
2763,3,일반중학교,도송중학교,경상북도 구미시
2764,"",일반중학교,무을중학교,경상북도 구미시
2765,7,일반중학교,봉곡중학교,경상북도 구미시
2766,"",일반중학교,산동중학교,경상북도 구미시
2767,9,일반중학교,상모중학교,경상북도 구미시
2768,3,일반중학교,선산중학교,경상북도 구미시
2769,6,일반중학교,선주중학교,경상북도 구미시
2770,3,일반중학교,송정여자중학교,경상북도 구미시
2771,"",일반중학교,오상중학교,경상북도 구미시
2772,1,일반중학교,오태중학교,경상북도 구미시
2773,5,일반중학교,옥계동부중학교,경상북도 구미시
2774,4,일반중학교,옥계중학교,경상북도 구미시
2775,2,일반중학교,인동중학교,경상북도 구미시
2776,"",일반중학교,진평중학교,경상북도 구미시
2777,7,일반중학교,천생중학교,경상북도 구미시
2778,"",일반중학교,해마루중학교,경상북도 구미시
2779,"",일반중학교,해평중학교,경상북도 구미시
2780,0,일반중학교,현일중학교,경상북도 구미시
2781,8,일반중학교,형곡중학교,경상북도 구미시
2782,5,일반중학교,형남중학교,경상북도 구미시
2783,0,일반중학교,금계중학교,경상북도 영주시
2784,0,일반중학교,단산중학교,경상북도 영주시
2785,0,일반중학교,대영중학교,경상북도 영주시
2786,1,일반중학교,동산여자중학교,경상북도 영주시
2787,0,일반중학교,부석중학교,경상북도 영주시
2788,"",일반중학교,소수중학교,경상북도 영주시
2789,0,일반중학교,영광여자중학교,경상북도 영주시
2790,0,일반중학교,영광중학교,경상북도 영주시
2791,0,일반중학교,영주여자중학교,경상북도 영주시
2792,1,일반중학교,영주중학교,경상북도 영주시
2793,0,일반중학교,풍기중학교,경상북도 영주시
2794,0,일반중학교,금호여자중학교,경상북도 영천시
2795,0,일반중학교,금호중학교,경상북도 영천시
2796,0,일반중학교,별빛중학교,경상북도 영천시
2797,0,일반중학교,산동중학교,경상북도 영천시
2798,1,일반중학교,성남여자중학교,경상북도 영천시
2799,0,일반중학교,신녕중학교,경상북도 영천시
2800,1,일반중학교,영동중학교,경상북도 영천시
2801,0,일반중학교,영안중학교,경상북도 영천시
2802,0,일반중학교,영천여자중학교,경상북도 영천시
2803,1,일반중학교,영천중학교,경상북도 영천시
2804,0,일반중학교,청통중학교,경상북도 영천시
2805,0,일반중학교,화산중학교,경상북도 영천시
2806,0,일반중학교,낙동중학교,경상북도 상주시
2807,1,일반중학교,낙운중학교,경상북도 상주시
2808,"",일반중학교,남산중학교,경상북도 상주시
2809,2,일반중학교,내서중학교,경상북도 상주시
2810,0,일반중학교,모서중학교,경상북도 상주시
2811,3,일반중학교,상주여자중학교,경상북도 상주시
2812,"",일반중학교,상주중학교,경상북도 상주시
2813,0,일반중학교,상지여자중학교,경상북도 상주시
2814,0,일반중학교,성신여자중학교,경상북도 상주시
2815,0,일반중학교,용운중학교,경상북도 상주시
2816,0,일반중학교,은척중학교,경상북도 상주시
2817,0,일반중학교,중모중학교,경상북도 상주시
2818,0,일반중학교,청리중학교,경상북도 상주시
2819,0,일반중학교,함창중학교,경상북도 상주시
2820,1,일반중학교,화동중학교,경상북도 상주시
2821,0,일반중학교,화령중학교,경상북도 상주시
2822,0,일반중학교,화북중학교,경상북도 상주시
2823,0,일반중학교,가은중학교,경상북도 문경시
2824,0,일반중학교,동로중학교,경상북도 문경시
2825,1,일반중학교,마성중학교,경상북도 문경시
2826,1,일반중학교,문경서중학교,경상북도 문경시
2827,3,일반중학교,문경여자중학교,경상북도 문경시
2828,0,일반중학교,문경중학교,경상북도 문경시
2829,1,일반중학교,산북중학교,경상북도 문경시
2830,0,일반중학교,산양중학교,경상북도 문경시
2831,0,일반중학교,점촌중학교,경상북도 문경시
2832,0,체육중학교,경북체육중학교,경상북도 경산시
2833,1,일반중학교,경산여자중학교,경상북도 경산시
2834,0,일반중학교,경산중학교,경상북도 경산시
2835,1,일반중학교,대구가톨릭대학교사범대학부속무학중학교,경상북도 경산시
2836,1,일반중학교,문명중학교,경상북도 경산시
2837,3,일반중학교,사동중학교,경상북도 경산시
2838,0,일반중학교,삼성현중학교,경상북도 경산시
2839,4,일반중학교,신상중학교,경상북도 경산시
2840,0,일반중학교,용성중학교,경상북도 경산시
2841,0,일반중학교,자인여자중학교,경상북도 경산시
2842,1,일반중학교,자인중학교,경상북도 경산시
2843,7,일반중학교,장산중학교,경상북도 경산시
2844,"",일반중학교,진량중학교,경상북도 경산시
2845,0,일반중학교,하양여자중학교,경상북도 경산시
2846,0,일반중학교,군위중학교,경상북도 군위군
2847,"",일반중학교,군위중학교우보분교장,경상북도 군위군
2848,0,일반중학교,부계중학교,경상북도 군위군
2849,0,일반중학교,의흥중학교,경상북도 군위군
2850,0,일반중학교,효령중학교,경상북도 군위군
2851,0,일반중학교,경북중부중학교,경상북도 의성군
2852,0,일반중학교,금성중학교,경상북도 의성군
2853,0,일반중학교,다인중학교,경상북도 의성군
2854,0,일반중학교,봉양중학교,경상북도 의성군
2855,0,일반중학교,삼성중학교,경상북도 의성군
2856,0,일반중학교,안계중학교,경상북도 의성군
2857,0,일반중학교,옥산중학교,경상북도 의성군
2858,1,일반중학교,의성여자중학교,경상북도 의성군
2859,1,일반중학교,의성중학교,경상북도 의성군
2860,0,일반중학교,탑리여자중학교,경상북도 의성군
2861,0,일반중학교,구천중학교,경상북도 청송군
2862,0,일반중학교,안덕중학교,경상북도 청송군
2863,0,일반중학교,진보중학교,경상북도 청송군
2864,0,일반중학교,진성중학교,경상북도 청송군
2865,0,일반중학교,청송여자중학교,경상북도 청송군
2866,0,일반중학교,청송중학교,경상북도 청송군
2867,"",일반중학교,청송중학교부동분교장,경상북도 청송군
2868,0,일반중학교,현동중학교,경상북도 청송군
2869,0,일반중학교,현서중학교,경상북도 청송군
2870,0,일반중학교,석보중학교,경상북도 영양군
2871,0,일반중학교,수비중학교,경상북도 영양군
2872,0,일반중학교,영양여자중학교,경상북도 영양군
2873,0,일반중학교,영양중학교,경상북도 영양군
2874,"",일반중학교,영양중학교입암분교장,경상북도 영양군
2875,0,일반중학교,강구중학교,경상북도 영덕군
2876,0,일반중학교,남정중학교,경상북도 영덕군
2877,0,일반중학교,병곡중학교,경상북도 영덕군
2878,0,일반중학교,영덕여자중학교,경상북도 영덕군
2879,0,일반중학교,영덕중학교,경상북도 영덕군
2880,4,일반중학교,영해중학교,경상북도 영덕군
2881,0,일반중학교,지품중학교,경상북도 영덕군
2882,0,일반중학교,축산중학교,경상북도 영덕군
2883,0,일반중학교,금천중학교,경상북도 청도군
2884,0,일반중학교,매전중학교,경상북도 청도군
2885,0,일반중학교,모계중학교,경상북도 청도군
2886,1,일반중학교,이서중학교,경상북도 청도군
2887,0,일반중학교,청도중학교,경상북도 청도군
2888,0,일반중학교,풍각중학교,경상북도 청도군
2889,"",일반중학교,풍각중학교각북분교장,경상북도 청도군
2890,1,일반중학교,고령중학교,경상북도 고령군
2891,"",일반중학교,고령중학교개진분교장,경상북도 고령군
2892,2,일반중학교,다산중학교,경상북도 고령군
2893,0,일반중학교,성산중학교,경상북도 고령군
2894,0,일반중학교,쌍림중학교,경상북도 고령군
2895,0,일반중학교,우곡중학교,경상북도 고령군
2896,0,일반중학교,명인중학교,경상북도 성주군
2897,0,일반중학교,벽진중학교,경상북도 성주군
2898,0,일반중학교,성주여자중학교,경상북도 성주군
2899,3,일반중학교,성주중학교,경상북도 성주군
2900,"",일반중학교,성주중학교가천분교장,경상북도 성주군
2901,0,일반중학교,수륜중학교,경상북도 성주군
2902,0,일반중학교,용암중학교,경상북도 성주군
2903,0,일반중학교,초전중학교,경상북도 성주군
2904,0,일반중학교,동명중학교,경상북도 칠곡군
2905,3,일반중학교,북삼중학교,경상북도 칠곡군
2906,2,일반중학교,석전중학교,경상북도 칠곡군
2907,1,일반중학교,순심여자중학교,경상북도 칠곡군
2908,0,일반중학교,순심중학교,경상북도 칠곡군
2909,0,일반중학교,신동중학교,경상북도 칠곡군
2910,1,일반중학교,약목중학교,경상북도 칠곡군
2911,0,일반중학교,왜관중학교,경상북도 칠곡군
2912,2,일반중학교,인평중학교,경상북도 칠곡군
2913,2,일반중학교,장곡중학교,경상북도 칠곡군
2914,0,일반중학교,감천중학교,경상북도 예천군
2915,1,일반중학교,대창중학교,경상북도 예천군
2916,1,일반중학교,예천여자중학교,경상북도 예천군
2917,0,일반중학교,예천중학교,경상북도 예천군
2918,0,일반중학교,용궁중학교,경상북도 예천군
2919,0,일반중학교,용문중학교,경상북도 예천군
2920,0,일반중학교,은풍중학교,경상북도 예천군
2921,0,일반중학교,지보중학교,경상북도 예천군
2922,0,일반중학교,풍양중학교,경상북도 예천군
2923,0,일반중학교,물야중학교,경상북도 봉화군
2924,1,일반중학교,봉화중학교,경상북도 봉화군
2925,0,일반중학교,석포중학교,경상북도 봉화군
2926,0,일반중학교,소천중학교,경상북도 봉화군
2927,0,일반중학교,청량중학교,경상북도 봉화군
2928,0,일반중학교,춘양중학교,경상북도 봉화군
2929,"",일반중학교,춘양중학교서벽분교장,경상북도 봉화군
2930,0,일반중학교,기성중학교,경상북도 울진군
2931,0,일반중학교,매화중학교,경상북도 울진군
2932,0,일반중학교,부구중학교,경상북도 울진군
2933,0,일반중학교,온정중학교,경상북도 울진군
2934,0,일반중학교,울진중학교,경상북도 울진군
2935,0,일반중학교,죽변중학교,경상북도 울진군
2936,"",일반중학교,평해여자중학교,경상북도 울진군
2937,0,일반중학교,평해중학교,경상북도 울진군
2938,1,일반중학교,후포중학교,경상북도 울진군
2939,0,일반중학교,우산중학교,경상북도 울릉군
2940,0,일반중학교,울릉북중학교,경상북도 울릉군
2941,0,일반중학교,울릉서중학교,경상북도 울릉군
2942,1,일반중학교,울릉중학교,경상북도 울릉군
2943,"",일반중학교,감계중학교,경상남도 창원시
2944,"",일반중학교,경원중학교,경상남도 창원시
2945,"",일반중학교,광려중학교,경상남도 창원시
2946,"",일반중학교,구남중학교,경상남도 창원시
2947,"",일반중학교,구남중학교구산분교장,경상남도 창원시
2948,"",일반중학교,구암중학교,경상남도 창원시
2949,"",일반중학교,남산중학교,경상남도 창원시
2950,"",일반중학교,내서중학교,경상남도 창원시
2951,"",일반중학교,대방중학교,경상남도 창원시
2952,"",일반중학교,도계중학교,경상남도 창원시
2953,10,일반중학교,동진여자중학교,경상남도 창원시
2954,8,일반중학교,동진중학교,경상남도 창원시
2955,"",일반중학교,마산동중학교,경상남도 창원시
2956,"",일반중학교,마산무학여자중학교,경상남도 창원시
2957,"",일반중학교,마산삼진중학교,경상남도 창원시
2958,"",일반중학교,마산서중학교,경상남도 창원시
2959,4,일반중학교,마산여자중학교,경상남도 창원시
2960,4,일반중학교,마산의신여자중학교,경상남도 창원시
2961,"",일반중학교,마산제일여자중학교,경상남도 창원시
2962,5,일반중학교,마산중앙중학교,경상남도 창원시
2963,"",일반중학교,마산중학교,경상남도 창원시
2964,"",일반중학교,명곡여자중학교,경상남도 창원시
2965,"",일반중학교,명서중학교,경상남도 창원시
2966,10,일반중학교,반림중학교,경상남도 창원시
2967,12,일반중학교,반송여자중학교,경상남도 창원시
2968,13,일반중학교,반송중학교,경상남도 창원시
2969,"",일반중학교,봉곡중학교,경상남도 창원시
2970,"",일반중학교,봉림중학교,경상남도 창원시
2971,"",일반중학교,사파중학교,경상남도 창원시
2972,"",일반중학교,삼계중학교,경상남도 창원시
2973,17,일반중학교,삼정자중학교,경상남도 창원시
2974,"",일반중학교,석동중학교,경상남도 창원시
2975,"",일반중학교,성지여자중학교,경상남도 창원시
2976,"",일반중학교,신월중학교,경상남도 창원시
2977,"",일반중학교,안골포중학교,경상남도 창원시
2978,10,일반중학교,안남중학교,경상남도 창원시
2979,4,일반중학교,안민중학교,경상남도 창원시
2980,"",일반중학교,양곡중학교,경상남도 창원시
2981,11,일반중학교,양덕여자중학교,경상남도 창원시
2982,"",일반중학교,양덕중학교,경상남도 창원시
2983,"",일반중학교,용원중학교,경상남도 창원시
2984,9,일반중학교,웅남중학교,경상남도 창원시
2985,"",일반중학교,웅동중학교,경상남도 창원시
2986,"",일반중학교,진전중학교,경상남도 창원시
2987,10,일반중학교,진해남중학교,경상남도 창원시
2988,"",일반중학교,진해냉천중학교,경상남도 창원시
2989,"",일반중학교,진해여자중학교,경상남도 창원시
2990,"",일반중학교,진해중학교,경상남도 창원시
2991,"",일반중학교,창덕중학교,경상남도 창원시
2992,"",일반중학교,창북중학교,경상남도 창원시
2993,"",일반중학교,창신중학교,경상남도 창원시
2994,"",일반중학교,창원남중학교,경상남도 창원시
2995,"",일반중학교,창원대산중학교,경상남도 창원시
2996,"",일반중학교,창원동중학교,경상남도 창원시
2997,11,일반중학교,창원상남중학교,경상남도 창원시
2998,9,일반중학교,창원여자중학교,경상남도 창원시
2999,6,일반중학교,창원중앙중학교,경상남도 창원시
3000,"",일반중학교,창원중학교,경상남도 창원시
3001,7,일반중학교,토월중학교,경상남도 창원시
3002,"",일반중학교,팔룡중학교,경상남도 창원시
3003,2,일반중학교,합포여자중학교,경상남도 창원시
3004,"",일반중학교,합포중학교,경상남도 창원시
3005,"",일반중학교,해운중학교,경상남도 창원시
3006,"",일반중학교,호계중학교,경상남도 창원시
3007,1,일반중학교,개양중학교,경상남도 진주시
3008,4,일반중학교,경상대학교사범대학부설중학교,경상남도 진주시
3009,5,일반중학교,경해여자중학교,경상남도 진주시
3010,0,일반중학교,금곡중학교,경상남도 진주시
3011,0,일반중학교,대곡중학교,경상남도 진주시
3012,2,일반중학교,대아중학교,경상남도 진주시
3013,0,일반중학교,명석중학교,경상남도 진주시
3014,"",일반중학교,문산중학교,경상남도 진주시
3015,0,일반중학교,반성중학교,경상남도 진주시
3016,2,일반중학교,삼현여자중학교,경상남도 진주시
3017,"",국제중학교,선인국제중학교,경상남도 진주시
3018,0,일반중학교,지수중학교,경상남도 진주시
3019,3,일반중학교,진명여자중학교,경상남도 진주시
3020,0,일반중학교,진서중학교,경상남도 진주시
3021,7,일반중학교,진주남중학교,경상남도 진주시
3022,3,일반중학교,진주동명중학교,경상남도 진주시
3023,6,일반중학교,진주동중학교,경상남도 진주시
3024,0,일반중학교,진주봉원중학교,경상남도 진주시
3025,1,일반중학교,진주여자중학교,경상남도 진주시
3026,5,일반중학교,진주제일중학교,경상남도 진주시
3027,2,일반중학교,진주중앙중학교,경상남도 진주시
3028,3,일반중학교,진주중학교,경상남도 진주시
3029,0,일반중학교,도산중학교,경상남도 통영시
3030,0,일반중학교,동원중학교,경상남도 통영시
3031,0,일반중학교,사량중학교,경상남도 통영시
3032,0,일반중학교,산양중학교,경상남도 통영시
3033,0,일반중학교,욕지중학교,경상남도 통영시
3034,1,일반중학교,충렬여자중학교,경상남도 통영시
3035,0,일반중학교,충무여자중학교,경상남도 통영시
3036,0,일반중학교,충무중학교,경상남도 통영시
3037,4,일반중학교,통영여자중학교,경상남도 통영시
3038,0,일반중학교,통영중앙중학교,경상남도 통영시
3039,1,일반중학교,통영중학교,경상남도 통영시
3040,0,일반중학교,한산중학교,경상남도 통영시
3041,0,일반중학교,곤명중학교,경상남도 사천시
3042,0,일반중학교,곤양중학교,경상남도 사천시
3043,0,일반중학교,남양중학교,경상남도 사천시
3044,3,일반중학교,사천여자중학교,경상남도 사천시
3045,2,일반중학교,사천중학교,경상남도 사천시
3046,0,일반중학교,삼천포여자중학교,경상남도 사천시
3047,0,일반중학교,삼천포제일중학교,경상남도 사천시
3048,0,일반중학교,삼천포중앙여자중학교,경상남도 사천시
3049,1,일반중학교,삼천포중학교,경상남도 사천시
3050,0,일반중학교,서포중학교,경상남도 사천시
3051,1,일반중학교,용남중학교,경상남도 사천시
3052,3,일반중학교,가야중학교,경상남도 김해시
3053,4,일반중학교,경운중학교,경상남도 김해시
3054,10,일반중학교,관동중학교,경상남도 김해시
3055,4,일반중학교,구산중학교,경상남도 김해시
3056,"",일반중학교,김해대곡중학교,경상남도 김해시
3057,"",일반중학교,김해대동중학교,경상남도 김해시
3058,6,일반중학교,김해삼계중학교,경상남도 김해시
3059,5,일반중학교,김해서중학교,경상남도 김해시
3060,4,일반중학교,김해여자중학교,경상남도 김해시
3061,2,일반중학교,김해중앙여자중학교,경상남도 김해시
3062,1,일반중학교,김해중학교,경상남도 김해시
3063,2,일반중학교,내덕중학교,경상남도 김해시
3064,3,일반중학교,내동중학교,경상남도 김해시
3065,12,일반중학교,능동중학교,경상남도 김해시
3066,10,일반중학교,대청중학교,경상남도 김해시
3067,"",일반중학교,봉명중학교,경상남도 김해시
3068,19,일반중학교,분성중학교,경상남도 김해시
3069,6,일반중학교,삼정중학교,경상남도 김해시
3070,"",일반중학교,생림중학교,경상남도 김해시
3071,"",일반중학교,수남중학교,경상남도 김해시
3072,"",일반중학교,신어중학교,경상남도 김해시
3073,"",일반중학교,영운중학교,경상남도 김해시
3074,8,일반중학교,월산중학교,경상남도 김해시
3075,10,일반중학교,율하중학교,경상남도 김해시
3076,9,일반중학교,임호중학교,경상남도 김해시
3077,8,일반중학교,장유중학교,경상남도 김해시
3078,"",일반중학교,진례중학교,경상남도 김해시
3079,"",일반중학교,진영여자중학교,경상남도 김해시
3080,"",일반중학교,진영중학교,경상남도 김해시
3081,1,일반중학교,한림중학교,경상남도 김해시
3082,"",일반중학교,한얼중학교,경상남도 김해시
3083,"",일반중학교,활천중학교,경상남도 김해시
3084,0,일반중학교,동국대학교사범대학부속홍제중학교,경상남도 밀양시
3085,0,일반중학교,동명중학교,경상남도 밀양시
3086,0,일반중학교,무안중학교,경상남도 밀양시
3087,1,일반중학교,미리벌중학교,경상남도 밀양시
3088,2,일반중학교,밀성여자중학교,경상남도 밀양시
3089,0,일반중학교,밀성중학교,경상남도 밀양시
3090,0,일반중학교,밀양동강중학교,경상남도 밀양시
3091,1,일반중학교,밀양여자중학교,경상남도 밀양시
3092,0,일반중학교,밀양중학교,경상남도 밀양시
3093,0,일반중학교,삼랑진중학교,경상남도 밀양시
3094,"",일반중학교,상동중학교,경상남도 밀양시
3095,2,일반중학교,세종중학교,경상남도 밀양시
3096,3,일반중학교,거제고현중학교,경상남도 거제시
3097,3,일반중학교,거제장평중학교,경상남도 거제시
3098,0,일반중학교,거제제일중학교,경상남도 거제시
3099,0,일반중학교,거제중앙중학교,경상남도 거제시
3100,2,일반중학교,거제중학교,경상남도 거제시
3101,14,일반중학교,계룡중학교,경상남도 거제시
3102,0,일반중학교,동부중학교,경상남도 거제시
3103,0,일반중학교,둔덕중학교,경상남도 거제시
3104,0,일반중학교,성포중학교,경상남도 거제시
3105,2,일반중학교,수월중학교,경상남도 거제시
3106,1,일반중학교,신현중학교,경상남도 거제시
3107,0,일반중학교,연초중학교,경상남도 거제시
3108,2,일반중학교,옥포성지중학교,경상남도 거제시
3109,1,일반중학교,옥포중학교,경상남도 거제시
3110,0,일반중학교,외포중학교,경상남도 거제시
3111,0,일반중학교,장목중학교,경상남도 거제시
3112,1,일반중학교,지세포중학교,경상남도 거제시
3113,0,일반중학교,하청중학교,경상남도 거제시
3114,2,일반중학교,해성중학교,경상남도 거제시
3115,5,일반중학교,개운중학교,경상남도 양산시
3116,2,일반중학교,물금동아중학교,경상남도 양산시
3117,"",일반중학교,물금중학교,경상남도 양산시
3118,2,일반중학교,범어중학교,경상남도 양산시
3119,1,일반중학교,보광중학교,경상남도 양산시
3120,0,일반중학교,삼성중학교,경상남도 양산시
3121,1,일반중학교,서창중학교,경상남도 양산시
3122,5,일반중학교,신주중학교,경상남도 양산시
3123,2,일반중학교,양산여자중학교,경상남도 양산시
3124,7,일반중학교,양산중앙중학교,경상남도 양산시
3125,1,일반중학교,양산중학교,경상남도 양산시
3126,1,일반중학교,양주중학교,경상남도 양산시
3127,1,일반중학교,웅상여자중학교,경상남도 양산시
3128,4,일반중학교,웅상중학교,경상남도 양산시
3129,0,일반중학교,원동중학교,경상남도 양산시
3130,0,일반중학교,신반중학교,경상남도 의령군
3131,0,일반중학교,의령여자중학교,경상남도 의령군
3132,0,일반중학교,의령중학교,경상남도 의령군
3133,0,일반중학교,정곡중학교,경상남도 의령군
3134,0,일반중학교,지정중학교,경상남도 의령군
3135,0,일반중학교,군북중학교,경상남도 함안군
3136,0,일반중학교,대산중학교,경상남도 함안군
3137,0,일반중학교,법수중학교,경상남도 함안군
3138,1,일반중학교,칠성중학교,경상남도 함안군
3139,0,일반중학교,칠원중학교,경상남도 함안군
3140,0,일반중학교,함성중학교,경상남도 함안군
3141,0,일반중학교,함안여자중학교,경상남도 함안군
3142,2,일반중학교,함안중학교,경상남도 함안군
3143,1,일반중학교,호암중학교,경상남도 함안군
3144,0,일반중학교,남지여자중학교,경상남도 창녕군
3145,0,일반중학교,남지중학교,경상남도 창녕군
3146,0,일반중학교,대성중학교,경상남도 창녕군
3147,0,일반중학교,부곡중학교,경상남도 창녕군
3148,0,일반중학교,성산중학교,경상남도 창녕군
3149,0,일반중학교,신창여자중학교,경상남도 창녕군
3150,1,일반중학교,영산중학교,경상남도 창녕군
3151,0,일반중학교,창녕여자중학교,경상남도 창녕군
3152,0,일반중학교,창녕옥야중학교,경상남도 창녕군
3153,0,일반중학교,창녕중학교,경상남도 창녕군
3154,0,일반중학교,고성동중학교,경상남도 고성군
3155,0,일반중학교,고성여자중학교,경상남도 고성군
3156,0,일반중학교,고성중학교,경상남도 고성군
3157,0,일반중학교,동해중학교,경상남도 고성군
3158,0,일반중학교,소가야중학교,경상남도 고성군
3159,0,일반중학교,영천중학교,경상남도 고성군
3160,0,일반중학교,철성중학교,경상남도 고성군
3161,0,일반중학교,회화중학교,경상남도 고성군
3162,"",일반중학교,고현중학교,경상남도 남해군
3163,"",일반중학교,남수중학교,경상남도 남해군
3164,0,일반중학교,남해여자중학교,경상남도 남해군
3165,0,일반중학교,남해중학교,경상남도 남해군
3166,"",일반중학교,물건중학교,경상남도 남해군
3167,0,일반중학교,미조중학교,경상남도 남해군
3168,0,일반중학교,상주중학교,경상남도 남해군
3169,0,일반중학교,설천중학교,경상남도 남해군
3170,0,일반중학교,이동중학교,경상남도 남해군
3171,1,일반중학교,창선중학교,경상남도 남해군
3172,1,일반중학교,해성중학교,경상남도 남해군
3173,0,일반중학교,금남중학교,경상남도 하동군
3174,0,일반중학교,악양중학교,경상남도 하동군
3175,0,일반중학교,옥종중학교,경상남도 하동군
3176,0,일반중학교,진교중학교,경상남도 하동군
3177,0,일반중학교,청암중학교,경상남도 하동군
3178,0,일반중학교,하동중앙중학교,경상남도 하동군
3179,1,일반중학교,하동중학교,경상남도 하동군
3180,0,일반중학교,한다사중학교,경상남도 하동군
3181,0,일반중학교,화개중학교,경상남도 하동군
3182,"",일반중학교,경호중학교,경상남도 산청군
3183,0,일반중학교,단성중학교,경상남도 산청군
3184,0,일반중학교,덕산중학교,경상남도 산청군
3185,"",일반중학교,산청중학교,경상남도 산청군
3186,"",일반중학교,산청중학교,경상남도 산청군
3187,"",일반중학교,산청중학교차황분교장,경상남도 산청군
3188,"",일반중학교,생초중학교,경상남도 산청군
3189,0,일반중학교,신등중학교,경상남도 산청군
3190,0,일반중학교,마천중학교,경상남도 함양군
3191,0,일반중학교,서상중학교,경상남도 함양군
3192,0,일반중학교,수동중학교,경상남도 함양군
3193,0,일반중학교,안의중학교,경상남도 함양군
3194,1,일반중학교,함양여자중학교,경상남도 함양군
3195,1,일반중학교,함양중학교,경상남도 함양군
3196,0,일반중학교,가조중학교,경상남도 거창군
3197,0,일반중학교,거창대성중학교,경상남도 거창군
3198,0,일반중학교,거창덕유중학교,경상남도 거창군
3199,1,일반중학교,거창여자중학교,경상남도 거창군
3200,0,일반중학교,거창중학교,경상남도 거창군
3201,"",일반중학교,거창중학교고제분교장,경상남도 거창군
3202,"",일반중학교,거창중학교신원분교장,경상남도 거창군
3203,"",일반중학교,샛별중학교,경상남도 거창군
3204,0,일반중학교,웅양중학교,경상남도 거창군
3205,1,일반중학교,혜성여자중학교,경상남도 거창군
3206,0,일반중학교,가회중학교,경상남도 합천군
3207,1,일반중학교,대병중학교,경상남도 합천군
3208,0,일반중학교,묘산중학교,경상남도 합천군
3209,1,일반중학교,삼가중학교,경상남도 합천군
3210,0,일반중학교,야로중학교,경상남도 합천군
3211,0,일반중학교,초계중학교,경상남도 합천군
3212,0,일반중학교,합천여자중학교,경상남도 합천군
3213,0,일반중학교,합천중학교,경상남도 합천군
3214,0,일반중학교,해인중학교,경상남도 합천군
3215,"",일반중학교,고산중학교,제주특별자치도 제주시
3216,3,일반중학교,귀일중학교,제주특별자치도 제주시
3217,"",일반중학교,김녕중학교,제주특별자치도 제주시
3218,19,일반중학교,노형중학교,제주특별자치도 제주시
3219,1,일반중학교,세화중학교,제주특별자치도 제주시
3220,7,일반중학교,신성여자중학교,제주특별자치도 제주시
3221,5,일반중학교,신엄중학교,제주특별자치도 제주시
3222,1,일반중학교,신창중학교,제주특별자치도 제주시
3223,6,일반중학교,아라중학교,제주특별자치도 제주시
3224,2,일반중학교,애월중학교,제주특별자치도 제주시
3225,"",일반중학교,오름중학교,제주특별자치도 제주시
3226,5,일반중학교,오현중학교,제주특별자치도 제주시
3227,1,일반중학교,우도중학교,제주특별자치도 제주시
3228,"",일반중학교,저청중학교,제주특별자치도 제주시
3229,8,일반중학교,제주대학교사범대학부설중학교,제주특별자치도 제주시
3230,5,일반중학교,제주동여자중학교,제주특별자치도 제주시
3231,"",일반중학교,제주동중학교,제주특별자치도 제주시
3232,"",일반중학교,제주서중학교,제주특별자치도 제주시
3233,"",일반중학교,제주여자중학교,제주특별자치도 제주시
3234,8,일반중학교,제주제일중학교,제주특별자치도 제주시
3235,6,일반중학교,제주중앙여자중학교,제주특별자치도 제주시
3236,9,일반중학교,제주중앙중학교,제주특별자치도 제주시
3237,4,일반중학교,제주중학교,제주특별자치도 제주시
3238,3,일반중학교,조천중학교,제주특별자치도 제주시
3239,"",일반중학교,추자중학교,제주특별자치도 제주시
3240,12,일반중학교,탐라중학교,제주특별자치도 제주시
3241,7,일반중학교,한라중학교,제주특별자치도 제주시
3242,4,일반중학교,한림여자중학교,제주특별자치도 제주시
3243,"",일반중학교,한림중학교,제주특별자치도 제주시
3244,"",일반중학교,함덕중학교,제주특별자치도 제주시
3245,0,일반중학교,남원중학교,제주특별자치도 서귀포시
3246,1,일반중학교,남주중학교,제주특별자치도 서귀포시
3247,6,일반중학교,대정중학교,제주특별자치도 서귀포시
3248,1,일반중학교,무릉중학교,제주특별자치도 서귀포시
3249,3,일반중학교,서귀중앙여자중학교,제주특별자치도 서귀포시
3250,2,일반중학교,서귀포대신중학교,제주특별자치도 서귀포시
3251,3,일반중학교,서귀포여자중학교,제주특별자치도 서귀포시
3252,2,일반중학교,서귀포중학교,제주특별자치도 서귀포시
3253,2,일반중학교,성산중학교,제주특별자치도 서귀포시
3254,0,일반중학교,신산중학교,제주특별자치도 서귀포시
3255,1,일반중학교,안덕중학교,제주특별자치도 서귀포시
3256,0,일반중학교,위미중학교,제주특별자치도 서귀포시
3257,3,일반중학교,중문중학교,제주특별자치도 서귀포시
3258,1,일반중학교,표선중학교,제주특별자치도 서귀포시
3259,0,일반중학교,효돈중학교,제주특별자치도 서귀포시
