0150,서울역,S1101,서울 도시철도 1호선,환승역,S1104+I4107,서울 도시철도 4호선+경의중앙선,1114000000
0151,시청,S1101,서울 도시철도 1호선,환승역,S1102,서울 도시철도 2호선,1114000000
0152,종각,S1101,서울 도시철도 1호선,일반역,"","",1111000000
0153,종로3가,S1101,서울 도시철도 1호선,환승역,S1103+S1105,서울 도시철도 3호선+서울 도시철도 5호선,1111000000
0154,종로5가,S1101,서울 도시철도 1호선,일반역,"","",1111000000
0155,동대문,S1101,서울 도시철도 1호선,환승역,S1104,서울 도시철도 4호선,1111000000
0156,신설동,S1101,서울 도시철도 1호선,환승역,S1102,서울 도시철도 2호선+우이신설,1123000000
0157,제기동,S1101,서울 도시철도 1호선,일반역,"","",1123000000
0158,청량리,S1101,서울 도시철도 1호선,환승역,I4105+I4107+I4109,분당선+경의중앙선+경춘선,1123000000
0159,동묘앞,S1101,서울 도시철도 1호선,환승역,S1106,서울 도시철도 6호선,1111000000
0200,까치산,S1102,서울 도시철도 2호선,일반역,"","",1150000000
0201,시청,S1102,서울 도시철도 2호선,환승역,S1101,서울 도시철도 1호선,1114000000
0202,을지로입구,S1102,서울 도시철도 2호선,일반역,"","",1114000000
0203,을지로3가,S1102,서울 도시철도 2호선,환승역,S1103,서울 도시철도 3호선,1114000000
0204,을지로4가,S1102,서울 도시철도 2호선,환승역,S1105,서울 도시철도 5호선,1114000000
0205,동대문역사문화공원,S1102,서울 도시철도 2호선,환승역,S1104+S1105,서울 도시철도 4호선+서울 도시철도 5호선,1114000000
0206,신당,S1102,서울 도시철도 2호선,환승역,S1106,서울 도시철도 6호선,1114000000
0207,상왕십리,S1102,서울 도시철도 2호선,일반역,"","",1120000000
0208,왕십리,S1102,서울 도시철도 2호선,환승역,S1105+I4105+I4107,서울 도시철도 5호선+분당선+경의중앙선,1120000000
0209,한양대,S1102,서울 도시철도 2호선,일반역,"","",1120000000
0210,뚝섬,S1102,서울 도시철도 2호선,일반역,"","",1120000000
0211,성수,S1102,서울 도시철도 2호선,일반역,"","",1120000000
0212,건대입구,S1102,서울 도시철도 2호선,환승역,S1107,서울 도시철도 7호선,1121500000
0213,구의,S1102,서울 도시철도 2호선,일반역,"","",1121500000
0214,강변,S1102,서울 도시철도 2호선,일반역,"","",1121500000
0215,잠실나루,S1102,서울 도시철도 2호선,일반역,"","",1171000000
0216,잠실,S1102,서울 도시철도 2호선,환승역,S1108,서울 도시철도 8호선,1171000000
0217,잠실새내,S1102,서울 도시철도 2호선,일반역,"","",1171000000
0218,종합운동장,S1102,서울 도시철도 2호선,환승역,S1109,서울 도시철도 9호선,1171000000
0219,삼성,S1102,서울 도시철도 2호선,일반역,"","",1168000000
0220,선릉,S1102,서울 도시철도 2호선,환승역,I4105,분당선,1168000000
0221,역삼,S1102,서울 도시철도 2호선,일반역,"","",1168000000
0222,강남,S1102,서울 도시철도 2호선,환승역,I1102,신분당선,1168000000
0223,교대,S1102,서울 도시철도 2호선,환승역,S1103,서울 도시철도 3호선,1165000000
0224,서초,S1102,서울 도시철도 2호선,일반역,"","",1165000000
0225,방배,S1102,서울 도시철도 2호선,일반역,"","",1165000000
0226,사당,S1102,서울 도시철도 2호선,환승역,S1104,서울 도시철도 4호선,1159000000
0227,낙성대,S1102,서울 도시철도 2호선,일반역,"","",1162000000
0228,서울대입구,S1102,서울 도시철도 2호선,일반역,"","",1162000000
0229,봉천,S1102,서울 도시철도 2호선,일반역,"","",1162000000
0230,신림,S1102,서울 도시철도 2호선,일반역,"","",1162000000
0231,신대방,S1102,서울 도시철도 2호선,일반역,"","",1159000000
0232,구로디지털단지,S1102,서울 도시철도 2호선,일반역,"","",1153000000
0233,대림,S1102,서울 도시철도 2호선,일반역,"","",1153000000
0234,신도림,S1102,서울 도시철도 2호선,환승역,S1101,서울 도시철도 1호선,1153000000
0235,문래,S1102,서울 도시철도 2호선,일반역,"","",1156000000
0236,영등포구청,S1102,서울 도시철도 2호선,환승역,S1105,서울 도시철도 5호선,1156000000
0237,당산,S1102,서울 도시철도 2호선,환승역,S1109,서울 도시철도 9호선,1156000000
0238,합정,S1102,서울 도시철도 2호선,환승역,S1106,서울 도시철도 6호선,1144000000
0239,홍대입구,S1102,서울 도시철도 2호선,환승역,I4107+I2801,경의중앙선+공항선,1144000000
0240,신촌,S1102,서울 도시철도 2호선,일반역,"","",1144000000
0241,이대,S1102,서울 도시철도 2호선,일반역,"","",1144000000
0242,아현,S1102,서울 도시철도 2호선,일반역,"","",1144000000
0243,충정로,S1102,서울 도시철도 2호선,환승역,S1105,서울 도시철도 5호선,1141000000
0244,용답,S1102,서울 도시철도 2호선,일반역,"","",1120000000
0245,신답,S1102,서울 도시철도 2호선,일반역,"","",1120000000
0246,신설동,S1102,서울 도시철도 2호선,환승역,S1101,서울 도시철도 1호선+우의신설,1123000000
0247,도림천,S1102,서울 도시철도 2호선,일반역,"","",1153000000
0248,양천구청,S1102,서울 도시철도 2호선,일반역,"","",1147000000
0249,신정네거리,S1102,서울 도시철도 2호선,일반역,"","",1147000000
0250,용두,S1102,서울 도시철도 2호선,일반역,"","",1123000000
0309,지축,S1103,서울 도시철도 3호선,일반역,"","",4128000000
0310,구파발,S1103,서울 도시철도 3호선,일반역,"","",1138000000
0311,연신내,S1103,서울 도시철도 3호선,환승역,S1106,서울 도시철도 6호선,1138000000
0312,불광,S1103,서울 도시철도 3호선,환승역,S1106,서울 도시철도 6호선,1138000000
0313,녹번,S1103,서울 도시철도 3호선,일반역,"","",1138000000
0314,홍제,S1103,서울 도시철도 3호선,일반역,"","",1141000000
0315,무악재,S1103,서울 도시철도 3호선,일반역,"","",1141000000
0316,독립문,S1103,서울 도시철도 3호선,일반역,"","",1141000000
0317,경복궁,S1103,서울 도시철도 3호선,일반역,"","",1111000000
0318,안국,S1103,서울 도시철도 3호선,일반역,"","",1111000000
0319,종로3가,S1103,서울 도시철도 3호선,환승역,S1101+S1105,서울 도시철도 1호선+서울 도시철도 6호선,1111000000
0320,을지로3가,S1103,서울 도시철도 3호선,환승역,S1102,서울 도시철도 2호선,1114000000
0321,충무로,S1103,서울 도시철도 3호선,환승역,S1104,서울 도시철도 4호선,1114000000
0322,동대입구,S1103,서울 도시철도 3호선,일반역,"","",1114000000
0323,약수,S1103,서울 도시철도 3호선,일반역,"","",1114000000
0324,금호,S1103,서울 도시철도 3호선,일반역,"","",1120000000
0325,옥수,S1103,서울 도시철도 3호선,환승역,I4107,경의중앙선,1120000000
0326,압구정,S1103,서울 도시철도 3호선,일반역,"","",1168000000
0327,신사,S1103,서울 도시철도 3호선,일반역,"","",1168000000
0328,잠원,S1103,서울 도시철도 3호선,일반역,"","",1165000000
0329,고속터미널,S1103,서울 도시철도 3호선,환승역,S1107+S1109,서울 도시철도 7호선+서울 도시철도 9호선,1165000000
0330,교대,S1103,서울 도시철도 3호선,환승역,S1103,서울 도시철도 3호선,1165000000
0331,남부터미널,S1103,서울 도시철도 3호선,일반역,"","",1165000000
0332,양재,S1103,서울 도시철도 3호선,환승역,I1102,신분당선,1165000000
0333,매봉,S1103,서울 도시철도 3호선,일반역,"","",1168000000
0334,도곡,S1103,서울 도시철도 3호선,환승역,I4105,분당선,1168000000
0335,대치,S1103,서울 도시철도 3호선,일반역,"","",1168000000
0336,학여울,S1103,서울 도시철도 3호선,일반역,"","",1168000000
0337,대청,S1103,서울 도시철도 3호선,일반역,"","",1168000000
0338,일원,S1103,서울 도시철도 3호선,일반역,"","",1168000000
0339,수서,S1103,서울 도시철도 3호선,환승역,I4105,분당선,1168000000
0340,가락시장,S1103,서울 도시철도 3호선,환승역,S1108,서울 도시철도 8호선,1171000000
0341,경찰병원,S1103,서울 도시철도 3호선,일반역,"","",1171000000
0342,오금,S1103,서울 도시철도 3호선,환승역,S1105,서울 도시철도 5호선,1171000000
0409,당고개,S1104,서울 도시철도 4호선,일반역,"","",1135000000
0410,상계,S1104,서울 도시철도 4호선,일반역,"","",1135000000
0411,노원,S1104,서울 도시철도 4호선,환승역,S1107,서울 도시철도 7호선,1135000000
0412,창동,S1104,서울 도시철도 4호선,환승역,S1101,서울 도시철도 1호선,1132000000
0413,쌍문,S1104,서울 도시철도 4호선,일반역,"","",1132000000
0414,수유,S1104,서울 도시철도 4호선,일반역,"","",1130500000
0415,미아,S1104,서울 도시철도 4호선,일반역,"","",1130500000
0416,미아사거리,S1104,서울 도시철도 4호선,일반역,"","",1130500000
0417,길음,S1104,서울 도시철도 4호선,일반역,"","",1129000000
0418,성신여대입구,S1104,서울 도시철도 4호선,환승역,"",우이신설,1129000000
0419,한성대입구,S1104,서울 도시철도 4호선,일반역,"","",1129000000
0420,혜화,S1104,서울 도시철도 4호선,일반역,"","",1111000000
0421,동대문,S1104,서울 도시철도 4호선,환승역,S1101,서울 도시철도 1호선,1111000000
0422,동대문역사문화공원,S1104,서울 도시철도 4호선,환승역,S1102+S1105,서울 도시철도 2호선+서울 도시철도 5호선,1114000000
0423,충무로,S1104,서울 도시철도 4호선,환승역,S1103,서울 도시철도 3호선,1114000000
0424,명동,S1104,서울 도시철도 4호선,일반역,"","",1114000000
0425,회현,S1104,서울 도시철도 4호선,일반역,"","",1114000000
0426,서울역,S1104,서울 도시철도 4호선,환승역,S1101+I2801,서울 도시철도 1호선+공항선,1117000000
0427,숙대입구,S1104,서울 도시철도 4호선,일반역,"","",1117000000
0428,삼각지,S1104,서울 도시철도 4호선,환승역,S1106,서울 도시철도 6호선,1117000000
0429,신용산,S1104,서울 도시철도 4호선,일반역,"","",1117000000
0430,이촌,S1104,서울 도시철도 4호선,환승역,I4107,경의중앙선,1117000000
0431,동작,S1104,서울 도시철도 4호선,환승역,S1109,서울 도시철도 9호선,1159000000
0432,총신대입구,S1104,서울 도시철도 4호선,환승역,S1107,서울 도시철도 7호선,1159000000
0433,사당,S1104,서울 도시철도 4호선,환승역,S1102,서울 도시철도 2호선,1159000000
0434,남태령,S1104,서울 도시철도 4호선,일반역,"","",1165000000
100,양촌역,L4101,김포골드라인,일반역,"",-,4157000000
100,녹동역,S2901,광주도시철도 1호선,일반역,"","",2911000000
100,동매역,S2601,부산도시철도 1호선,일반역,"","",2638000000
100,소요산역,k0205,경원선,일반역,"","",4125000000
101,소태역,S2901,광주도시철도 1호선,일반역,"","",2911000000
101,사상역,L4801,부산-김해경전철,환승역,L4801+S2602,부산-김해경전철+부산도시철도 2호선,2653000000
101,판암,S3001,대전도시철도 1호선,일반역,"","",3011000000
101,동두천역,k0205,경원선,일반역,"","",4125000000
101,구래역,L4101,김포골드라인,일반역,"",-,4157000000
101,신평역,S2601,부산도시철도 1호선,일반역,"","",2638000000
102,마산역,L4101,김포골드라인,일반역,"",-,4157000000
102,괘법르네시떼역,L4801,부산-김해경전철,일반역,"","",2653000000
102,괘법르네시떼역,L4801,부산-김해경전철,일반역,"","",2653000000
102,신흥,S3001,대전도시철도 1호선,일반역,"","",3011000000
102,보산역,k0205,경원선,일반역,"","",4125000000
102,하단역,S2601,부산도시철도 1호선,일반역,"","",2638000000
102,학동증심사입구역,S2901,광주도시철도 1호선,일반역,"","",2911000000
103,대동,S3001,대전도시철도 1호선,일반역,"","",3011000000
103,동두천중앙역,k0205,경원선,일반역,"","",4125000000
103,당리역,S2601,부산도시철도 1호선,일반역,"","",2638000000
103,서부산유통지구역,L4801,부산-김해경전철,일반역,"","",2644000000
103,장기역,L4101,김포골드라인,일반역,"",-,4157000000
103,서부산유통지구역,L4801,부산-김해경전철,일반역,"","",2644000000
103,남광주역,S2901,광주도시철도 1호선,일반역,"","",2911000000
104,운양역,L4101,김포골드라인,일반역,"",-,4157000000
104,사하역,S2601,부산도시철도 1호선,일반역,"","",2638000000
104,공항역,L4801,부산-김해경전철,일반역,"","",2644000000
104,지행역,k0205,경원선,일반역,"","",4125000000
104,문화전당역(구도청),S2901,광주도시철도 1호선,일반역,"","",2911000000
104,대전,S3001,대전도시철도 1호선,일반역,"","",3011000000
104,공항역,L4801,부산-김해경전철,일반역,"","",2644000000
105,걸포북변역,L4101,김포골드라인,일반역,"",-,4157000000
105,금남로4가역,S2901,광주도시철도 1호선,일반역,"","",2911000000
105,덕두역,L4801,부산-김해경전철,일반역,"","",2644000000
105,덕두역,L4801,부산-김해경전철,일반역,"","",2644000000
105,중앙로,S3001,대전도시철도 1호선,일반역,"","",3014000000
105,괴정역,S2601,부산도시철도 1호선,일반역,"","",2638000000
105,덕정역,k0205,경원선,일반역,"","",4163000000
106,중구청,S3001,대전도시철도 1호선,일반역,"","",3014000000
106,등구역,L4801,부산-김해경전철,일반역,"","",2644000000
106,덕계역,k0205,경원선,일반역,"","",4163000000
106,사우(김포시청)역,L4101,김포골드라인,일반역,"",-,4157000000
106,등구역,L4801,부산-김해경전철,일반역,"","",2644000000
106,금남로5가역,S2901,광주도시철도 1호선,일반역,"","",2917000000
106,대티역,S2601,부산도시철도 1호선,일반역,"","",2638000000
107,풍무역,L4101,김포골드라인,일반역,"",-,4157000000
107,서대신역,S2601,부산도시철도 1호선,일반역,"","",2614000000
107,대저역,L4801,부산-김해경전철,환승역,L4801+S2603,부산-김해경전철+부산도시철도 3호선,2644000000
107,양동시장역,S2901,광주도시철도 1호선,일반역,"","",2914000000
107,양주역,k0205,경원선,일반역,"","",4163000000
107,대저역,L4801,부산-김해경전철,환승역,L4801+S2603,부산-김해경전철+부산도시철도 3호선,2644000000
107,서대전네거리,S3001,대전도시철도 1호선,일반역,"","",3014000000
108,녹양역,k0205,경원선,일반역,"","",4115000000
108,오룡,S3001,대전도시철도 1호선,일반역,"","",3014000000
108,고촌역,L4101,김포골드라인,일반역,"",-,4157000000
108,동대신역,S2601,부산도시철도 1호선,일반역,"","",2614000000
108,돌고개역,S2901,광주도시철도 1호선,일반역,"","",2914000000
108,평강역,L4801,부산-김해경전철,일반역,"","",2644000000
108,평강역,L4801,부산-김해경전철,일반역,"","",2644000000
109,토성역,S2601,부산도시철도 1호선,일반역,"","",2614000000
109,대사역,L4801,부산-김해경전철,일반역,"","",2644000000
109,가능역,k0205,경원선,일반역,"","",4115000000
109,용문,S3001,대전도시철도 1호선,일반역,"","",3017000000
109,대사역,L4801,부산-김해경전철,일반역,"","",2644000000
109,김포공항역,L4101,김포골드라인,환승역,"","공항철도,서울교통공사5호선,서울교통공사9호선운영㈜",1150000000
109,농성역,S2901,광주도시철도 1호선,일반역,"","",2914000000
110,화정역,S2901,광주도시철도 1호선,일반역,"","",2914000000
110,자갈치역,S2601,부산도시철도 1호선,일반역,"","",2611000000
110,불암역,L4801,부산-김해경전철,일반역,"","",4825000000
110,탄방,S3001,대전도시철도 1호선,일반역,"","",3017000000
110,의정부역,k0205,경원선,일반역,"","",4115000000
110,불암역,L4801,부산-김해경전철,일반역,"","",4825000000
111,쌍촌역,S2901,광주도시철도 1호선,일반역,"","",2914000000
111,이촌역,k0205,경의중앙선,환승역,"",경의중앙/4,1117000000
111,지내역,L4801,부산-김해경전철,일반역,"","",4825000000
111,회룡역,k0205,경원선,환승역,"",경원/경전철,4115000000
111,시청,S3001,대전도시철도 1호선,일반역,"","",3017000000
111,남포역,S2601,부산도시철도 1호선,일반역,"","",2611000000
111,지내역,L4801,부산-김해경전철,일반역,"","",4825000000
112,김해대학역,L4801,부산-김해경전철,일반역,"","",4825000000
112,운천역,S2901,광주도시철도 1호선,일반역,"","",2914000000
112,정부청사,S3001,대전도시철도 1호선,일반역,"","",3017000000
112,중앙역,S2601,부산도시철도 1호선,일반역,"","",2611000000
112,서빙고역,k0203,경의중앙선,일반역,"","",1117000000
112,김해대학역,L4801,부산-김해경전철,일반역,"","",4825000000
112,망월사역,k0205,경원선,일반역,"","",4115000000
113,부산역,S2601,부산도시철도 1호선,일반역,"","",2617000000
113,인제대역,L4801,부산-김해경전철,일반역,"","",4825000000
113,상무역,S2901,광주도시철도 1호선,일반역,"","",2914000000
113,인제대역,L4801,부산-김해경전철,일반역,"","",4825000000
113,한남역,k0205,경의중앙선,일반역,"","",1117000000
113,도봉산역,k0205,경원선,환승역,"",경원/7,1132000000
113,갈마,S3001,대전도시철도 1호선,일반역,"","",3017000000
114,도봉역,k0205,경원선,일반역,"","",1132000000
114,김대중컨벤션센터(마륵)역,S2901,광주도시철도 1호선,일반역,"","",2914000000
114,월평,S3001,대전도시철도 1호선,일반역,"","",3017000000
114,초량역,S2601,부산도시철도 1호선,일반역,"","",2617000000
114,김해시청역,L4801,부산-김해경전철,일반역,"","",4825000000
114,김해시청역,L4801,부산-김해경전철,일반역,"","",4825000000
114,옥수역,k0205,경의중앙선,환승역,"",경의중앙/3,1120000000
115,부원역,L4801,부산-김해경전철,일반역,"","",4825000000
115,부산진역,S2601,부산도시철도 1호선,일반역,"","",2617000000
115,방학역,k0205,경원선,일반역,"","",1132000000
115,부원역,L4801,부산-김해경전철,일반역,"","",4825000000
115,설화명곡,S2701,대구 도시철도 1호선,일반역,"","",2771000000
115,응봉역,k0205,경의중앙선,일반역,"","",1120000000
115,공항역,S2901,광주도시철도 1호선,일반역,"","",2920000000
115,갑천,S3001,대전도시철도 1호선,일반역,"","",3017000000
116,왕십리역,k0205,경의중앙선,환승역,k0205+k0304,경의중앙/분당/2/5,1120000000
116,유성온천,S3001,대전도시철도 1호선,일반역,"","",3020000000
116,송정공원역,S2901,광주도시철도 1호선,일반역,"","",2920000000
116,화원,S2701,대구 도시철도 1호선,일반역,"","",2771000000
116,창동역,k0205,경원선,환승역,"",경원/4,1132000000
116,좌천역,S2601,부산도시철도 1호선,일반역,"","",2617000000
116,부산원동역,k0211,동해선,일반역,"","",2626000000
116,봉황역,L4801,부산-김해경전철,일반역,"","",4825000000
116,봉황역,L4801,부산-김해경전철,일반역,"","",4825000000
117,구암,S3001,대전도시철도 1호선,일반역,"","",3020000000
117,청량리역,k0205,경의중앙선,환승역,k0205+k0210,경원/경춘/1,1123000000
117,대곡,S2701,대구 도시철도 1호선,일반역,"","",2729000000
117,수로왕릉역,L4801,부산-김해경전철,일반역,"","",4825000000
117,수로왕릉역,L4801,부산-김해경전철,일반역,"","",4825000000
117,범일역,S2601,부산도시철도 1호선,일반역,"","",2617000000
117,광주송정역,S2901,광주도시철도 1호선,일반역,"","",2920000000
117,녹천역,k0205,경원선,일반역,"","",1132000000
118,현충원,S3001,대전도시철도 1호선,일반역,"","",3020000000
118,범내골역,S2601,부산도시철도 1호선,일반역,"","",2623000000
118,박물관역,L4801,부산-김해경전철,일반역,"","",4825000000
118,박물관역,L4801,부산-김해경전철,일반역,"","",4825000000
118,도산역,S2901,광주도시철도 1호선,일반역,"","",2920000000
118,진천,S2701,대구 도시철도 1호선,일반역,"","",2729000000
118,월계역,k0205,경원선,일반역,"","",1135000000
119,서면역(1호선),S2601,부산도시철도 1호선,환승역,S2601+S2602,부산도시철도 1호선+부산도시철도 2호선,2623000000
119,광운대역,k0205,경원선,환승역,"",경춘/1,1135000000
119,연지공원역,L4801,부산-김해경전철,일반역,"","",4825000000
119,연지공원역,L4801,부산-김해경전철,일반역,"","",4825000000
119,중랑역,k0212,경의중앙선,환승역,k0212+k0210,경의중앙/경춘,1126000000
119,평동역,S2901,광주도시철도 1호선,일반역,"","",2920000000
119,월배,S2701,대구 도시철도 1호선,일반역,"","",2729000000
119,월드컵경기장,S3001,대전도시철도 1호선,일반역,"","",3020000000
120,노은,S3001,대전도시철도 1호선,일반역,"","",3020000000
120,장신대역,L4801,부산-김해경전철,일반역,"","",4825000000
120,상인,S2701,대구 도시철도 1호선,일반역,"","",2729000000
120,상봉역,k0212,경의중앙선,환승역,k0212+k0210,경의중앙/경춘/7,1126000000
120,장신대역,L4801,부산-김해경전철,일반역,"","",4825000000
120,석계역,k0205,경원선,환승역,"",경원/6,1135000000
120,부전역,S2601,부산도시철도 1호선,일반역,"","",2623000000
121,월촌,S2701,대구 도시철도 1호선,일반역,"","",2729000000
121,양정역,S2601,부산도시철도 1호선,일반역,"","",2623000000
121,가야대역,L4801,부산-김해경전철,일반역,"","",4825000000
121,지족,S3001,대전도시철도 1호선,일반역,"","",3020000000
121,신이문역,k0205,경원선,일반역,"","",1123000000
121,망우역,k0212,경의중앙선,환승역,k0212+k0210,경의중앙/경춘,1126000000
121,가야대역,L4801,부산-김해경전철,일반역,"","",4825000000
122,사상역,L4801,부산-김해경전철,환승역,L4801+S2602,부산-김해경전철+부산도시철도 2호선,2653000000
122,신내역,k0210,경춘선,일반역,"","",1126000000
122,양원역,k0212,경의중앙선,일반역,"","",1126000000
122,반석,S3001,대전도시철도 1호선,일반역,"","",3020000000
122,송현,S2701,대구 도시철도 1호선,일반역,"","",2729000000
122,외대앞역,k0205,경원선,일반역,"","",1123000000
122,시청역,S2601,부산도시철도 1호선,일반역,"","",2647000000
123,성당못,S2701,대구 도시철도 1호선,일반역,"","",2720000000
123,회기역,k0205,경원선,환승역,k0205+k0210,경의중앙/경춘/1,1123000000
123,연산역,S2601,부산도시철도 1호선,환승역,S2601+S2603,부산도시철도 1호선+부산도시철도 3호선,2647000000
123,구리역,k0212,경의중앙선,일반역,"","",4131000000
123,갈매역,k0210,경춘선,일반역,"","",4131000000
124,대명,S2701,대구 도시철도 1호선,일반역,"","",2720000000
124,교대역,S2601,부산도시철도 1호선,일반역,"","",2647000000
124,도농역,k0212,경의중앙선,일반역,"","",4136000000
124,별내역,k0210,경춘선,일반역,"","",4136000000
125,안지랑,S2701,대구 도시철도 1호선,일반역,"","",2720000000
125,동래역,S2601,부산도시철도 1호선,일반역,"","",2626000000
125,양정역,k0212,경의중앙선,일반역,"","",4136000000
125,퇴계원역,k0210,경춘선,일반역,"","",4136000000
126,명륜역,S2601,부산도시철도 1호선,일반역,"","",2626000000
126,덕소역,k0212,경의중앙선,일반역,"","",4136000000
126,사릉역,k0210,경춘선,일반역,"","",4136000000
126,현충로,S2701,대구 도시철도 1호선,일반역,"","",2720000000
127,도심역,k0212,경의중앙선,일반역,"","",4136000000
127,온천장역,S2601,부산도시철도 1호선,일반역,"","",2626000000
127,영대병원,S2701,대구 도시철도 1호선,일반역,"","",2720000000
127,금곡역,k0210,경춘선,일반역,"","",4136000000
128,부산대역,S2601,부산도시철도 1호선,일반역,"","",2641000000
128,평내호평역,k0210,경춘선,일반역,"","",4136000000
128,교대,S2701,대구 도시철도 1호선,일반역,"","",2720000000
128,팔당역,k0212,경의중앙선,일반역,"","",4136000000
129,명덕,S2701,대구 도시철도 1호선,환승역,S2701+S2703,대구 도시철도 1호선 + 대구 도시철도 3호선,2711000000
129,천마산역,k0210,경춘선,일반역,"","",4136000000
129,장전역,S2601,부산도시철도 1호선,일반역,"","",2641000000
129,운길산역,k0212,경의중앙선,일반역,"","",4136000000
130,구서역,S2601,부산도시철도 1호선,일반역,"","",2641000000
130,반월당,S2701,대구 도시철도 1호선,환승역,S2701+S2702,대구 도시철도 1호선 + 대구 도시철도 2호선,2711000000
130,양수역,k0212,경의중앙선,일반역,"","",4183000000
130,마석역,k0210,경춘선,일반역,"","",4136000000
131,신원역,k0212,경의중앙선,일반역,"","",4183000000
131,대성리역,k0210,경춘선,일반역,"","",4182000000
131,두실역,S2601,부산도시철도 1호선,일반역,"","",2641000000
131,중앙로,S2701,대구 도시철도 1호선,일반역,"","",2711000000
132,남산역,S2601,부산도시철도 1호선,일반역,"","",2641000000
132,대구,S2701,대구 도시철도 1호선,일반역,"","",2723000000
132,청평역,k0210,경춘선,일반역,"","",4182000000
132,국수역,k0212,경의중앙선,일반역,"","",4183000000
133,상천역,k0210,경춘선,일반역,"","",4182000000
133,칠성시장,S2701,대구 도시철도 1호선,일반역,"","",2723000000
133,아신역,k0212,경의중앙선,일반역,"","",4183000000
133,범어사역,S2601,부산도시철도 1호선,일반역,"","",2641000000
134,남영역,k0201,경부선,일반역,"","",1117000000
134,신천,S2701,대구 도시철도 1호선,일반역,"","",2714000000
134,가평역,k0210,경춘선,일반역,"","",4182000000
134,오빈역,k0212,경의중앙선,일반역,"","",4183000000
134,노포역,S2601,부산도시철도 1호선,일반역,"","",2641000000
135,굴봉산역,k0210,경춘선,일반역,"","",4211000000
135,양평역,k0212,경의중앙선,일반역,"","",4183000000
135,동대구,S2701,대구 도시철도 1호선,일반역,"","",2714000000
135,용산역,k0201,경부선,환승역,k0201+k0205,경부/경원/경의중앙,1117000000
136,원덕역,k0212,경의중앙선,일반역,"","",4183000000
136,동구청,S2701,대구 도시철도 1호선,일반역,"","",2714000000
136,백양리역,k0210,경춘선,일반역,"","",4211000000
136,노량진역,k0201,경부선,환승역,"",경부/9,1159000000
137,강촌역,k0210,경춘선,일반역,"","",4211000000
137,대방역,k0201,경부선,일반역,"","",1156000000
137,용문역,k0212,경의중앙선,일반역,"","",4183000000
137,아양교,S2701,대구 도시철도 1호선,일반역,"","",2714000000
138,신길역,k0201,경부선,환승역,"",경부/5,1156000000
138,지평역,k0212,경의중앙선,일반역,"","",4183000000
138,김유정역,k0210,경춘선,일반역,"","",4211000000
138,동촌,S2701,대구 도시철도 1호선,일반역,"","",2714000000
139,영등포역,k0201,경부선,일반역,"","",1156000000
139,해안,S2701,대구 도시철도 1호선,일반역,"","",2714000000
139,남춘천역,k0210,경춘선,일반역,"","",4211000000
140,춘천역,k0210,경춘선,일반역,"","",4211000000
140,신도림역,k0201,경부선,환승역,"",경부/2,1153000000
140,방촌,S2701,대구 도시철도 1호선,일반역,"","",2714000000
141,구로역,k0201,경부선,환승역,k0201+k0301,경부/경인,1153000000
141,용계,S2701,대구 도시철도 1호선,일반역,"","",2714000000
142,구일역,k0301,경인선,일반역,"","",1153000000
142,율하,S2701,대구 도시철도 1호선,일반역,"","",2714000000
142,가산디지털단지역,k0201,경부선,환승역,"",경부/7,1154500000
143,개봉역,k0301,경인선,일반역,"","",1153000000
143,독산역,k0201,경부선,일반역,"","",1154500000
143,신기,S2701,대구 도시철도 1호선,일반역,"","",2714000000
144,금천구청역,k0201,경부선,환승역,k0201+k2012,경부/광명셔틀,1154500000
144,반야월,S2701,대구 도시철도 1호선,일반역,"","",2714000000
144,오류동역,k0301,경인선,일반역,"","",1153000000
144,광명역,k0201,고속선,일반역,"","",4121000000
145,석수역,k0201,경부선,일반역,"","",4117000000
145,온수역,k0301,경인선,환승역,"",경인/7,1153000000
145,각산,S2701,대구 도시철도 1호선,일반역,"","",2714000000
146,관악역,k0201,경부선,일반역,"","",4117000000
146,역곡역,k0301,경인선,일반역,"","",4119000000
146,안심,S2701,대구 도시철도 1호선,일반역,"","",2714000000
147,소사역,k0301,경인선,일반역,"","",4119000000
147,안양역,k0201,경부선,일반역,"","",4117000000
148,부천역,k0301,경인선,일반역,"","",4119000000
148,명학역,k0201,경부선,일반역,"","",4117000000
149,금정역,k0201,경부선,환승역,"",경부/4,4141000000
149,중동역,k0301,경인선,일반역,"","",4119000000
150,송내역,k0301,경인선,일반역,"","",4119000000
150,군포역,k0201,경부선,일반역,"","",4141000000
151,부개역,k0301,경인선,일반역,"","",2823700000
151,당정역,k0201,경부선,일반역,"","",4141000000
152,부평역,k0301,경인선,환승역,"",경인/인천1,2823700000
152,의왕역,k0201,경부선,일반역,"","",4143000000
153,성균관대역,k0201,경부선,일반역,"","",4111000000
153,백운역,k0301,경인선,일반역,"","",2823700000
154,동암역,k0301,경인선,일반역,"","",2823700000
154,화서역,k0201,경부선,일반역,"","",4111000000
155,수원역,k0201,경부선,환승역,k0304+k0201,경부/분당,4111000000
155,간석역,k0301,경인선,일반역,"","",2820000000
156,세류역,k0201,경부선,일반역,"","",4111000000
156,주안역,k0301,경인선,환승역,"",경인/인천2,2817700000
157,도화역,k0301,경인선,일반역,"","",2817700000
157,병점역,k0201,경부선,환승역,k0201+k0201,경부/서동탄,4159000000
157,서동탄역,k0201,경부선,일반역,"","",4137000000
158,제물포역,k0301,경인선,일반역,"","",2817700000
158,세마역,k0201,경부선,일반역,"","",4137000000
159,오산대역,k0201,경부선,일반역,"","",4137000000
159,도원역,k0301,경인선,일반역,"","",2814000000
160,오산역,k0201,경부선,일반역,"","",4137000000
160,동인천역,k0301,경인선,일반역,"","",2811000000
161,진위역,k0201,경부선,일반역,"","",4122000000
161,인천역,k0301,경인선,환승역,k0301+k2015,경인/수인,2811000000
162,송탄역,k0201,경부선,일반역,"","",4122000000
163,서정리역,k0201,경부선,일반역,"","",4122000000
164,지제역,k0201,경부선,일반역,"","",4122000000
165,평택역,k0201,경부선,일반역,"","",4122000000
166,성환역,k0201,경부선,일반역,"","",4413000000
167,직산역,k0201,경부선,일반역,"","",4413000000
168,두정역,k0201,경부선,일반역,"","",4413000000
169,천안역,k0201,경부선,일반역,"","",4413000000
170,봉명역,k0208,장항선,일반역,"","",4413000000
171,쌍용(나사렛대)역,k0208,장항선,일반역,"","",4413000000
172,아산역,k0208,장항선,일반역,"","",4420000000
174,배방역,k0208,장항선,일반역,"","",4420000000
176,온양온천역,k0208,장항선,일반역,"","",4420000000
177,신창(순천향대)역,k0208,장항선,일반역,"","",4420000000
201,장산역,S2602,부산도시철도 2호선,일반역,"","",2635000000
201,장산역,S2602,부산도시철도 2호선,일반역,"","",2635000000
2020,중동역,S2602,부산도시철도 2호선,일반역,"","",2635000000
2020,중동역,S2602,부산도시철도 2호선,일반역,"","",2635000000
203,해운대역,S2602,부산도시철도 2호선,일반역,"","",2635000000
203,해운대역,S2602,부산도시철도 2호선,일반역,"","",2635000000
204,동백역,S2602,부산도시철도 2호선,일반역,"","",2635000000
204,동백역,S2602,부산도시철도 2호선,일반역,"","",2635000000
205,시립미술관역,S2602,부산도시철도 2호선,일반역,"","",2635000000
205,시립미술관역,S2602,부산도시철도 2호선,일반역,"","",2635000000
206,센텀시티역,S2602,부산도시철도 2호선,일반역,"","",2635000000
206,센텀시티역,S2602,부산도시철도 2호선,일반역,"","",2635000000
207,민락역,S2602,부산도시철도 2호선,일반역,"","",2650000000
207,민락역,S2602,부산도시철도 2호선,일반역,"","",2650000000
208,수영역,S2602,부산도시철도 2호선,환승역,S2602+S2603,부산도시철도 2호선+부산도시철도 3호선,2650000000
208,수영역,S2602,부산도시철도 2호선,환승역,S2602+S2603,부산도시철도 2호선+부산도시철도 3호선,2650000000
209,광안역,S2602,부산도시철도 2호선,일반역,"","",2650000000
209,광안역,S2602,부산도시철도 2호선,일반역,"","",2650000000
210,금련산역,S2602,부산도시철도 2호선,일반역,"","",2650000000
210,금련산역,S2602,부산도시철도 2호선,일반역,"","",2650000000
211,남천역,S2602,부산도시철도 2호선,일반역,"","",2650000000
211,서울숲역,k0304,분당선,일반역,"","",1120000000
211,남천역,S2602,부산도시철도 2호선,일반역,"","",2650000000
212,압구정로데오역,k0304,분당선,일반역,"","",1168000000
212,경성대부경대역,S2602,부산도시철도 2호선,일반역,"","",2629000000
212,경성대부경대역,S2602,부산도시철도 2호선,일반역,"","",2629000000
213,대연역,S2602,부산도시철도 2호선,일반역,"","",2629000000
213,대연역,S2602,부산도시철도 2호선,일반역,"","",2629000000
213,강남구청역,k0304,분당선,환승역,"",분당/7,1168000000
214,선정릉역,k0304,분당선,환승역,"",분당/9,1168000000
214,못골역,S2602,부산도시철도 2호선,일반역,"","",2629000000
214,못골역,S2602,부산도시철도 2호선,일반역,"","",2629000000
215,선릉역,k0304,분당선,환승역,"",분당/2,1168000000
215,지게골역,S2602,부산도시철도 2호선,일반역,"","",2629000000
215,지게골역,S2602,부산도시철도 2호선,일반역,"","",2629000000
216,문현역,S2602,부산도시철도 2호선,일반역,"","",2629000000
216,한티역,k0304,분당선,일반역,"","",1168000000
216,문양,S2702,대구 도시철도 2호선,일반역,"","",2771000000
216,문현역,S2602,부산도시철도 2호선,일반역,"","",2629000000
217,도곡역,k0304,분당선,환승역,k0304+k0218,분당/3,1168000000
217,국제금융센터부산은행역,S2602,부산도시철도 2호선,일반역,"","",2629000000
217,국제금융센터부산은행역,S2602,부산도시철도 2호선,일반역,"","",2629000000
217,다사,S2702,대구 도시철도 2호선,일반역,"","",2771000000
218,전포역,S2602,부산도시철도 2호선,일반역,"","",2623000000
218,대실,S2702,대구 도시철도 2호선,일반역,"","",2771000000
218,구룡역,k0304,분당선,일반역,"","",1168000000
218,전포역,S2602,부산도시철도 2호선,일반역,"","",2623000000
219,강창,S2702,대구 도시철도 2호선,일반역,"","",2729000000
219,서면역(2호선),S2602,부산도시철도 2호선,환승역,S2602+S2601,부산도시철도 2호선+부산도시철도 1호선,2623000000
219,개포동역,k0304,분당선,일반역,"","",1168000000
219,서면역(2호선),S2602,부산도시철도 2호선,환승역,S2602+S2601,부산도시철도 2호선+부산도시철도 1호선,2623000000
220,대모산입구역,k0304,분당선,일반역,"","",1168000000
220,부암역,S2602,부산도시철도 2호선,일반역,"","",2623000000
220,계명대,S2702,대구 도시철도 2호선,일반역,"","",2729000000
220,부암역,S2602,부산도시철도 2호선,일반역,"","",2623000000
221,성서산업단지,S2702,대구 도시철도 2호선,일반역,"","",2729000000
221,가야역,S2602,부산도시철도 2호선,일반역,"","",2623000000
221,가야역,S2602,부산도시철도 2호선,일반역,"","",2623000000
221,수서역,k0304,분당선,환승역,k0304+k0218,분당/3,1168000000
222,동의대역,S2602,부산도시철도 2호선,일반역,"","",2623000000
222,동의대역,S2602,부산도시철도 2호선,일반역,"","",2623000000
222,이곡,S2702,대구 도시철도 2호선,일반역,"","",2729000000
222,복정역,k0304,분당선,환승역,k0304+k0218,분당/8,4113000000
223,개금역,S2602,부산도시철도 2호선,일반역,"","",2623000000
223,용산,S2702,대구 도시철도 2호선,일반역,"","",2729000000
223,가천대역,k0304,분당선,일반역,"","",4113000000
223,개금역,S2602,부산도시철도 2호선,일반역,"","",2623000000
224,죽전,S2702,대구 도시철도 2호선,일반역,"","",2729000000
224,태평역,k0304,분당선,일반역,"","",4113000000
224,냉정역,S2602,부산도시철도 2호선,일반역,"","",2653000000
224,냉정역,S2602,부산도시철도 2호선,일반역,"","",2653000000
225,감삼,S2702,대구 도시철도 2호선,일반역,"","",2729000000
225,모란역,k0304,분당선,환승역,k0304+k0218,분당/8,4113000000
225,주례역,S2602,부산도시철도 2호선,일반역,"","",2653000000
225,주례역,S2602,부산도시철도 2호선,일반역,"","",2653000000
226,야탑역,k0304,분당선,일반역,"","",4113000000
226,두류,S2702,대구 도시철도 2호선,일반역,"","",2729000000
226,감전역,S2602,부산도시철도 2호선,일반역,"","",2653000000
226,감전역,S2602,부산도시철도 2호선,일반역,"","",2653000000
227,사상역,S2602,부산도시철도 2호선,환승역,S2602+L4801,부산도시철도 2호선+김해경전철,2653000000
227,사상역,S2602,부산도시철도 2호선,환승역,S2602+L4801,부산도시철도 2호선+김해경전철,2653000000
227,이매역,k0304,분당선,환승역,k0304+k0218,분당/경강,4113000000
227,내당,S2702,대구 도시철도 2호선,일반역,"","",2729000000
228,덕포역,S2602,부산도시철도 2호선,일반역,"","",2653000000
228,덕포역,S2602,부산도시철도 2호선,일반역,"","",2653000000
228,서현역,k0304,분당선,일반역,"","",4113000000
228,반고개,S2702,대구 도시철도 2호선,일반역,"","",2717000000
229,모덕역,S2602,부산도시철도 2호선,일반역,"","",2653000000
229,청라언덕,S2702,대구 도시철도 2호선,환승역,S2702+S2703,대구 도시철도 2호선 + 대구 도시철도 3호선,2711000000
229,모덕역,S2602,부산도시철도 2호선,일반역,"","",2653000000
229,수내역,k0304,분당선,일반역,"","",4113000000
230,모라역,S2602,부산도시철도 2호선,일반역,"","",2653000000
230,정자역,k0304,분당선,환승역,"",분당/신분당,4113000000
230,반월당,S2702,대구 도시철도 2호선,환승역,S2702+S2701,대구 도시철도 2호선 + 대구 도시철도 1호선,2711000000
230,모라역,S2602,부산도시철도 2호선,일반역,"","",2653000000
231,구남역,S2602,부산도시철도 2호선,일반역,"","",2632000000
231,미금역,k0304,분당선,일반역,"","",4113000000
231,구남역,S2602,부산도시철도 2호선,일반역,"","",2632000000
231,경대병원,S2702,대구 도시철도 2호선,일반역,"","",2711000000
232,구명역,S2602,부산도시철도 2호선,일반역,"","",2632000000
232,오리역,k0304,분당선,일반역,"","",4113000000
232,대구은행,S2702,대구 도시철도 2호선,일반역,"","",2726000000
232,구명역,S2602,부산도시철도 2호선,일반역,"","",2632000000
233,죽전역,k0304,분당선,일반역,"","",4146000000
233,덕천역(2호선),S2602,부산도시철도 2호선,환승역,S2602+S2603,부산도시철도 2호선+부산도시철도 3호선,2632000000
233,덕천역(2호선),S2602,부산도시철도 2호선,환승역,S2602+S2603,부산도시철도 2호선+부산도시철도 3호선,2632000000
233,범어,S2702,대구 도시철도 2호선,일반역,"","",2726000000
234,수정역,S2602,부산도시철도 2호선,일반역,"","",2632000000
234,보정역,k0304,분당선,일반역,"","",4146000000
234,수성구청,S2702,대구 도시철도 2호선,일반역,"","",2726000000
234,수정역,S2602,부산도시철도 2호선,일반역,"","",2632000000
235,화명역,S2602,부산도시철도 2호선,일반역,"","",2632000000
235,만촌,S2702,대구 도시철도 2호선,일반역,"","",2726000000
235,구성역,k0304,분당선,일반역,"","",4146000000
235,화명역,S2602,부산도시철도 2호선,일반역,"","",2632000000
236,율리역,S2602,부산도시철도 2호선,일반역,"","",2632000000
236,담티,S2702,대구 도시철도 2호선,일반역,"","",2726000000
236,율리역,S2602,부산도시철도 2호선,일반역,"","",2632000000
236,신갈역,k0304,분당선,일반역,"","",4146000000
237,동원역,S2602,부산도시철도 2호선,일반역,"","",2632000000
237,동원역,S2602,부산도시철도 2호선,일반역,"","",2632000000
237,연호,S2702,대구 도시철도 2호선,일반역,"","",2726000000
237,기흥역,k0304,분당선,환승역,k0304+k0218,분당/경전철,4146000000
238,금곡역,S2602,부산도시철도 2호선,일반역,"","",2632000000
238,대공원,S2702,대구 도시철도 2호선,일반역,"","",2726000000
238,상갈역,k0304,분당선,일반역,"","",4146000000
238,금곡역,S2602,부산도시철도 2호선,일반역,"","",2632000000
239,청명역,k0304,분당선,일반역,"","",4111000000
239,호포역,S4802,부산도시철도 2호선,일반역,"","",4833000000
239,호포역,S4802,부산도시철도 2호선,일반역,"","",4833000000
239,고산,S2702,대구 도시철도 2호선,일반역,"","",2726000000
240,영통역,k0304,분당선,일반역,"","",4111000000
240,신매,S2702,대구 도시철도 2호선,일반역,"","",2726000000
240,증산역,S4802,부산도시철도 2호선,일반역,"","",4833000000
240,증산역,S4802,부산도시철도 2호선,일반역,"","",4833000000
241,부산대양산캠퍼스역,S4802,부산도시철도 2호선,일반역,"","",4833000000
241,망포역,k0304,분당선,일반역,"","",4111000000
241,부산대양산캠퍼스역,S4802,부산도시철도 2호선,일반역,"","",4833000000
241,사월,S2702,대구 도시철도 2호선,일반역,"","",2726000000
242,정평,S2702,대구 도시철도 2호선,일반역,"","",4729000000
242,남양산역,S4802,부산도시철도 2호선,일반역,"","",4833000000
242,매탄권선역,k0304,분당선,일반역,"","",4111000000
242,남양산역,S4802,부산도시철도 2호선,일반역,"","",4833000000
243,임당,S2702,대구 도시철도 2호선,일반역,"","",4729000000
243,수원시청역,k0304,분당선,일반역,"","",4111000000
243,양산역,S4802,부산도시철도 2호선,일반역,"","",4833000000
243,양산역,S4802,부산도시철도 2호선,일반역,"","",4833000000
244,영남대,S2702,대구 도시철도 2호선,일반역,"","",4729000000
244,매교역,k0304,분당선,일반역,"","",4111000000
245,수원(분당)역,k0304,분당선,환승역,k0304+k0201,경부/분당,4111000000
246,고색,K2015,수인선,일반역,"","",4111000000
247,오목천,K2015,수인선,일반역,"","",4111000000
248,어천,K2015,수인선,일반역,"","",4159000000
249,야목,K2015,수인선,일반역,"","",4159000000
250,사리,K2015,수인선,일반역,"","",4127000000
251,한대앞,K2015,수인선,환승역,K2015,수인/4,4127000000
2511,방화,S1105,서울 도시철도 5호선,일반역,"","",1150000000
2512,개화산,S1105,서울 도시철도 5호선,일반역,"","",1150000000
2513,김포공항,S1105,서울 도시철도 5호선,환승역,S1109+I2801+I4103,서울 도시철도 1호선+공항선+김포골드라인,1150000000
2514,송정,S1105,서울 도시철도 5호선,일반역,"","",1150000000
2515,마곡,S1105,서울 도시철도 5호선,일반역,"","",1150000000
2516,발산,S1105,서울 도시철도 5호선,일반역,"","",1150000000
2517,우장산,S1105,서울 도시철도 5호선,일반역,"","",1150000000
2518,화곡,S1105,서울 도시철도 5호선,일반역,"","",1150000000
2519,까치산,S1105,서울 도시철도 5호선,환승역,S1102,서울 도시철도 2호선,1150000000
252,중앙,K2015,수인선,환승역,K2015,수인/4,4127000000
2520,신정,S1105,서울 도시철도 5호선,일반역,"","",1147000000
2521,목동,S1105,서울 도시철도 5호선,일반역,"","",1147000000
2522,오목교,S1105,서울 도시철도 5호선,일반역,"","",1147000000
2523,양평,S1105,서울 도시철도 5호선,일반역,"","",1156000000
2524,영등포구청,S1105,서울 도시철도 5호선,환승역,S1102,서울 도시철도 2호선,1156000000
2525,영등포시장,S1105,서울 도시철도 5호선,일반역,"","",1156000000
2526,신길,S1105,서울 도시철도 5호선,환승역,S1101,서울 도시철도 1호선,1156000000
2527,여의도,S1105,서울 도시철도 5호선,환승역,S1109,서울 도시철도 9호선,1156000000
2528,여의나루,S1105,서울 도시철도 5호선,일반역,"","",1156000000
2529,마포,S1105,서울 도시철도 5호선,일반역,"","",1144000000
253,고잔,K2015,수인선,환승역,K2015,수인/4,4127000000
2530,공덕,S1105,서울 도시철도 5호선,환승역,S1106+I4107+I2801,서울 도시철도 6호선+경의중앙선+공항선,1144000000
2531,애오개,S1105,서울 도시철도 5호선,일반역,"","",1144000000
2532,충정로,S1105,서울 도시철도 5호선,환승역,S1102,서울 도시철도 2호선,1141000000
2533,서대문,S1105,서울 도시철도 5호선,일반역,"","",1111000000
2534,광화문,S1105,서울 도시철도 5호선,일반역,"","",1111000000
2535,종로3가,S1105,서울 도시철도 5호선,환승역,S1101+S1105,서울 도시철도 1호선+서울 도시철도 5호선,1111000000
2536,을지로4가,S1105,서울 도시철도 5호선,환승역,S1102,서울 도시철도 2호선,1114000000
2537,동대문역사문화공원,S1105,서울 도시철도 5호선,환승역,S1104+S1105,서울 도시철도 4호선+서울 도시철도 5호선,1114000000
2538,청구,S1105,서울 도시철도 5호선,환승역,S1106,서울 도시철도 6호선,1114000000
2539,신금호,S1105,서울 도시철도 5호선,일반역,"","",1120000000
254,초지,K2015,수인선,환승역,K2015,수인/4,4127000000
2540,행당,S1105,서울 도시철도 5호선,일반역,"","",1120000000
2541,왕십리,S1105,서울 도시철도 5호선,환승역,S1102+I4105+I4107,서울 도시철도 2호선+분당선+경의중앙선,1120000000
2542,마장,S1105,서울 도시철도 5호선,일반역,"","",1120000000
2543,답십리,S1105,서울 도시철도 5호선,일반역,"","",1120000000
2544,장한평,S1105,서울 도시철도 5호선,일반역,"","",1123000000
2545,군자,S1105,서울 도시철도 5호선,환승역,S1107,서울 도시철도 7호선,1121500000
2546,아차산,S1105,서울 도시철도 5호선,일반역,"","",1121500000
2547,광나루,S1105,서울 도시철도 5호선,일반역,"","",1121500000
2548,천호,S1105,서울 도시철도 5호선,일반역,"","",1174000000
2549,강동,S1105,서울 도시철도 5호선,일반역,"","",1174000000
255,안산,K2015,수인선,환승역,K2015,수인/4,4127000000
2550,길동,S1105,서울 도시철도 5호선,일반역,"","",1174000000
2551,굽은다리,S1105,서울 도시철도 5호선,일반역,"","",1174000000
2552,명일,S1105,서울 도시철도 5호선,일반역,"","",1174000000
2553,고덕,S1105,서울 도시철도 5호선,일반역,"","",1174000000
2554,상일동,S1105,서울 도시철도 5호선,일반역,"","",1174000000
2555,둔촌동,S1105,서울 도시철도 5호선,일반역,"","",1174000000
2556,올림픽공원,S1105,서울 도시철도 5호선,환승역,S1109,서울 도시철도 9호선,1171000000
2557,방이,S1105,서울 도시철도 5호선,일반역,"","",1171000000
2558,오금,S1105,서울 도시철도 5호선,환승역,S1103,서울 도시철도 3호선,1171000000
2559,개롱,S1105,서울 도시철도 5호선,일반역,"","",1171000000
256,신길온천,K2015,수인선,환승역,K2015,수인/4,4127000000
2560,거여,S1105,서울 도시철도 5호선,일반역,"","",1171000000
2561,마천,S1105,서울 도시철도 5호선,일반역,"","",1171000000
257,정왕,K2015,수인선,환승역,K2015,수인/4,4127000000
258,오이도,K2015,수인선,환승역,K2015,수인/4,4139000000
259,달월역,K2015,수인선,일반역,"","",4139000000
260,월곶역,K2015,수인선,일반역,"","",4139000000
261,소래포구역,K2015,수인선,일반역,"","",2820000000
2611,응암,S1106,서울 도시철도 6호선,일반역,"","",1138000000
2612,역촌,S1106,서울 도시철도 6호선,일반역,"","",1138000000
2613,불광,S1106,서울 도시철도 6호선,환승역,S1103,서울 도시철도 3호선,1138000000
2614,독바위,S1106,서울 도시철도 6호선,일반역,"","",1138000000
2615,연신내,S1106,서울 도시철도 6호선,환승역,S1103,서울 도시철도 3호선,1138000000
2616,구산,S1106,서울 도시철도 6호선,일반역,"","",1138000000
2617,새절,S1106,서울 도시철도 6호선,일반역,"","",1138000000
2618,증산,S1106,서울 도시철도 6호선,일반역,"","",1138000000
2619,디지털미디어시티,S1106,서울 도시철도 6호선,환승역,I4107+I2801,경의중앙선+공항선,1138000000
262,인천논현역,K2015,수인선,일반역,"","",2820000000
2620,월드컵경기장,S1106,서울 도시철도 6호선,일반역,"","",1144000000
2621,마포구청,S1106,서울 도시철도 6호선,일반역,"","",1144000000
2622,망원,S1106,서울 도시철도 6호선,일반역,"","",1144000000
2623,합정,S1106,서울 도시철도 6호선,환승역,S1102,서울 도시철도 2호선,1144000000
2624,상수,S1106,서울 도시철도 6호선,일반역,"","",1144000000
2625,광흥창,S1106,서울 도시철도 6호선,일반역,"","",1144000000
2626,대흥,S1106,서울 도시철도 6호선,일반역,"","",1144000000
2627,공덕,S1106,서울 도시철도 6호선,환승역,S1105+I4107+I2801,서울 도시철도 5호선+경의중앙선+공항선,1144000000
2628,효창공원앞,S1106,서울 도시철도 6호선,환승역,I4107,경의중앙선,1117000000
2629,삼각지,S1106,서울 도시철도 6호선,환승역,S1104,서울 도시철도 4호선,1117000000
263,호구포역,K2015,수인선,일반역,"","",2820000000
2630,녹사평,S1106,서울 도시철도 6호선,일반역,"","",1117000000
2631,이태원,S1106,서울 도시철도 6호선,일반역,"","",1117000000
2632,한강진,S1106,서울 도시철도 6호선,일반역,"","",1117000000
2633,버티고개,S1106,서울 도시철도 6호선,일반역,"","",1114000000
2634,약수,S1106,서울 도시철도 6호선,환승역,S1103,서울 도시철도 3호선,1114000000
2635,청구,S1106,서울 도시철도 6호선,환승역,S1105,서울 도시철도 5호선,1114000000
2636,신당,S1106,서울 도시철도 6호선,환승역,S1102,서울 도시철도 2호선,1114000000
2637,동묘앞,S1106,서울 도시철도 6호선,환승역,S1101,서울 도시철도 1호선,1111000000
2638,창신,S1106,서울 도시철도 6호선,일반역,"","",1111000000
2639,보문,S1106,서울 도시철도 6호선,환승역,"",우이신설,1129000000
264,남동인더스파크역,K2015,수인선,일반역,"","",2820000000
2640,안암,S1106,서울 도시철도 6호선,일반역,"","",1129000000
2641,고려대,S1106,서울 도시철도 6호선,일반역,"","",1129000000
2642,월곡,S1106,서울 도시철도 6호선,일반역,"","",1129000000
2643,상월곡,S1106,서울 도시철도 6호선,일반역,"","",1129000000
2644,돌곶이,S1106,서울 도시철도 6호선,일반역,"","",1129000000
2645,석계,S1106,서울 도시철도 6호선,환승역,S1101,서울 도시철도 1호선,1135000000
2646,태릉입구,S1106,서울 도시철도 6호선,환승역,S1107,서울 도시철도 7호선,1135000000
2647,화랑대,S1106,서울 도시철도 6호선,일반역,"","",1135000000
2648,봉화산,S1106,서울 도시철도 6호선,일반역,"","",1126000000
2649,신내,S1106,서울 도시철도 6호선,환승역,I4109,경춘선,1126000000
265,원인재역,K2015,수인선,환승역,K2015,수인/인천1,2818500000
266,연수역,K2015,수인선,일반역,"","",2818500000
267,송도역,K2015,수인선,일반역,"","",2818500000
269,인하대역,K2015,수인선,일반역,"","",2817700000
270,숭의역,K2015,수인선,일반역,"","",2817700000
271,신포역,K2015,수인선,일반역,"","",2811000000
2711,장암,S1107,서울 도시철도 7호선,일반역,"","",4115000000
2712,도봉산,S1107,서울 도시철도 7호선,환승역,S1101,서울 도시철도 1호선,1132000000
2713,수락산,S1107,서울 도시철도 7호선,일반역,"","",1135000000
2714,마들,S1107,서울 도시철도 7호선,일반역,"","",1135000000
2715,노원,S1107,서울 도시철도 7호선,환승역,S1104,서울 도시철도 4호선,1135000000
2716,중계,S1107,서울 도시철도 7호선,일반역,"","",1135000000
2717,하계,S1107,서울 도시철도 7호선,일반역,"","",1135000000
2718,공릉,S1107,서울 도시철도 7호선,일반역,"","",1135000000
2719,태릉입구,S1107,서울 도시철도 7호선,환승역,S1106,서울 도시철도 6호선,1135000000
272,인천,K2015,수인선,환승역,k0301+k2015,경인/수인,2811000000
2720,먹골,S1107,서울 도시철도 7호선,일반역,"","",1126000000
2721,중화,S1107,서울 도시철도 7호선,일반역,"","",1126000000
2722,상봉,S1107,서울 도시철도 7호선,환승역,I4107+I4109,경의중앙선+경춘선,1126000000
2723,면목,S1107,서울 도시철도 7호선,일반역,"","",1126000000
2724,사가정,S1107,서울 도시철도 7호선,일반역,"","",1126000000
2725,용마산,S1107,서울 도시철도 7호선,일반역,"","",1126000000
2726,중곡,S1107,서울 도시철도 7호선,일반역,"","",1121500000
2727,군자,S1107,서울 도시철도 7호선,환승역,S1105,서울 도시철도 5호선,1121500000
2728,어린이대공원,S1107,서울 도시철도 7호선,일반역,"","",1121500000
2729,건대입구,S1107,서울 도시철도 7호선,환승역,S1102,서울 도시철도 2호선,1121500000
2730,뚝섬유원지,S1107,서울 도시철도 7호선,일반역,"","",1121500000
2731,청담,S1107,서울 도시철도 7호선,일반역,"","",1168000000
2732,강남구청,S1107,서울 도시철도 7호선,환승역,I4105,분당선,1168000000
2733,학동,S1107,서울 도시철도 7호선,일반역,"","",1168000000
2734,논현,S1107,서울 도시철도 7호선,일반역,"","",1168000000
2735,반포,S1107,서울 도시철도 7호선,일반역,"","",1165000000
2736,고속터미널,S1107,서울 도시철도 7호선,환승역,S1103+S1109,서울 도시철도 3호선+서울 도시철도 9호선,1165000000
2737,내방,S1107,서울 도시철도 7호선,일반역,"","",1165000000
2738,이수,S1107,서울 도시철도 7호선,환승역,S1104,서울 도시철도 4호선,1159000000
2739,남성,S1107,서울 도시철도 7호선,일반역,"","",1159000000
2740,숭실대입구,S1107,서울 도시철도 7호선,일반역,"","",1159000000
2741,상도,S1107,서울 도시철도 7호선,일반역,"","",1159000000
2742,장승배기,S1107,서울 도시철도 7호선,일반역,"","",1159000000
2743,신대방삼거리,S1107,서울 도시철도 7호선,일반역,"","",1159000000
2744,보라매,S1107,서울 도시철도 7호선,일반역,"","",1159000000
2745,신풍,S1107,서울 도시철도 7호선,일반역,"","",1156000000
2746,대림,S1107,서울 도시철도 7호선,환승역,S1102,서울 도시철도 2호선,1156000000
2747,남구로,S1107,서울 도시철도 7호선,일반역,"","",1153000000
2748,가산디지털단지,S1107,서울 도시철도 7호선,환승역,S1101,서울 도시철도 1호선,1154500000
2749,철산,S1107,서울 도시철도 7호선,일반역,"","",4121000000
2750,광명사거리,S1107,서울 도시철도 7호선,일반역,"","",4121000000
2751,천왕,S1107,서울 도시철도 7호선,일반역,"","",1153000000
2752,온수,S1107,서울 도시철도 7호선,환승역,S1101,서울 도시철도 1호선,1153000000
2753,까치울,S1107,서울 도시철도 7호선,일반역,"","",4119000000
2754,부천종합운동장,S1107,서울 도시철도 7호선,일반역,"","",4119000000
2755,춘의,S1107,서울 도시철도 7호선,일반역,"","",4119000000
2756,신중동,S1107,서울 도시철도 7호선,일반역,"","",4119000000
2757,부천시청,S1107,서울 도시철도 7호선,일반역,"","",4119000000
2758,상동,S1107,서울 도시철도 7호선,일반역,"","",4119000000
2759,삼산체육관,S1107,서울 도시철도 7호선,일반역,"","",2823700000
2760,굴포천,S1107,서울 도시철도 7호선,일반역,"","",2823700000
2761,부평구청,S1107,서울 도시철도 7호선,환승역,S2801,인천 도시철도 1호선,2823700000
2811,암사,S1108,서울 도시철도 8호선,일반역,"","",1174000000
2812,천호,S1108,서울 도시철도 8호선,환승역,S1105,서울 도시철도 5호선,1174000000
2813,강동구청,S1108,서울 도시철도 8호선,일반역,"","",1174000000
2814,몽촌토성,S1108,서울 도시철도 8호선,일반역,"","",1171000000
2815,잠실,S1108,서울 도시철도 8호선,환승역,S1102,서울 도시철도 2호선,1171000000
2816,석촌,S1108,서울 도시철도 8호선,환승역,S1109,서울 도시철도 9호선,1171000000
2817,송파,S1108,서울 도시철도 8호선,일반역,"","",1171000000
2818,가락시장,S1108,서울 도시철도 8호선,환승역,S1103,서울 도시철도 3호선,1171000000
2819,문정,S1108,서울 도시철도 8호선,일반역,"","",1171000000
2820,장지,S1108,서울 도시철도 8호선,일반역,"","",1171000000
2821,복정,S1108,서울 도시철도 8호선,환승역,I4105,분당선,1171000000
2822,산성,S1108,서울 도시철도 8호선,일반역,"","",4113000000
2823,남한산성입구,S1108,서울 도시철도 8호선,일반역,"","",4113000000
2824,단대오거리,S1108,서울 도시철도 8호선,일반역,"","",4113000000
2825,신흥,S1108,서울 도시철도 8호선,일반역,"","",4113000000
2826,수진,S1108,서울 도시철도 8호선,일반역,"","",4113000000
2827,모란,S1108,서울 도시철도 8호선,환승역,I4105,분당선,4113000000
301,수영역(3호선),S2603,부산도시철도 3호선,환승역,S2603+S2602,부산도시철도 3호선+부산도시철도 2호선,2650000000
302,망미역,S2603,부산도시철도 3호선,일반역,"","",2650000000
303,배산역,S2603,부산도시철도 3호선,일반역,"","",2647000000
304,물만골역,S2603,부산도시철도 3호선,일반역,"","",2647000000
305,연산역(3호선),S2603,부산도시철도 3호선,환승역,S2603+S2601,부산도시철도 3호선+부산도시철도 1호선,2647000000
306,거제역,S2603,부산도시철도 3호선,일반역,"","",2647000000
307,종합운동장역,S2603,부산도시철도 3호선,일반역,"","",2647000000
308,사직역,S2603,부산도시철도 3호선,일반역,"","",2626000000
309,대화역,k0305,일산선,일반역,"","",4128000000
309,미남역(3호선),S2603,부산도시철도 3호선,환승역,S2603+S2604,부산도시철도 3호선+부산도시철도 4호선,2626000000
310,주엽역,k0305,일산선,일반역,"","",4128000000
310,만덕역,S2603,부산도시철도 3호선,일반역,"","",2632000000
311,효창공원앞역,k2031,경의중앙선,환승역,"",경의중앙/6,1117000000
311,남산정역,S2603,부산도시철도 3호선,일반역,"","",2632000000
311,정발산역,k0305,일산선,일반역,"","",4128000000
3110,계양,S2801,인천지하철 1호선,환승역,I2801+S2801,공항철도,2824500000
3111,귤현,S2801,인천지하철 1호선,일반역,-,-,2824500000
3112,박촌,S2801,인천지하철 1호선,일반역,-,-,2824500000
3113,임학,S2801,인천지하철 1호선,일반역,-,-,2824500000
3114,계산,S2801,인천지하철 1호선,일반역,-,-,2824500000
3115,경인교대입구,S2801,인천지하철 1호선,일반역,-,-,2824500000
3116,작전,S2801,인천지하철 1호선,일반역,-,-,2824500000
3117,갈산,S2801,인천지하철 1호선,일반역,-,-,2823700000
3118,부평구청,S2801,인천지하철 1호선,환승역,I2801+S1107,7호선,2823700000
3119,부평시장,S2801,인천지하철 1호선,일반역,-,-,2823700000
312,숙등역,S2603,부산도시철도 3호선,일반역,"","",2632000000
312,칠곡경대병원,S2703,대구 도시철도 3호선,일반역,"","",2723000000
312,마두역,k0305,일산선,일반역,"","",4128000000
312,공덕역,k0203,경의중앙선,환승역,"",5/6/경의중앙,1144000000
3120,부평,S2801,인천지하철 1호선,환승역,I2801+I1101,1호선,2823700000
3121,동수,S2801,인천지하철 1호선,일반역,-,-,2823700000
3122,부평삼거리,S2801,인천지하철 1호선,일반역,-,-,2823700000
3123,간석오거리,S2801,인천지하철 1호선,일반역,-,-,2820000000
3124,인천시청,S2801,인천지하철 1호선,일반역,-,-,2820000000
3125,예술회관,S2801,인천지하철 1호선,일반역,-,-,2820000000
3126,인천터미널,S2801,인천지하철 1호선,일반역,-,-,2817700000
3127,문학경기장,S2801,인천지하철 1호선,일반역,-,-,2818500000
3128,선학,S2801,인천지하철 1호선,일반역,-,-,2818500000
3129,신연수,S2801,인천지하철 1호선,일반역,-,-,2818500000
313,서강대역,k0203,경의중앙선,일반역,"","",1144000000
313,덕천역(3호선),S2603,부산도시철도 3호선,환승역,S2603+S2602,부산도시철도 3호선+부산도시철도 2호선,2632000000
313,학 정,S2703,대구 도시철도 3호선,일반역,"","",2723000000
313,서울역(경의선),k0203,경의중앙선,환승역,"",경의/1/4,1117000000
313,백석역,k0305,일산선,일반역,"","",4128000000
3130,원인재,S2801,인천지하철 1호선,환승역,I2801+I2802,수인선,2818500000
3131,동춘,S2801,인천지하철 1호선,일반역,-,-,2818500000
3132,동막,S2801,인천지하철 1호선,일반역,-,-,2818500000
3133,캠퍼스타운,S2801,인천지하철 1호선,일반역,-,-,2818500000
3134,테크노파크,S2801,인천지하철 1호선,일반역,-,-,2818500000
3135,지식정보단지,S2801,인천지하철 1호선,일반역,-,-,2818500000
3136,인천대입구,S2801,인천지하철 1호선,일반역,-,-,2818500000
3137,센트럴파크,S2801,인천지하철 1호선,일반역,-,-,2818500000
3138,국제업무지구,S2801,인천지하철 1호선,일반역,-,-,2818500000
314,신촌역,k0203,경의중앙선,일반역,"","",1141000000
314,구포역,S2603,부산도시철도 3호선,일반역,"","",2632000000
314,홍대입구역,k2031,경의중앙선,환승역,"",2/공항/경의중앙,1144000000
314,팔 거,S2703,대구 도시철도 3호선,일반역,"","",2723000000
315,강서구청역,S2603,부산도시철도 3호선,일반역,"","",2644000000
315,가좌역,k0203,경의중앙선,환승역,"","",1141000000
315,화정역,k0305,일산선,일반역,"","",4128000000
315,동 천,S2703,대구 도시철도 3호선,일반역,"","",2723000000
316,원당역,k0305,일산선,일반역,"","",4128000000
316,디지털미디어시티역,k0203,경의중앙선,환승역,"",6/공항/경의중앙,1138000000
316,체육공원역,S2603,부산도시철도 3호선,일반역,"","",2644000000
316,칠곡운암,S2703,대구 도시철도 3호선,일반역,"","",2723000000
317,원흥역,k0305,일산선,일반역,"","",4128000000
317,대저역,S2603,부산도시철도 3호선,일반역,"","",2644000000
317,수색역,k0203,경의중앙선,일반역,"","",1138000000
317,구 암,S2703,대구 도시철도 3호선,일반역,"","",2723000000
318,삼송역,k0305,일산선,일반역,"","",4128000000
318,화전역,k0203,경의중앙선,일반역,"","",4128000000
318,태 전,S2703,대구 도시철도 3호선,일반역,"","",2723000000
319,매 천,S2703,대구 도시철도 3호선,일반역,"","",2723000000
319,강매역,k0203,경의중앙선,일반역,"","",4128000000
319,지축역,k0305,일산선,일반역,"","",4128000000
320,매천시장,S2703,대구 도시철도 3호선,일반역,"","",2723000000
320,행신역,k0203,경의중앙선,일반역,"","",4128000000
3201,검단오류,S2802,인천지하철 2호선,일반역,-,-,2826000000
3202,왕길,S2802,인천지하철 2호선,일반역,-,-,2826000000
3203,검단사거리,S2802,인천지하철 2호선,일반역,-,-,2826000000
3204,마전,S2802,인천지하철 2호선,일반역,-,-,2826000000
3205,완정,S2802,인천지하철 2호선,일반역,-,-,2826000000
3206,독정,S2802,인천지하철 2호선,일반역,-,-,2826000000
3207,검암,S2802,인천지하철 2호선,환승역,I2802+S2801,공항철도,2826000000
3208,검바위,S2802,인천지하철 2호선,일반역,-,-,2826000000
3209,아시아드경기장,S2802,인천지하철 2호선,일반역,-,-,2826000000
321,능곡역,k0203,경의중앙선,일반역,"","",4128000000
321,팔 달,S2703,대구 도시철도 3호선,일반역,"","",2723000000
3210,서구청,S2802,인천지하철 2호선,일반역,-,-,2826000000
3211,가정(루원시티),S2802,인천지하철 2호선,일반역,-,-,2826000000
3212,가정중앙시장,S2802,인천지하철 2호선,일반역,-,-,2826000000
3213,석남(거북시장),S2802,인천지하철 2호선,일반역,-,-,2826000000
3214,서부여성회관,S2802,인천지하철 2호선,일반역,-,-,2826000000
3215,인천가좌,S2802,인천지하철 2호선,일반역,-,-,2826000000
3216,가재울,S2802,인천지하철 2호선,일반역,-,-,2826000000
3217,주안국가산단,S2802,인천지하철 2호선,일반역,-,-,2826000000
3218,주안,S2802,인천지하철 2호선,환승역,I2802+I1101,경인선,2817700000
3219,시민공원,S2802,인천지하철 2호선,일반역,-,-,2817700000
322,대곡역,k0203,경의중앙선,환승역,k0203+k0305,일산/경의중앙,4128000000
322,공 단,S2703,대구 도시철도 3호선,일반역,"","",2723000000
3220,석바위시장,S2802,인천지하철 2호선,일반역,-,-,2817700000
3221,인천시청,S2802,인천지하철 2호선,환승역,I2802+I2801,인천1호선,2820000000
3222,석천사거리,S2802,인천지하철 2호선,일반역,-,-,2820000000
3223,모래내시장,S2802,인천지하철 2호선,일반역,-,-,2820000000
3224,만수,S2802,인천지하철 2호선,일반역,-,-,2820000000
3225,남동구청,S2802,인천지하철 2호선,일반역,-,-,2820000000
3226,인천대공원,S2802,인천지하철 2호선,일반역,-,-,2820000000
3227,운연,S2802,인천지하철 2호선,일반역,-,-,2820000000
323,만 평,S2703,대구 도시철도 3호선,일반역,"","",2723000000
323,곡산역,k0203,경의중앙선,일반역,"","",4128000000
324,팔달시장,S2703,대구 도시철도 3호선,일반역,"","",2723000000
324,백마역,k0203,경의중앙선,일반역,"","",4128000000
325,풍산역,k0203,경의중앙선,일반역,"","",4128000000
325,원 대,S2703,대구 도시철도 3호선,일반역,"","",2717000000
326,일산역,k0203,경의중앙선,일반역,"","",4128000000
326,북구청,S2703,대구 도시철도 3호선,일반역,"","",2717000000
327,탄현역,k0203,경의중앙선,일반역,"","",4128000000
327,달성공원,S2703,대구 도시철도 3호선,일반역,"","",2711000000
328,서문시장,S2703,대구 도시철도 3호선,일반역,"","",2711000000
328,야당역,k0203,경의중앙선,일반역,"","",4148000000
329,운정역,k0203,경의중앙선,일반역,"","",4148000000
329,청라언덕,S2703,대구 도시철도 3호선,환승역,S2703+S2702,대구 도시철도 3호선 + 대구 도시철도 2호선,2711000000
330,금릉역,k0203,경의중앙선,일반역,"","",4148000000
330,남 산,S2703,대구 도시철도 3호선,일반역,"","",2711000000
331,명 덕,S2703,대구 도시철도 3호선,환승역,S2703+S2701,대구 도시철도 3호선 + 대구 도시철도 1호선,2720000000
331,금촌역,k0203,경의중앙선,일반역,"","",4148000000
332,건들바위,S2703,대구 도시철도 3호선,일반역,"","",2720000000
333,월롱역,k0203,경의중앙선,일반역,"","",4148000000
333,대봉교,S2703,대구 도시철도 3호선,일반역,"","",2720000000
334,수성시장,S2703,대구 도시철도 3호선,일반역,"","",2726000000
334,파주역,k0203,경의중앙선,일반역,"","",4148000000
335,수성구민운동장,S2703,대구 도시철도 3호선,일반역,"","",2726000000
335,문산역,k0203,경의중앙선,일반역,"","",4148000000
336,임진강역,k0203,경의중앙선,일반역,"","",4148000000
336,어린이회관,S2703,대구 도시철도 3호선,일반역,"","",2726000000
337,황 금,S2703,대구 도시철도 3호선,일반역,"","",2726000000
338,수성못,S2703,대구 도시철도 3호선,일반역,"","",2726000000
339,지 산,S2703,대구 도시철도 3호선,일반역,"","",2726000000
340,범 물,S2703,대구 도시철도 3호선,일반역,"","",2726000000
341,용 지,S2703,대구 도시철도 3호선,일반역,"","",2726000000
401,미남역(4호선),S2604,부산도시철도 4호선,환승역,S2604+S2603,부산도시철도 4호선+부산도시철도 3호선,2626000000
402,동래역(4호선),S2604,부산도시철도 4호선,환승역,S2604+S2601,부산도시철도 4호선+부산도시철도 1호선,2626000000
403,수안역,S2604,부산도시철도 4호선,일반역,"","",2626000000
404,낙민역,S2604,부산도시철도 4호선,일반역,"","",2626000000
405,충렬사역,S2604,부산도시철도 4호선,일반역,"","",2626000000
406,명장역,S2604,부산도시철도 4호선,일반역,"","",2626000000
407,서동역,S2604,부산도시철도 4호선,일반역,"","",2641000000
408,금사역,S2604,부산도시철도 4호선,일반역,"","",2641000000
409,반여농산물시장역,S2604,부산도시철도 4호선,일반역,"","",2635000000
410,부전역,k0211,동해선,일반역,"","",2623000000
410,석대역,S2604,부산도시철도 4호선,일반역,"","",2635000000
410,판교역,k0218,경강선,환승역,k0304+k0218,경강/신분당,4113000000
411,거제해맞이역,k0211,동해선,환승역,"",부산지하철3호선,2647000000
411,영산대역,S2604,부산도시철도 4호선,일반역,"","",2635000000
412,삼동역,k0218,경강선,일반역,"","",4161000000
412,동부산대학역,S2604,부산도시철도 4호선,일반역,"","",2635000000
412,거제역,k0211,동해선,일반역,"","",2647000000
4126,언주,S1109,서울 도시철도 9호선,일반역,"","",1168000000
4127,선정릉,S1109,서울 도시철도 9호선,환승역,I4105,분당선,1168000000
4128,삼성중앙,S1109,서울 도시철도 9호선,일반역,"","",1168000000
4129,봉은사,S1109,서울 도시철도 9호선,일반역,"","",1168000000
413,고촌역,S2604,부산도시철도 4호선,일반역,"","",2671000000
413,경기광주역,k0218,경강선,일반역,"","",4161000000
413,교대역,k0211,동해선,환승역,"",부산지하철1호선,2647000000
4130,종합운동장,S1109,서울 도시철도 9호선,환승역,S1102,서울 도시철도 2호선,1171000000
4131,삼전,S1109,서울 도시철도 9호선,일반역,"","",1171000000
4132,석촌고분,S1109,서울 도시철도 9호선,일반역,"","",1171000000
4133,석촌,S1109,서울 도시철도 9호선,환승역,S1108,서울 도시철도 8호선,1171000000
4134,송파나루,S1109,서울 도시철도 9호선,일반역,"","",1171000000
4135,한성백제,S1109,서울 도시철도 9호선,일반역,"","",1171000000
4136,올림픽공원,S1109,서울 도시철도 9호선,환승역,S1105,서울 도시철도 5호선,1171000000
4137,둔촌오륜,S1109,서울 도시철도 9호선,일반역,"","",1171000000
4138,중앙보훈병원,S1109,서울 도시철도 9호선,일반역,"","",1174000000
414,초월역,k0218,경강선,일반역,"","",4161000000
414,안평역,S2604,부산도시철도 4호선,일반역,"","",2671000000
414,동래역,k0211,동해선,일반역,"","",2626000000
415,안락역,k0211,동해선,일반역,"","",2626000000
415,곤지암역,k0218,경강선,일반역,"","",4161000000
416,신둔도예촌역,k0218,경강선,일반역,"","",4150000000
417,재송역,k0211,동해선,일반역,"","",2635000000
417,이천역,k0218,경강선,일반역,"","",4150000000
418,센텀역,k0211,동해선,일반역,"","",2635000000
418,부발역,k0218,경강선,일반역,"","",4150000000
419,벡스코역,k0211,동해선,환승역,"",부산지하철2호선,2635000000
419,세종대왕릉역,k0218,경강선,일반역,"","",4167000000
420,여주역,k0218,경강선,일반역,"","",4167000000
420,신해운대역,k0211,동해선,일반역,"","",2635000000
421,송정역,k0211,동해선,일반역,"","",2635000000
422,오시리아역,k0211,동해선,일반역,"","",2671000000
423,기장역,k0211,동해선,일반역,"","",2671000000
424,일광역,k0211,동해선,일반역,"","",2671000000
435,선바위역,k0303,과천선,일반역,"","",4129000000
436,경마공원역,k0303,과천선,일반역,"","",4129000000
437,대공원역,k0303,과천선,일반역,"","",4129000000
438,과천역,k0303,과천선,일반역,"","",4129000000
439,정부과천청사역,k0303,과천선,일반역,"","",4129000000
440,인덕원역,k0303,과천선,일반역,"","",4117000000
441,평촌역,k0303,과천선,일반역,"","",4117000000
442,범계역,k0303,과천선,일반역,"","",4117000000
444,산본역,k0302,안산선,일반역,"","",4141000000
445,수리산역,k0302,안산선,일반역,"","",4141000000
446,대야미역,k0302,안산선,일반역,"","",4141000000
447,반월역,k0302,안산선,일반역,"","",4127000000
448,상록수역,k0302,안산선,일반역,"","",4127000000
449,한대앞역,k0302,안산선,일반역,"","",4127000000
450,중앙역,k0302,안산선,일반역,"","",4127000000
451,고잔역,k0302,안산선,일반역,"","",4127000000
452,초지역,k0302,안산선,일반역,"","",4127000000
453,안산역,k0302,안산선,일반역,"","",4127000000
454,신길온천역,k0302,안산선,일반역,"","",4127000000
455,정왕역,k0302,안산선,일반역,"","",4139000000
456,오이도역,k0302,안산선,환승역,k0302+k2015,안산/수인,4139000000
555,미사역,S1105,지하철하남선,일반역,N,N,4145000000
556,하남풍산역,S1105,지하철하남선,일반역,N,N,4145000000
95,다대포해수욕장,S2601,부산도시철도 1호선,일반역,"","",2638000000
96,다대포항역,S2601,부산도시철도 1호선,일반역,"","",2638000000
97,낫개역,S2601,부산도시철도 1호선,일반역,"","",2638000000
98,신장림역,S2601,부산도시철도 1호선,일반역,"","",2638000000
99,장림역,S2601,부산도시철도 1호선,일반역,"","",2638000000
U110,발곡,L4101,의정부경전철,일반역,"","",4115000000
U110,발곡,L4101,의정부경전철,일반역,-,-,4115000000
U111,회룡,L4101,의정부경전철,환승역,S1101+L4101,서울도시철도1호선+의정부경전철,4115000000
U111,회룡,L4101,의정부경전철,환승역,S1101+L4101,서울도시철도1호선+의정부경전철,4115000000
U112,범골,L4101,의정부경전철,일반역,-,-,4115000000
U112,범골,L4101,의정부경전철,일반역,"","",4115000000
U113,경전철의정부,L4101,의정부경전철,일반역,"","",4115000000
U113,경전철의정부,L4101,의정부경전철,일반역,-,-,4115000000
U114,의정부시청,L4101,의정부경전철,일반역,-,-,4115000000
U114,의정부시청,L4101,의정부경전철,일반역,"","",4115000000
U115,흥선,L4101,의정부경전철,일반역,-,-,4115000000
U115,흥선,L4101,의정부경전철,일반역,"","",4115000000
U117,의정부중앙,L4101,의정부경전철,일반역,-,-,4115000000
U117,의정부중앙,L4101,의정부경전철,일반역,"","",4115000000
U118,동오,L4101,의정부경전철,일반역,-,-,4115000000
U118,동오,L4101,의정부경전철,일반역,"","",4115000000
U119,새말,L4101,의정부경전철,일반역,"","",4115000000
U119,새말,L4101,의정부경전철,일반역,-,-,4115000000
U120,경기도청북부청사,L4101,의정부경전철,일반역,"","",4115000000
U120,경기도청북부청사,L4101,의정부경전철,일반역,-,-,4115000000
U121,효자,L4101,의정부경전철,일반역,"","",4115000000
U121,효자,L4101,의정부경전철,일반역,-,-,4115000000
U122,곤제,L4101,의정부경전철,일반역,-,-,4115000000
U122,곤제,L4101,의정부경전철,일반역,"","",4115000000
U123,어룡,L4101,의정부경전철,일반역,"","",4115000000
U123,어룡,L4101,의정부경전철,일반역,-,-,4115000000
U124,송산,L4101,의정부경전철,일반역,-,-,4115000000
U124,송산,L4101,의정부경전철,일반역,"","",4115000000
U125,탑석,L4101,의정부경전철,일반역,"","",4115000000
U125,탑석,L4101,의정부경전철,일반역,-,-,4115000000
Y110,기흥역,T4101,에버라인,환승역,K237,기흥역,4146000000
Y111,강남대역,T4101,에버라인,일반역,"","",4146000000
Y112,지석역,T4101,에버라인,일반역,"","",4146000000
Y113,어정역,T4101,에버라인,일반역,"","",4146000000
Y114,동백역,T4101,에버라인,일반역,"","",4146000000
Y115,초당역,T4101,에버라인,일반역,"","",4146000000
Y116,삼가역,T4101,에버라인,일반역,"","",4146000000
Y117,시청-용인대역,T4101,에버라인,일반역,"","",4146000000
Y118,명지대역,T4101,에버라인,일반역,"","",4146000000
Y119,김량장역,T4101,에버라인,일반역,"","",4146000000
Y120,운동장-송담대역,T4101,에버라인,일반역,"","",4146000000
Y121,고진역,T4101,에버라인,일반역,"","",4146000000
Y122,보평역,T4101,에버라인,일반역,"","",4146000000
Y123,둔전역,T4101,에버라인,일반역,"","",4146000000
Y124,전대-에버랜드역,T4101,에버라인,일반역,"","",4146000000
